portfolio,n_tickers,years,port_cagr,gspc_cagr,beat_index,tickers
01_chronic_passers,5,41.6,12.44,9.40,True,CMCSA CSX EXC GIS INTC
02_occasional_passers,11,41.6,13.70,9.40,True,ADP BMY CAT CHD CLX COP DE HAL JNJ LOW MSI
03_buffett_actual_picks,6,41.6,16.89,9.40,True,KO AXP WFC IBM AAPL BAC
04_brk_13f_recent_top,11,41.6,15.43,9.40,True,AAPL AXP BAC KO CVX OXY C HPQ VZ USB WFC
05_tech,6,41.6,17.90,9.40,True,AAPL ADP INTC LRCX MSI WDC
06_staples_health,9,41.6,14.85,9.40,True,BAX BMY CHD CLX DHR GIS JNJ KO PG
07_industrial,7,41.6,13.87,9.40,True,CAT CMI CSX DE DOV GATX UNP
09_energy,5,41.6,10.75,9.40,True,COP CVX HAL OXY XOM
11_utilities,5,41.6,11.39,9.40,True,AEP CNP ETR PEG SO
12_one_per_sector_diversified,8,41.6,16.58,9.40,True,AAPL BAX CAT AXP COP LOW AEP KO
13_longest_history,11,41.6,17.11,9.40,True,IBM ETR WMT EXC WDC DHR CMCSA T LRCX AAPL ADP
014_random_14,6,41.6,15.36,9.40,True,LRCX WDC UNP SO BAC CVX
015_random_15,5,41.6,13.14,9.40,True,JNJ SO HRB INTC OXY
016_random_16,8,41.6,12.33,9.40,True,T CNP BMY JNJ ADP GIS HPQ MTB
017_random_17,11,41.6,15.55,9.40,True,SWKS AAPL PHM HRB DE ROK UNP COP MSI BMY ETR
018_random_18,5,41.6,17.47,9.40,True,ADP OXY LMT AAPL WMT
019_random_19,8,41.6,12.64,9.40,True,PG CNP HPQ ROK ADP KO COP SO
020_random_20,8,41.6,13.31,9.40,True,JNJ LOW COP GATX WFC PG VZ SO
021_random_21,8,41.6,14.96,9.40,True,DHR ADP HAL VZ LOW OXY BMY CMCSA
022_random_22,10,41.6,14.57,9.40,True,ROK WFC DHR C SNA EXC XOM PPG JPM HPQ
023_random_23,9,41.6,14.73,9.40,True,VZ PEG CMI DOV DHR MSI JNJ JPM GPC
024_random_24,9,41.6,12.24,9.40,True,WDC AEP INTC CSX SNA UNP GPC HAL PEG
025_random_25,6,41.6,12.34,9.40,True,GHC LOW PHM SWKS PG SNA
026_random_26,7,41.6,10.57,9.40,True,BAX HRB PEG JPM BMY SWKS CLX
027_random_27,9,41.6,12.85,9.40,True,VZ GPC GHC JNJ ROK ADP INTC AEP DOV
028_random_28,10,41.6,11.83,9.40,True,WDC NEM MSI WFC GPC OXY CLX UNP JPM COP
029_random_29,5,41.6,13.53,9.40,True,SWKS CMI LMT WFC LOW
030_random_30,6,41.6,15.37,9.40,True,GPC JPM GATX WDC LRCX WFC
031_random_31,8,41.6,16.57,9.40,True,DE PEG LOW MTB ROK AAPL GIS T
032_random_32,11,41.6,13.58,9.40,True,USB WMT SNA JPM UNP CAT KO SWKS LOW CNP HPQ
033_random_33,5,41.6,16.28,9.40,True,INTC WFC GHC LRCX LOW
034_random_34,6,41.6,13.18,9.40,True,JPM HAL JNJ USB GATX WMT
035_random_35,7,41.6,16.56,9.40,True,AAPL LMT WMT NEM T WDC EXC
036_random_36,8,41.6,13.83,9.40,True,MTB ADP UNP COP NKE CMCSA LOW MSI
037_random_37,6,41.6,13.48,9.40,True,WFC BAX UNP LOW XOM USB
038_random_38,7,41.6,11.27,9.40,True,AEP VZ PG BAC BAX ADP HRB
039_random_39,5,41.6,13.04,9.40,True,SO DE CSX C UNP
040_random_40,9,41.6,14.56,9.40,True,CMCSA GATX DHR BAC CLX VZ CVX KO USB
041_random_41,10,41.6,14.65,9.40,True,DE OXY PPG DHR IBM PHM ETR JNJ INTC C
042_random_42,5,41.6,10.57,9.40,True,DOV GIS EXC HAL T
043_random_43,6,41.6,12.17,9.40,True,CVX BMY XOM ROK JPM CNP
044_random_44,9,41.6,12.90,9.40,True,HPQ USB ADP COP WFC GPC CHD AEP ROK
045_random_45,6,41.6,11.50,9.40,True,HRB PPG JPM PG HPQ LMT
046_random_46,11,41.6,12.54,9.40,True,COP NKE UNP PHM KO HRB XOM VZ OXY ADP GPC
047_random_47,10,41.6,15.02,9.40,True,LRCX UNP ETR PEG NKE HPQ AXP SNA DOV CAT
048_random_48,6,41.6,13.42,9.40,True,WMT AXP DOV BAC WDC WFC
049_random_49,7,41.6,17.52,9.40,True,SNA CLX HAL LRCX CVX CAT AAPL
050_random_50,9,41.6,14.58,9.40,True,WMT WDC AEP MSI USB CNP LRCX IBM CLX
051_random_51,11,41.6,11.47,9.40,True,WFC XOM SWKS PPG NEM JPM AEP GIS CMI GATX BMY
052_random_52,6,41.6,15.37,9.40,True,LRCX PG HPQ MSI CMI JNJ
053_random_53,5,41.6,15.93,9.40,True,PEG GIS DHR JPM JNJ
054_random_54,5,41.6,11.91,9.40,True,ETR NEM WFC GPC XOM
055_random_55,7,41.6,15.22,9.40,True,ADP CLX CMI WDC ETR UNP LRCX
056_random_56,11,41.6,13.07,9.40,True,CAT EXC HPQ CNP DE PG BMY GIS LOW GATX USB
057_random_57,9,41.6,13.08,9.40,True,JNJ SWKS LMT CSX BAC ROK AEP BAX CAT
058_random_58,6,41.6,12.32,9.40,True,CLX LMT CNP DE SO EXC
059_random_59,9,41.6,14.76,9.40,True,JPM VZ CVX GHC EXC WMT C DHR CSX
060_random_60,11,41.6,13.62,9.40,True,MTB SWKS PPG JNJ CAT MSI LOW WMT BMY ETR AEP
061_random_61,8,41.6,13.07,9.40,True,BAC GIS WFC T CHD CAT EXC C
062_random_62,9,41.6,14.37,9.40,True,MSI T GIS BAC LRCX LOW COP VZ BAX
063_random_63,7,41.6,16.42,9.40,True,GHC DHR LRCX LMT C IBM DE
064_random_64,5,41.6,18.27,9.40,True,T AEP USB DHR AAPL
065_random_65,9,41.6,15.68,9.40,True,PEG AAPL BAX HAL C USB T AEP CMI
066_random_66,6,41.6,10.08,9.40,True,T MSI HAL CLX C HRB
067_random_67,6,41.6,11.45,9.40,True,PG CSX CLX SNA BMY HPQ
068_random_68,8,41.6,15.45,9.40,True,UNP LMT USB DHR LOW CVX PPG INTC
069_random_69,7,41.6,16.34,9.40,True,BMY CNP OXY ETR AEP ADP AAPL
070_random_70,11,41.6,14.52,9.40,True,DHR ROK MTB ETR HRB GPC WDC USB BAC SWKS UNP
071_random_71,9,41.6,10.07,9.40,True,IBM C CVX CNP T NEM SWKS LMT PHM
072_random_72,8,41.6,11.76,9.40,True,PEG GATX CVX CMCSA LMT CNP DOV CMI
073_random_73,6,41.6,13.19,9.40,True,GHC BAX USB DE WMT SO
074_random_74,8,41.6,14.69,9.40,True,BAX OXY LRCX WMT EXC COP GIS DOV
075_random_75,5,41.6,11.43,9.40,True,ETR CMCSA T WDC MSI
076_random_76,7,41.6,11.53,9.40,True,CSX EXC BMY LMT NEM MSI UNP
077_random_77,9,41.6,13.00,9.40,True,BAX CSX COP ADP UNP WMT GPC BAC DE
078_random_78,9,41.6,17.31,9.40,True,WFC BAC ROK WMT ADP NKE AAPL DHR SO
079_random_79,11,41.6,12.69,9.40,True,GATX JNJ INTC WDC CHD BMY JPM SWKS ETR BAC UNP
080_random_80,10,41.6,12.02,9.40,True,CMCSA XOM SWKS CHD WDC USB ETR DOV BMY PPG
081_random_81,9,41.6,15.33,9.40,True,VZ MTB DHR CAT CNP CHD LMT ROK AEP
082_random_82,11,41.6,12.38,9.40,True,ETR USB NEM UNP PG LOW SNA PHM CNP CMCSA DOV
083_random_83,8,41.6,11.67,9.40,True,LMT CLX AXP PPG PEG CSX CVX SWKS
084_random_84,5,41.6,13.14,9.40,True,PG HRB UNP HPQ LOW
085_random_85,7,41.6,16.36,9.40,True,LMT HRB WDC XOM IBM AAPL GPC
086_random_86,11,41.6,14.12,9.40,True,EXC CLX CVX JNJ ADP T OXY HAL LRCX VZ AXP
087_random_87,10,41.6,15.08,9.40,True,GATX MSI CAT WMT WFC VZ CVX DE GPC LRCX
088_random_88,8,41.6,16.16,9.40,True,CMCSA NEM BAX COP JNJ AAPL XOM KO
089_random_89,7,41.6,13.02,9.40,True,JPM OXY HRB PG NKE ROK COP
090_random_90,6,41.6,12.94,9.40,True,ETR JNJ PG INTC COP PPG
091_random_91,8,41.6,12.75,9.40,True,EXC LOW NEM ROK OXY DE VZ COP
092_random_92,5,41.6,12.78,9.40,True,BAC SO JPM OXY WMT
093_random_93,7,41.6,11.42,9.40,True,CLX JPM SWKS T CNP DOV USB
094_random_94,10,41.6,12.62,9.40,True,DOV WDC LOW GHC CLX PHM USB SNA IBM MTB
095_random_95,5,41.6,12.47,9.40,True,WDC C XOM MTB JPM
096_random_96,9,41.6,14.65,9.40,True,GIS CMCSA CHD CVX HPQ CNP LRCX ROK SO
097_random_97,11,41.6,12.59,9.40,True,AXP JNJ PG GPC PPG NKE GATX GIS JPM CLX LMT
098_random_98,10,41.6,13.13,9.40,True,AEP KO BAX UNP CVX NKE BMY DE SNA WFC
099_random_99,6,41.6,10.23,9.40,True,SWKS NEM VZ PEG PG PHM
100_random_100,5,41.6,12.40,9.40,True,HRB WDC CSX GIS UNP
