ticker,is_financial,n_oe_years,lowest_oe,assets,equity,debt,cash,leverage_ratio,fortress_mechanical_pass,fortress_note
LYB,False,5,2657000000,29889000000,10138000000,5772000000,339000000,2.94821463799566,,debt/equity=0.57 (mechanical proxy only)
PBI,False,5,110460000,5806265000,86356000,3047661000,838905000,67.23638195377275,,debt/equity=35.29 (mechanical proxy only)
FOXA,False,5,3283000000,65886000000,32005000000,18321000000,21281000000,2.058615841274801,,debt/equity=0.57 (mechanical proxy only)
AN,False,4,-1248900000,10914300000,2785800000,1487400000,48700000,3.917833297437002,,debt/equity=0.53 (mechanical proxy only)
IVZ,True,5,807700000,32206600000,8669300000,2515700000,1017100000,3.7150173601098126,True,assets/equity=3.7:1
CPRI,False,5,550000000,6650000000,2429000000,1936000000,172000000,2.7377521613832854,,debt/equity=0.80 (mechanical proxy only)
WFC,True,0,,1887792000000,197832000000,236339000000,148968000000,9.542399611791824,True,assets/equity=9.5:1
KR,False,5,616000000,44319000000,8581000000,11256000000,409000000,5.164782659363711,,debt/equity=1.31 (mechanical proxy only)
M,False,5,801000000,21296000000,6323000000,4614000000,737000000,3.368021508777479,,debt/equity=0.73 (mechanical proxy only)
STT,True,5,1720000000,228332000000,25038000000,11834000000,4469000000,9.119418483904465,True,assets/equity=9.1:1
HOG,True,5,537653000,10580613000,1797611000,4744694000,749600000,5.885930270787172,True,assets/equity=5.9:1
GPS,False,5,676000000,13620000000,3571000000,1249000000,941000000,3.8140576869224305,,debt/equity=0.35 (mechanical proxy only)
BBWI,False,5,562000000,10998000000,-902000000,5749000000,1146000000,-12.19290465631929,,debt/equity=-6.37 (mechanical proxy only)
LNC,True,0,,314299000000,16417000000,5686000000,1593000000,19.144728025826886,False,assets/equity=19.1:1
GT,False,5,22000000,18273000000,4808000000,5766000000,860000000,3.800540765391015,,debt/equity=1.20 (mechanical proxy only)
F,False,5,-1586000000,263281000000,36398000000,,20848000000,7.233391944612341,,
HPQ,False,5,2395000000,31946000000,-1487000000,27132000000,3556000000,-21.48352387357095,,debt/equity=-18.25 (mechanical proxy only)
KSS,False,5,726000000,14466000000,5442000000,1855000000,543000000,2.6582138919514886,,debt/equity=0.34 (mechanical proxy only)
R,False,5,-1382147000,13948985000,2566804000,6619913000,62787000,5.434378705970538,,debt/equity=2.58 (mechanical proxy only)
FITB,True,5,1679000000,167853000000,19647000000,15483000000,,8.543441746831578,True,assets/equity=8.5:1
PFG,True,0,,259419900000,12694400000,3266400000,2259700000,20.43577482984623,False,assets/equity=20.4:1
RF,True,0,,128802000000,15512000000,12957000000,3807000000,8.303378029912325,True,assets/equity=8.3:1
USB,True,0,,475775000000,52057000000,40680000000,8252000000,9.139500931671053,True,assets/equity=9.1:1
EMN,False,5,608000000,16361000000,5843000000,5602000000,195000000,2.8001026869758685,,debt/equity=0.96 (mechanical proxy only)
AMP,True,5,1470000000,144403000000,5843000000,2684000000,5761000000,24.71384562724628,False,assets/equity=24.7:1
VLO,False,5,2905000000,52095000000,21309000000,9511000000,2777000000,2.4447416584541743,,debt/equity=0.45 (mechanical proxy only)
HRB,True,5,447942000,3299945000,541527000,1492629000,1572150000,6.093777410913953,True,assets/equity=6.1:1
PNC,True,0,,392837000000,48536000000,,,8.093724245920553,True,assets/equity=8.1:1
AFL,True,0,,145679000000,26049000000,,3892000000,5.592498752351338,True,assets/equity=5.6:1
BNY,True,5,3068000000,346132000000,41225000000,29163000000,5980000000,8.396167374166161,True,assets/equity=8.4:1
OMC,False,5,972100000,25211200000,2413300000,4900000000,3449700000,10.446774126714457,,debt/equity=2.03 (mechanical proxy only)
JPM,True,0,,2737188000000,259837000000,269929000000,302604000000,10.534250318468887,False,assets/equity=10.5:1
MO,False,5,5115000000,59233000000,14079000000,27024000000,3352000000,4.207188010512111,,debt/equity=1.92 (mechanical proxy only)
UNM,True,5,386800000,63921700000,9060500000,2971300000,,7.054985927928922,True,assets/equity=7.1:1
GS,True,5,2253000000,925349000000,90273000000,237275000000,87884000000,10.250562183598639,False,assets/equity=10.3:1
TFC,True,0,,227683000000,30883000000,24729000000,2972000000,7.3724379108247255,True,assets/equity=7.4:1
BIIB,False,5,2752700000,26445500000,13829900000,5943200000,2243200000,1.9121974851589671,,debt/equity=0.43 (mechanical proxy only)
ADM,False,5,1297000000,43151000000,18910000000,7675000000,926000000,2.2819143310417767,,debt/equity=0.41 (mechanical proxy only)
ALL,True,5,1946000000,115834000000,23418000000,6453000000,551000000,4.9463660432146215,True,assets/equity=4.9:1
GILD,False,5,4271000000,62837000000,21951000000,24080000000,16927000000,2.8626030704751493,,debt/equity=1.10 (mechanical proxy only)
GL,True,5,498143000,24133438000,6043426000,1355601000,67342000,3.993337222959295,True,assets/equity=4.0:1
LEN,False,5,663180000,28749926000,14786814000,,1062589000,1.9442948291633344,,
TRV,True,0,,107246000000,24340000000,5861000000,,4.406162695152013,True,assets/equity=4.4:1
TEL,False,5,1616000000,19262000000,9994000000,3370000000,565000000,1.927356413848309,,debt/equity=0.34 (mechanical proxy only)
APTV,True,5,897000000,13019000000,3418000000,3995000000,321000000,3.8089526038619077,True,assets/equity=3.8:1
