ticker,first_pass_date,times_passed_of_13,cagr,years_held,spy_matched_cagr
ANET,2020-06-30,2,53.45,6.1,17.38
LRCX,2017-06-30,7,42.98,9.1,15.07
ROST,2022-06-30,1,36.34,4.1,20.01
CAT,2017-06-30,1,29.20,9.1,15.07
FOX,2024-06-30,2,27.00,2.1,18.06
PHM,2020-06-30,3,25.28,6.1,17.38
ODFL,2019-06-30,1,25.01,7.1,15.75
MPC,2018-06-30,2,24.41,8.1,15.17
WDC,2015-06-30,4,24.38,11.1,14.26
DE,2016-06-30,2,24.12,10.1,15.34
MSI,2017-06-30,1,20.22,9.1,15.07
AZO,2017-06-30,2,20.05,9.1,15.07
CMI,2017-06-30,4,19.88,9.1,15.07
HCA,2017-06-30,4,18.40,9.1,15.07
PKG,2020-06-30,1,18.26,6.1,17.38
ROK,2019-06-30,1,17.94,7.1,15.75
SNA,2019-06-30,3,16.71,7.1,15.75
NEM,2015-06-30,1,16.20,11.1,14.26
CPRT,2016-06-30,4,16.03,10.1,15.34
CSX,2014-06-30,8,15.80,12.1,13.66
INTC,2017-06-30,9,15.71,9.1,15.07
DHR,2014-06-30,3,15.21,12.1,13.66
NCLH,2022-06-30,1,15.03,4.1,20.01
LOW,2014-06-30,1,14.78,12.1,13.66
DOV,2015-06-30,4,14.74,11.1,14.26
FAST,2014-06-30,7,14.28,12.1,13.66
DRI,2015-06-30,2,14.05,11.1,14.26
COP,2016-06-30,2,13.90,10.1,15.34
BKNG,2015-06-30,11,13.35,11.1,14.26
ETR,2014-06-30,4,13.25,12.1,13.66
MCHP,2014-06-30,1,13.25,12.1,13.66
LMT,2014-06-30,4,13.18,12.1,13.66
ADP,2015-06-30,1,13.04,11.1,14.26
ELV,2014-06-30,6,12.91,12.1,13.66
PSX,2018-06-30,5,12.52,8.1,15.17
BBY,2022-06-30,4,12.50,4.1,20.01
UNP,2014-06-30,2,11.80,12.1,13.66
AEP,2014-06-30,5,11.32,12.1,13.66
SO,2014-06-30,5,10.91,12.1,13.66
EXC,2015-06-30,8,10.68,11.1,14.26
JNJ,2014-06-30,2,10.68,12.1,13.66
LH,2014-06-30,5,10.57,12.1,13.66
GEN,2016-06-30,3,9.96,10.1,15.34
CHD,2015-06-30,2,9.60,11.1,14.26
PEG,2014-06-30,6,9.41,12.1,13.66
TROW,2017-06-30,7,9.14,9.1,15.07
PG,2015-06-30,4,9.07,11.1,14.26
CNP,2014-06-30,3,8.16,12.1,13.66
XOM,2014-06-30,6,7.98,12.1,13.66
HPQ,2014-06-30,7,7.73,12.1,13.66
CVX,2014-06-30,4,7.73,12.1,13.66
TSCO,2015-06-30,10,6.26,11.1,14.26
GPC,2014-06-30,6,5.75,12.1,13.66
BMY,2014-06-30,1,5.43,12.1,13.66
UPS,2020-06-30,1,5.03,6.1,17.38
T,2016-06-30,7,3.65,10.1,15.34
PPG,2018-06-30,1,3.48,8.1,15.17
VZ,2020-06-30,6,2.57,6.1,17.38
CLX,2015-06-30,2,2.24,11.1,14.26
CMCSA,2014-06-30,12,1.99,12.1,13.66
SJM,2022-06-30,2,1.53,4.1,20.01
LVS,2020-06-30,3,1.14,6.1,17.38
GIS,2015-06-30,11,0.06,11.1,14.26
DG,2024-06-30,2,-0.88,2.1,18.06
HAL,2017-06-30,1,-0.96,9.1,15.07
NKE,2017-06-30,1,-2.32,9.1,15.07
CTSH,2020-06-30,4,-2.91,6.1,17.38
BAX,2014-06-30,4,-3.06,12.1,13.66
APTV,2018-06-30,4,-5.23,8.1,15.17
SWKS,2022-06-30,4,-6.31,4.1,20.01
