year,rank,issuer,ticker,value_usd
1998,1,Coca Cola Com,KO,13399999000
1998,2,American Express Co. Com,AXP,5180032000
1998,3,The Gillette Co. Com,G,4590000000
1998,4,Wesco Finl Corp. Com,UNRESOLVED,2023113000
1998,5,Washington Post Co. Cl B,GHC,998540000
1998,6,Sun Trusts Banks Inc. Com,STI,508067000
1998,7,M & T Bank Corporation Com,MTB,263065000
1998,8,"PS Group Holdings, Inc. Com",UNRESOLVED,14194000
1999,1,Coca Cola Com,KO,11649999000
1999,2,American Express Co. Com,AXP,8401759000
1999,3,The Gillette Co. Com,G,3954000000
1999,4,Wesco Finl Corp. Com,UNRESOLVED,1397256000
1999,5,Washington Post Co. Cl B,GHC,960421000
1999,6,Sun Trusts Banks Inc. Com,STI,457012000
1999,7,Citigroup Com,C,448973000
1999,8,Dun & Bradstreet Corp Com,DNB,357623000
1999,9,Jones Apparel Group Inc. Com,JNY,328891000
1999,10,M & T Bank Corporation Com,MTB,211396000
2000,1,Coca Cola Com,KO,12187999000
2000,2,American Express Co. Com,AXP,8329492000
2000,3,The Gillette Co. Com,G,3468480000
2000,4,Wesco Finl Corp. Com,UNRESOLVED,1606845000
2000,5,Washington Post Co. ClB,GHC,1065823000
2000,6,Moody's Com,MCO,616560000
2000,7,Jones Apparel Group Inc. Com,JNY,506961000
2000,8,M & T Bank Corporation Com,MTB,456196000
2000,9,Sun Trusts Banks Inc. Com,STI,418408000
2000,10,GATX Corp. Com,GATX,366154000
2001,1,Coca Cola Com,KO,9430000000
2001,2,American Express Co. Com,AXP,5410986000
2001,3,The Gillette Co. Com,G,3206400000
2001,4,Wells Fargo & Co. Del Com,WFC,2315430000
2001,5,Wesco Finl Corp. Com,UNRESOLVED,1796472000
2001,6,Moody's Com,MCO,956640000
2001,7,Washington Post Co. Cl B,GHC,915715000
2001,8,Block H & R Com,HRB,715164000
2001,9,M & T Bank Corporation Com,MTB,488733000
2001,10,Shaw Communi- cations Inc. Cl B,SJR,466400000
2002,1,Coca Cola Com,KO,8768001000
2002,2,American Express Co. Com,AXP,5359437000
2002,3,The Gillette Co. Com,G,2914560000
2002,4,Wells Fargo & Co. Del Com,WFC,2496535000
2002,5,Wesco Finl Corp. Com,UNRESOLVED,1767672000
2002,6,Washington Post Co. Cl B,GHC,1275091000
2002,7,Moody's Com,MCO,990960000
2002,8,Block H & R Com,HRB,643168000
2002,9,M & T Bank Corporation Com,MTB,532341000
2002,10,Sun Trusts Banks Inc. Com,STI,330494000
2003,1,Coca Cola Com,KO,10149999000
2003,2,American Express Co. Com,AXP,7312184000
2003,3,The Gillette Co. Com,G,3526080000
2003,4,Wells Fargo & Co. Del Com,WFC,3324246000
2003,5,Wesco Finl Corp. Com,UNRESOLVED,1996080000
2003,6,Moody's Com,MCO,1453200000
2003,7,Washington Post Co. Cl B,GHC,1367353000
2003,8,Block H & R Com,HRB,809006000
2003,9,HCA Inc. Com,HCA,664870000
2003,10,M & T Bank Corporation Com,MTB,659471000
2004,1,American Express Co. Com,AXP,8546296000
2004,2,Coca Cola Com,KO,8328000000
2004,3,The Gillette Co. Com,G,4298880000
2004,4,Wells Fargo & Co. Del Com,WFC,3508265000
2004,5,Wesco Finl Corp. Com,UNRESOLVED,2241313000
2004,6,Moody's Com,MCO,2084400000
2004,7,Washington Post Co. Cl B,GHC,1698428000
2004,8,M & T Bank Corporation Com,MTB,723473000
2004,9,Block H & R Com,HRB,703179000
2004,10,American Standard Companies Com,UNRESOLVED,433773000
2005,1,Coca Cola Com,KO,8062001000
2005,2,American Express Co. Com,AXP,7801887000
2005,3,Proctor & Gamble Co. Com,PG,5787999000
2005,4,Wells Fargo & Co. Del Com,WFC,5346342000
2005,5,Moody's Com,MCO,2948160000
2005,6,Wesco Finl Corp. Com,UNRESOLVED,2195688000
2005,7,Anheuser Busch Cos. Inc. Com,UNRESOLVED,1883976000
2005,8,Washington Post Co. Cl B,GHC,1321741000
2005,9,"Ameriprise Financial, Inc. Com",AMP,1243208000
2005,10,"Wal-Mart Stores, Inc. Com",WMT,933393000
2006,1,Coca Cola Com,KO,9649999000
2006,2,American Express Co. Com,AXP,9198221000
2006,3,Wells Fargo & Co. Del Com,WFC,7255026000
2006,4,Proctor & Gamble Co. Com,PG,6427001000
2006,5,Moody's Com,MCO,3314880000
2006,6,Wesco Finl Corp. Com,UNRESOLVED,2623420000
2006,7,Anheuser Busch Cos. Inc. Com,UNRESOLVED,1791736000
2006,8,Johnson & Johnson Com,JNJ,1623352000
2006,9,ConocoPhillips Com,COP,1290646000
2006,10,Washington Post Co. Cl B,GHC,1288222000
2007,1,Coca Cola Com,KO,12274000000
2007,2,Wells Fargo & Co. Del Com,WFC,8732756000
2007,3,American Express Co. Com,AXP,7886788000
2007,4,Procter & Gamble Co. Com,PG,7771286000
2007,5,Burlington Northern Santa Fe Com,BNI,5062783000
2007,6,Kraft Foods Inc. Com,KFT,4320009000
2007,7,========== Johnson & Johnson Com,JNJ,4119021000
2007,8,Wesco Finl Corp. Com,UNRESOLVED,2281235000
2007,9,US Bancorp Com,USB,2145051000
2007,10,Anheuser Busch Cos. Inc. Com,UNRESOLVED,1871438000
2008,1,Coca Cola Com,KO,9054000000
2008,2,Wells Fargo & Co. Del Com,WFC,8554419000
2008,3,Procter & Gamble Co. Com,PG,5954255000
2008,4,Burlington Northern Santa Fe Com,BNI,5306440000
2008,5,ConocoPhillips Com,COP,4138627000
2008,6,Kraft Foods Inc. Com,KFT,3712617000
2008,7,American Express Co. Com,AXP,2812379000
2008,8,Johnson & Johnson Com,JNJ,1711831000
2008,9,US Bancorp Com,USB,1689461000
2008,10,Wesco Finl Corp. Com,UNRESOLVED,1641919000
2009,1,Coca Cola Com,KO,11399999000
2009,2,Wells Fargo & Co. Del Com,WFC,8639185000
2009,3,Burlington Northern Santa Fe Com,BNI,7571751000
2009,4,American Express Co. Com,AXP,6143265000
2009,5,Procter & Gamble Co. Com,PG,5305331000
2009,6,Kraft Foods Inc. Com,KFT,3758246000
2009,7,"Wal-Mart Stores, Inc. Com",WMT,2086536000
2009,8,Wesco Finl Corp. Com,UNRESOLVED,1956159000
2009,9,ConocoPhillips Com,COP,1925918000
2009,10,Johnson & Johnson Com,JNJ,1747602000
2010,1,Coca Cola Com,KO,13154000000
2010,2,Wells Fargo & Co. Del Com,WFC,10617915000
2010,3,American Express Co. Com,AXP,6507132000
2010,4,Procter & Gamble Co. Com,PG,4938358000
2010,5,Kraft Foods Inc. Com,KFT,3315311000
2010,6,Johnson & Johnson Com,JNJ,2636330000
2010,7,"Wal-Mart Stores, Inc. Com",WMT,2105273000
2010,8,Wesco Finl Corp. Com,UNRESOLVED,2101074000
2010,9,ConocoPhillips Com,COP,1982366000
2010,10,US Bancorp Com,USB,1861994000
2011,1,Coca Cola......... Com,KO,13994002000
2011,2,Inter- national Business Machines.... Com,IBM,11751023000
2011,3,Wells Fargo & Co. Del...... Com,WFC,10574872000
2011,4,American Express Co........... Com,AXP,7151476000
2011,5,Procter & Gamble Co.......... Com,PG,5121062000
2011,6,Kraft Foods Inc......... Com,KFT,3251616000
2011,7,"Wal-Mart Stores, Inc.......... Com",WMT,2332860000
2011,8,Conoco- Phillips..... Com,COP,2120585000
2011,9,Johnson & Johnson..... Com,JNJ,1903009000
2011,10,US Bancorp..... Com,USB,1867516000
2012,1,WELLS FARGO & CO NEW COM,WFC,15034342000
2012,2,COCA COLA CO COM,KO,14500000000
2012,3,INTERNATIONAL BUSINESS MACHS COM,IBM,13047521000
2012,4,AMERICAN EXPRESS CO COM,AXP,8714584000
2012,5,PROCTER & GAMBLE CO COM,PG,3584123000
2012,6,WAL MART STORES INC COM,WMT,3241007000
2012,7,US BANCORP DEL COM NEW,USB,1956791000
2012,8,DIRECTV COM,DTV,1707321000
2012,9,DAVITA HEALTHCARE PARTNERS I COM,DVA,1504085000
2012,10,PHILLIPS 66 COM,PSX,1442404000
2013,1,WELLS FARGO & CO NEW,WFC,21040998000
2013,2,COCA COLA CO,KO,16524000000
2013,3,AMERICAN EXPRESS CO,AXP,13755639000
2013,4,INTERNATIONAL BUSINESS MACHS,IBM,12777641000
2013,5,PROCTER & GAMBLE CO,PG,4297885000
2013,6,EXXON MOBIL CORP,XOM,4162320000
2013,7,WAL MART STORES INC,WMT,3893875000
2013,8,US BANCORP DEL,USB,3204565000
2013,9,DIRECTV,DTV,2521705000
2013,10,DAVITA HEALTHCARE PARTNERS I,DVA,2310552000
2014,1,WELLS FARGO & CO NEW,WFC,25406775000
2014,2,COCA COLA CO,KO,16887999000
2014,3,AMERICAN EXPRESS CO,AXP,14105859000
2014,4,INTERNATIONAL BUSINESS MACHS,IBM,12349358000
2014,5,WAL MART STORES INC,WMT,5185887000
2014,6,PROCTER & GAMBLE CO,PG,4808922000
2014,7,US BANCORP DEL,USB,3600249000
2014,8,DAVITA HEALTHCARE PARTNERS I,DVA,2920956000
2014,9,DIRECTV,DTV,2718346000
2014,10,GOLDMAN SACHS GROUP INC,GS,2448370000
2015,1,WELLS FARGO & CO NEW,WFC,26076724000
2015,2,KRAFT HEINZ CO,KHC,23693189000
2015,3,COCA COLA CO,KO,17184000000
2015,4,INTERNATIONAL BUSINESS MACHS,IBM,11151823000
2015,5,AMERICAN EXPRESS CO,AXP,10544524000
2015,6,PHILLIPS 66,PSX,5029632000
2015,7,PROCTER & GAMBLE CO,PG,4192298000
2015,8,US BANCORP DEL,USB,3629646000
2015,9,WAL MART STORES INC,WMT,3444158000
2015,10,DAVITA HEALTHCARE PARTNERS I,DVA,2688406000
2016,1,KRAFT HEINZ CO,KHC,28434432000
2016,2,WELLS FARGO & CO NEW,WFC,26436503000
2016,3,COCA COLA CO,KO,16584000000
2016,4,INTERNATIONAL BUSINESS MACHS,IBM,13483751000
2016,5,AMERICAN EXPRESS CO,AXP,11231321000
2016,6,PHILLIPS 66,PSX,6972414000
2016,7,APPLE INC,AAPL,6643394000
2016,8,US BANCORP DEL,USB,4369696000
2016,9,DELTA AIR LINES INC DEL,DAL,2952679000
2016,10,CHARTER COMMUNICATIONS INC N,CHTR,2718970000
2017,1,APPLE INC,AAPL,27979467000
2017,2,WELLS FARGO & CO NEW,WFC,27800952000
2017,3,KRAFT HEINZ CO,KHC,25321363000
2017,4,BANK AMER CORP,BAC,20044080000
2017,5,COCA COLA CO,KO,18352001000
2017,6,AMERICAN EXPRESS CO,AXP,15056458000
2017,7,PHILLIPS 66,PSX,8161782000
2017,8,US BANCORP DEL,USB,4664615000
2017,9,MOODYS CORP,MCO,3641506000
2017,10,BANK OF NEW YORK MELLON CORP,BK,3275697000
2018,1,APPLE INC,AAPL,39370221000
2018,2,BANK AMER CORP,BAC,22081569000
2018,3,WELLS FARGO & CO NEW,WFC,19665511000
2018,4,COCA COLA CO,KO,18939999000
2018,5,AMERICAN EXPRESS CO,AXP,14451533000
2018,6,KRAFT HEINZ CO,KHC,14015323000
2018,7,US BANCORP DEL,USB,5909415000
2018,8,JPMORGAN CHASE & CO,JPM,4892364000
2018,9,BANK OF NEW YORK MELLON CORP,BK,3809716000
2018,10,MOODYS CORP,MCO,3454756000
2019,1,APPLE INC,AAPL,71989933000
2019,2,BANK AMER CORP,BAC,32578803000
2019,3,COCA COLA CO,KO,22140000000
2019,4,AMERICAN EXPRESS CO,AXP,18874016000
2019,5,WELLS FARGO & CO NEW,WFC,17388855000
2019,6,KRAFT HEINZ CO,KHC,10462647000
2019,7,JPMORGAN CHASE & CO,JPM,8296382000
2019,8,US BANCORP DEL,USB,7853532000
2019,9,MOODYS CORP,MCO,5856852000
2019,10,DELTA AIR LINES INC DEL,DAL,4146844000
2020,1,APPLE INC,AAPL,117714016000
2020,2,BANK AMER CORP,BAC,30616150000
2020,3,COCA COLA CO,KO,21935999000
2020,4,AMERICAN EXPRESS CO,AXP,18331249000
2020,5,KRAFT HEINZ CO,KHC,11286503000
2020,6,VERIZON COMMUNICATIONS INC,VZ,8619594000
2020,7,MOODYS CORP,MCO,7160156000
2020,8,US BANCORP DEL,USB,6109721000
2020,9,DAVITA HEALTHCARE PARTNERS I,DVA,4237620000
2020,10,CHEVRON CORP NEW,CVX,4095738000
2021,1,APPLE INC,AAPL,157528660000
2021,2,BANK AMER CORP,BAC,44939376000
2021,3,AMERICAN EXPRESS CO,AXP,24803511000
2021,4,COCA COLA CO,KO,23684001000
2021,5,KRAFT HEINZ CO,KHC,11690290000
2021,6,MOODYS CORP,MCO,9635522000
2021,7,VERIZON COMMUNICATIONS INC,VZ,8252525000
2021,8,US BANCORP DEL,USB,7100894000
2021,9,CHEVRON CORP NEW,CVX,4488055000
2021,10,BANK OF NEW YORK MELLON CORP,BK,4202522000
2022,1,APPLE INC,AAPL,116305043218
2022,2,BANK AMER CORP,BAC,33454532071
2022,3,CHEVRON CORP NEW,CVX,29252521137
2022,4,COCA COLA CO,KO,25444000000
2022,5,AMERICAN EXPRESS CO,AXP,22400480926
2022,6,KRAFT HEINZ CO,KHC,13256593441
2022,7,OCCIDENTAL PETE CORP,OXY,12242210434
2022,8,MOODYS CORP,MCO,6873493546
2022,9,ACTIVISION BLIZZARD INC,ATVI,4035492091
2022,10,HP INC,HPQ,2807271061
2023,1,APPLE INC,AAPL,174347466800
2023,2,BANK AMER CORP,BAC,34776127042
2023,3,AMERICAN EXPRESS CO,AXP,28402748537
2023,4,COCA COLA CO,KO,23572000000
2023,5,CHEVRON CORP NEW,CVX,18808080506
2023,6,OCCIDENTAL PETE CORP,OXY,14552270657
2023,7,KRAFT HEINZ CO,KHC,12041975570
2023,8,MOODYS CORP,MCO,9635028496
2023,9,DAVITA INC,DVA,3781371913
2023,10,CITIGROUP INC,C,2841792358
2024,1,APPLE INC,AAPL,75126000000
2024,2,AMERICAN EXPRESS CO,AXP,44996539653
2024,3,BANK AMER CORP,BAC,29896266149
2024,4,COCA COLA CO,KO,24904000000
2024,5,CHEVRON CORP NEW,CVX,17179549745
2024,6,OCCIDENTAL PETE CORP,OXY,13053055436
2024,7,MOODYS CORP,MCO,11677932812
2024,8,KRAFT HEINZ CO,KHC,10000245261
2024,9,CHUBB LIMITED,CB,7469434519
2024,10,DAVITA INC,DVA,5398092493
2025,1,APPLE INC,AAPL,61961735283
2025,2,AMERICAN EXPRESS CO,AXP,56088378465
2025,3,BANK AMERICA CORP,BAC,28451276370
2025,4,COCA COLA CO,KO,27964000000
2025,5,CHEVRON CORP NEW,CVX,19837131131
2025,6,MOODYS CORP,MCO,12602556092
2025,7,OCCIDENTAL PETE CORP,OXY,10894391643
2025,8,CHUBB LIMITED,CB,10689854998
2025,9,KRAFT HEINZ CO,KHC,7896644337
2025,10,ALPHABET INC,GOOGL,5585842446
