ticker,asof,worst5_ni,mkt_cap,yield,hurdle,pass,entry_px,fwd_px,fwd_ret,spy_ret
HPQ,2014-06-30,7074000000,19302809820.69729,0.3665,0.0400,True,10.314903259277344,9.362672805786133,-0.0923,0.0724
HPQ,2015-06-30,-12650000000,16912872839.89365,-0.7480,0.0400,False,9.362672805786133,8.944687843322754,-0.0446,0.0397
HPQ,2016-06-30,-12650000000,15300841621.437965,-0.8268,0.0400,False,8.944687843322754,12.8701171875,0.4389,0.1777
HPQ,2017-06-30,-12650000000,21664718574.249023,-0.5839,0.0400,False,12.8701171875,17.130945205688477,0.3311,0.1429
HPQ,2018-06-30,-12650000000,27589603668.992073,-0.4585,0.0400,False,17.130945205688477,16.31856918334961,-0.0474,0.1114
HPQ,2019-06-30,-12650000000,24580525871.586647,-0.5146,0.0400,False,16.31856918334961,14.04964542388916,-0.1390,0.0638
HPQ,2020-06-30,2496000000,20090386756.110394,0.1242,0.0400,True,14.04964542388916,25.082223892211914,0.7853,0.4089
HPQ,2021-06-30,2496000000,30130159352.58652,0.0828,0.0400,True,25.082223892211914,27.970746994018555,0.1152,-0.1062
HPQ,2022-06-30,2496000000,28925618004.991253,0.0863,0.0400,True,27.970746994018555,27.160564422607422,-0.0290,0.1942
HPQ,2023-06-30,2496000000,26779124552.160667,0.0932,0.0400,True,27.160564422607422,32.019554138183594,0.1789,0.2474
HPQ,2024-06-30,2526000000,31333041641.365524,0.0806,0.0451,True,32.019554138183594,23.26620101928711,-0.2734,0.1471
HPQ,2025-06-30,2815000000,21853311591.512337,0.1288,0.0478,True,23.26620101928711,21.940000534057617,-0.0570,0.2221
CTSH,2014-06-30,350133000,26066053971.80521,0.0134,0.0400,False,42.83981704711914,53.5081672668457,0.2490,0.0724
CTSH,2015-06-30,430845000,32667677485.596027,0.0132,0.0400,False,53.5081672668457,50.135990142822266,-0.0630,0.0397
CTSH,2016-06-30,534963000,30375869235.14027,0.0176,0.0400,False,50.135990142822266,58.294715881347656,0.1627,0.1777
CTSH,2017-06-30,733540000,34335405366.53721,0.0214,0.0400,False,58.294715881347656,69.9898681640625,0.2006,0.1429
CTSH,2018-06-30,883618000,41006986978.43884,0.0215,0.0400,False,69.9898681640625,57.62030792236328,-0.1767,0.1114
CTSH,2019-06-30,1051263000,32802258297.74826,0.0320,0.0400,False,57.62030792236328,51.6372184753418,-0.1038,0.0638
CTSH,2020-06-30,1228600000,27914050248.53563,0.0440,0.0400,True,51.6372184753418,63.74706268310547,0.2345,0.4089
CTSH,2021-06-30,1439000000,33620958429.16275,0.0428,0.0400,True,63.74706268310547,62.9294319152832,-0.0128,-0.1062
CTSH,2022-06-30,1504000000,32797173554.447838,0.0459,0.0400,True,62.9294319152832,61.93976593017578,-0.0157,0.1942
CTSH,2023-06-30,1392000000,31433034839.48108,0.0443,0.0400,True,61.93976593017578,65.34410095214844,0.0550,0.2474
CTSH,2024-06-30,1392000000,32489013023.885925,0.0428,0.0451,False,65.34410095214844,76.41563415527344,0.1694,0.1471
CTSH,2025-06-30,1392000000,37668472704.390335,0.0370,0.0478,False,76.41563415527344,38.72999954223633,-0.4932,0.2221
DHI,2015-06-30,-2633600000,8878836355.193527,-0.2966,0.0400,False,24.217735290527344,28.154842376708984,0.1626,0.0397
DHI,2016-06-30,-549800000,10443346170.51773,-0.0526,0.0400,False,28.154842376708984,31.304855346679688,0.1119,0.1777
DHI,2017-06-30,71800000,11757390950.571213,0.0061,0.0400,False,31.304855346679688,37.53303146362305,0.1990,0.1429
DHI,2018-06-30,71800000,14165529707.904827,0.0051,0.0400,False,37.53303146362305,40.51112365722656,0.0793,0.1114
DHI,2019-06-30,462700000,15117818134.632385,0.0306,0.0400,False,40.51112365722656,52.16880416870117,0.2878,0.0638
DHI,2020-06-30,462700000,18965332817.808495,0.0244,0.0400,False,52.16880416870117,85.86099243164062,0.6458,0.4089
DHI,2021-06-30,533500000,30951473383.47812,0.0172,0.0400,False,85.86099243164062,63.52772521972656,-0.2601,-0.1062
DHI,2022-06-30,750700000,22363681054.559372,0.0336,0.0400,False,63.52772521972656,118.06067657470703,0.8584,0.1942
DHI,2023-06-30,886300000,40267093326.44827,0.0220,0.0400,False,118.06067657470703,134.07217407226562,0.1356,0.2474
DHI,2024-06-30,1038400000,44151609037.98511,0.0235,0.0451,False,134.07217407226562,127.4388198852539,-0.0495,0.1471
DHI,2025-06-30,1460300000,39146821598.18523,0.0373,0.0478,False,127.4388198852539,162.8800048828125,0.2781,0.2221
PHM,2015-06-30,-1473113000,6420521721.631851,-0.2294,0.0400,False,17.609481811523438,17.35310173034668,-0.0146,0.0397
PHM,2016-06-30,-1182567000,6004732645.346636,-0.1969,0.0400,False,17.35310173034668,22.21807861328125,0.2804,0.1777
PHM,2017-06-30,-1096729000,7009890275.252197,-0.1565,0.0400,False,22.21807861328125,26.356201171875,0.1863,0.1429
PHM,2018-06-30,-210388000,7525350096.251221,-0.0280,0.0400,False,26.356201171875,29.892778396606445,0.1342,0.1114
PHM,2019-06-30,206145000,8284398304.384279,0.0249,0.0400,False,29.892778396606445,32.07973098754883,0.0732,0.0638
PHM,2020-06-30,447221000,8602132129.671509,0.0520,0.0400,True,32.07973098754883,52.02997589111328,0.6219,0.4089
PHM,2021-06-30,447221000,13682120935.809578,0.0327,0.0400,False,52.02997589111328,38.252525329589844,-0.2648,-0.1062
PHM,2022-06-30,447221000,9089823961.90857,0.0492,0.0400,True,38.252525329589844,75.91278076171875,0.9845,0.1942
PHM,2023-06-30,447221000,16945572260.431824,0.0264,0.0400,False,75.91278076171875,104.59402465820312,0.3778,0.2474
PHM,2024-06-30,447221000,22000528153.78055,0.0203,0.0451,False,104.59402465820312,104.62602233886719,0.0003,0.1471
PHM,2025-06-30,1016700000,20969898402.74411,0.0485,0.0478,True,104.62602233886719,137.2100067138672,0.3114,0.2221
IT,2015-06-30,82964000,7121961943.77002,0.0116,0.0400,False,85.77999877929688,97.41000366210938,0.1356,0.0397
IT,2016-06-30,82964000,8036497912.650513,0.0103,0.0400,False,97.41000366210938,123.51000213623047,0.2679,0.1777
IT,2017-06-30,96285000,11169284055.91407,0.0086,0.0400,False,123.51000213623047,132.89999389648438,0.0760,0.1429
IT,2018-06-30,136902000,12125823750.813934,0.0113,0.0400,False,132.89999389648438,163.64999389648438,0.2314,0.1114
IT,2019-06-30,165903000,14743295701.23175,0.0113,0.0400,False,163.64999389648438,121.33000183105469,-0.2586,0.0638
IT,2020-06-30,3279000,10819616744.90451,0.0003,0.0400,False,121.33000183105469,242.1999969482422,0.9962,0.4089
IT,2021-06-30,3279000,20847735061.11528,0.0002,0.0400,False,242.1999969482422,241.8300018310547,-0.0015,-0.1062
IT,2022-06-30,3279000,19476758125.3114,0.0002,0.0400,False,241.8300018310547,350.30999755859375,0.4486,0.1942
IT,2023-06-30,3279000,27689219992.216248,0.0001,0.0400,False,350.30999755859375,441.32000732421875,0.2598,0.2474
IT,2024-06-30,3279000,34259878706.34253,0.0001,0.0451,False,441.32000732421875,404.2200012207031,-0.0841,0.1471
IT,2025-06-30,122456000,31111575368.09378,0.0039,0.0478,False,404.2200012207031,129.6199951171875,-0.6793,0.2221
NVR,2015-06-30,100892000,5446565340.0,0.0185,0.0400,False,1340.0,1780.3399658203125,0.3286,0.0397
NVR,2016-06-30,129420000,6937787229.065552,0.0187,0.0400,False,1780.3399658203125,2410.610107421875,0.3540,0.1777
NVR,2017-06-30,129420000,9034431527.17334,0.0143,0.0400,False,2410.610107421875,2970.35009765625,0.2322,0.1429
NVR,2018-06-30,129420000,10760405115.52002,0.0120,0.0400,False,2970.35009765625,3367.75,0.1338,0.1114
NVR,2019-06-30,180588000,12090683881.75,0.0149,0.0400,False,3367.75,3258.75,-0.0324,0.0638
NVR,2020-06-30,266477000,11994881951.25,0.0222,0.0400,False,3258.75,4973.2998046875,0.5261,0.4089
NVR,2021-06-30,281630000,18085931909.52539,0.0156,0.0400,False,4973.2998046875,4004.139892578125,-0.1949,-0.1062
NVR,2022-06-30,382927000,13172282863.85791,0.0291,0.0400,False,4004.139892578125,6350.6201171875,0.5860,0.1942
NVR,2023-06-30,425262000,20620120587.021484,0.0206,0.0400,False,6350.6201171875,7482.16015625,0.1782,0.2474
NVR,2024-06-30,537521000,23436916455.11328,0.0229,0.0451,False,7482.16015625,7385.66015625,-0.0129,0.1471
NVR,2025-06-30,797197000,21594422120.308594,0.0369,0.0478,False,7385.66015625,6813.39990234375,-0.0775,0.2221
HON,2014-06-30,806000000,53483875178.83603,0.0151,0.0400,False,68.29586791992188,76.43341827392578,0.1192,0.0724
HON,2015-06-30,806000000,59748575474.59724,0.0135,0.0400,False,76.43341827392578,89.08901977539062,0.1656,0.0397
HON,2016-06-30,1548000000,67896119554.33798,0.0228,0.0400,False,89.08901977539062,104.85279846191406,0.1769,0.1777
HON,2017-06-30,2022000000,79933289030.8952,0.0253,0.0400,False,104.85279846191406,115.590576171875,0.1024,0.1429
HON,2018-06-30,2067000000,86338049640.8418,0.0239,0.0400,False,115.590576171875,151.1134796142578,0.3073,0.1114
HON,2019-06-30,2926000000,109971631170.411,0.0266,0.0400,False,151.1134796142578,126.41516876220703,-0.1634,0.0638
HON,2020-06-30,1545000000,88724206312.57137,0.0174,0.0400,False,126.41516876220703,195.45022583007812,0.5461,0.4089
HON,2021-06-30,1545000000,135751049457.89609,0.0114,0.0400,False,195.45022583007812,157.8269500732422,-0.1925,-0.1062
HON,2022-06-30,1545000000,107438002156.32187,0.0144,0.0400,False,157.8269500732422,192.29872131347656,0.2184,0.1942
HON,2023-06-30,1545000000,128008787640.81209,0.0121,0.0400,False,192.29872131347656,199.8618621826172,0.0393,0.2474
HON,2024-06-30,1545000000,130147149254.52287,0.0119,0.0451,False,199.8618621826172,225.27688598632812,0.1272,0.1471
HON,2025-06-30,4779000000,144781604416.1547,0.0330,0.0478,False,225.27688598632812,223.89999389648438,-0.0061,0.2221
ZTS,2018-06-30,245000000,38227160344.17317,0.0064,0.0400,False,79.00370025634766,106.00560760498047,0.3418,0.1114
ZTS,2019-06-30,339000000,50740240148.82937,0.0067,0.0400,False,106.00560760498047,128.6545867919922,0.2137,0.0638
ZTS,2020-06-30,339000000,61103308772.32977,0.0055,0.0400,False,128.6545867919922,175.95474243164062,0.3677,0.4089
ZTS,2021-06-30,339000000,83537452589.57474,0.0041,0.0400,False,175.95474243164062,163.23867797851562,-0.0723,-0.1062
ZTS,2022-06-30,339000000,76824799461.00693,0.0044,0.0400,False,163.23867797851562,164.9300994873047,0.0104,0.1942
ZTS,2023-06-30,821000000,76216201224.49127,0.0108,0.0400,False,164.9300994873047,166.8956756591797,0.0119,0.2474
ZTS,2024-06-30,864000000,76153685189.61296,0.0113,0.0451,False,166.8956756591797,152.50132751464844,-0.0862,0.1471
ZTS,2025-06-30,1428000000,67894819102.71196,0.0210,0.0478,False,152.50132751464844,71.36254119873047,-0.5321,0.2221
VZ,2014-06-30,-2193000000,106814611361.37964,-0.0205,0.0400,False,25.793472290039062,25.697038650512695,-0.0037,0.0724
VZ,2015-06-30,-2193000000,104805040001.89146,-0.0209,0.0400,False,25.697038650512695,32.278175354003906,0.2561,0.0397
VZ,2016-06-30,875000000,131575140632.72153,0.0067,0.0400,False,32.278175354003906,26.973634719848633,-0.1643,0.1777
VZ,2017-06-30,875000000,110035419192.79814,0.0080,0.0400,False,26.973634719848633,31.90523338317871,0.1828,0.1429
VZ,2018-06-30,875000000,131829122402.88113,0.0066,0.0400,False,31.90523338317871,37.51776885986328,0.1759,0.1114
VZ,2019-06-30,875000000,155162486016.82843,0.0056,0.0400,False,37.51776885986328,38.065677642822266,0.0146,0.0638
VZ,2020-06-30,9625000000,157515599174.20978,0.0611,0.0400,True,38.065677642822266,40.39128494262695,0.0611,0.4089
VZ,2021-06-30,9625000000,167222651446.25012,0.0576,0.0400,True,40.39128494262695,38.347713470458984,-0.0506,-0.1062
VZ,2022-06-30,13127000000,161046733323.9659,0.0815,0.0400,True,38.347713470458984,29.875869750976562,-0.2209,0.1942
VZ,2023-06-30,13127000000,125597901980.3228,0.1045,0.0400,True,29.875869750976562,36.02169418334961,0.2057,0.2474
VZ,2024-06-30,15528000000,151624492531.43567,0.1024,0.0451,True,36.02169418334961,39.85878372192383,0.1065,0.1471
VZ,2025-06-30,15528000000,168054792733.62454,0.0924,0.0478,True,39.85878372192383,41.63032531738281,0.0444,0.2221
HCA,2016-06-30,1054000000,27896139882.946014,0.0378,0.0400,False,71.3357925415039,80.77495574951172,0.1323,0.1777
HCA,2017-06-30,1207000000,29636702829.292297,0.0407,0.0400,True,80.77495574951172,95.68817138671875,0.1846,0.1429
HCA,2018-06-30,1556000000,33423801714.84375,0.0466,0.0400,True,95.68817138671875,126.8946533203125,0.3261,0.1114
HCA,2019-06-30,1556000000,43436978851.97754,0.0358,0.0400,False,126.8946533203125,92.42411804199219,-0.2716,0.0638
HCA,2020-06-30,1556000000,31204129066.807556,0.0499,0.0400,True,92.42411804199219,198.2490692138672,1.1450,0.4089
HCA,2021-06-30,1875000000,65552145105.44586,0.0286,0.0400,False,198.2490692138672,162.62864685058594,-0.1797,-0.1062
HCA,2022-06-30,2129000000,48054228137.457275,0.0443,0.0400,True,162.62864685058594,296.4862060546875,0.8231,0.1942
HCA,2023-06-30,2216000000,81589979746.94824,0.0272,0.0400,False,296.4862060546875,310.50543212890625,0.0473,0.2474
HCA,2024-06-30,2216000000,81325750801.15356,0.0272,0.0451,False,310.50543212890625,380.51812744140625,0.2255,0.1471
HCA,2025-06-30,3505000000,91542729939.27612,0.0383,0.0478,False,380.51812744140625,389.8900146484375,0.0246,0.2221
CMCSA,2014-06-30,2547000000,38664611274.788864,0.0659,0.0400,True,18.741270065307617,21.34928321838379,0.1392,0.0724
CMCSA,2015-06-30,2547000000,44045133214.435295,0.0578,0.0400,True,21.34928321838379,23.448598861694336,0.0983,0.0397
CMCSA,2016-06-30,3635000000,48376174974.61674,0.0751,0.0400,True,23.448598861694336,28.581443786621094,0.2189,0.1777
CMCSA,2017-06-30,3635000000,58965609578.80819,0.0616,0.0400,True,28.581443786621094,24.429466247558594,-0.1453,0.1429
CMCSA,2018-06-30,4160000000,50399776152.89352,0.0825,0.0400,True,24.429466247558594,32.50619888305664,0.3306,0.1114
CMCSA,2019-06-30,6203000000,67062666481.76233,0.0925,0.0400,True,32.50619888305664,30.471220016479492,-0.0626,0.0638
CMCSA,2020-06-30,6816000000,62864356198.92482,0.1084,0.0400,True,30.471220016479492,45.209442138671875,0.4837,0.4089
CMCSA,2021-06-30,8163000000,93270386700.07639,0.0875,0.0400,True,45.209442138671875,31.717512130737305,-0.2984,-0.1062
CMCSA,2022-06-30,8163000000,65435548010.61606,0.1247,0.0400,True,31.717512130737305,34.64167404174805,0.0922,0.1942
CMCSA,2023-06-30,8678000000,71468307967.6408,0.1214,0.0400,True,34.64167404174805,32.712196350097656,-0.0557,0.2474
CMCSA,2024-06-30,10534000000,67487654327.248634,0.1561,0.0451,True,32.712196350097656,31.613601684570312,-0.0336,0.1471
CMCSA,2025-06-30,5370000000,65221173157.9814,0.0823,0.0478,True,31.613601684570312,24.219999313354492,-0.2339,0.2221
EOG,2014-06-30,160654000,45437636485.424805,0.0035,0.0400,False,83.14208984375,62.716487884521484,-0.2457,0.0724
EOG,2015-06-30,160654000,34427243667.77991,0.0047,0.0400,False,62.716487884521484,60.28545379638672,-0.0388,0.0397
EOG,2016-06-30,160654000,33173669781.981926,0.0048,0.0400,False,60.28545379638672,65.87789154052734,0.0928,0.1777
EOG,2017-06-30,160654000,38029228997.64725,0.0042,0.0400,False,65.87789154052734,91.16848754882812,0.3839,0.1429
EOG,2018-06-30,-4524515000,52773906304.15686,-0.0857,0.0400,False,91.16848754882812,68.72576141357422,-0.2462,0.1114
EOG,2019-06-30,-4524515000,39883251032.914314,-0.1134,0.0400,False,68.72576141357422,38.14356994628906,-0.4450,0.0638
EOG,2020-06-30,-4524515000,22201310062.487137,-0.2038,0.0400,False,38.14356994628906,64.72240447998047,0.6968,0.4089
EOG,2021-06-30,-4524515000,37772326762.67235,-0.1198,0.0400,False,64.72240447998047,92.9010009765625,0.4354,-0.1062
EOG,2022-06-30,-4524515000,54413367927.15881,-0.0832,0.0400,False,92.9010009765625,102.20943450927734,0.1002,0.1942
EOG,2023-06-30,-1096686000,59778070964.47445,-0.0183,0.0400,False,102.20943450927734,117.66375732421875,0.1512,0.2474
EOG,2024-06-30,-605000000,67622610217.348755,-0.0089,0.0451,False,117.66375732421875,114.64307403564453,-0.0257,0.1471
EOG,2025-06-30,-605000000,62570700595.12306,-0.0097,0.0478,False,114.64307403564453,128.77430725097656,0.1233,0.2221
TROW,2014-06-30,433600000,14137200661.903954,0.0307,0.0400,False,53.808082580566406,52.00702667236328,-0.0335,0.0724
TROW,2015-06-30,433600000,13552243816.441078,0.0320,0.0400,False,52.00702667236328,50.29079055786133,-0.0330,0.0397
TROW,2016-06-30,433600000,12482332129.543533,0.0347,0.0400,False,50.29079055786133,52.74152374267578,0.0487,0.1777
TROW,2017-06-30,672200000,12724858247.478737,0.0528,0.0400,True,52.74152374267578,84.50257873535156,0.6022,0.1429
TROW,2018-06-30,773200000,20461242567.013138,0.0378,0.0400,False,84.50257873535156,81.67963409423828,-0.0334,0.1114
TROW,2019-06-30,883600000,19315225532.842415,0.0457,0.0400,True,81.67963409423828,95.30799102783203,0.1669,0.0638
TROW,2020-06-30,1047700000,21687226899.3572,0.0483,0.0400,True,95.30799102783203,159.06802368164062,0.6690,0.4089
TROW,2021-06-30,1215000000,36085467976.4122,0.0337,0.0400,False,159.06802368164062,94.13296508789062,-0.4082,-0.1062
TROW,2022-06-30,1215000000,21396104700.922577,0.0568,0.0400,True,94.13296508789062,96.89643096923828,0.0294,0.1942
TROW,2023-06-30,1215000000,21760224035.970177,0.0558,0.0400,True,96.89643096923828,102.9539794921875,0.0625,0.2474
TROW,2024-06-30,1497800000,22989613634.069458,0.0652,0.0451,True,102.9539794921875,91.70304107666016,-0.1093,0.1471
TROW,2025-06-30,1557900000,20203655267.713074,0.0771,0.0478,True,91.70304107666016,113.69000244140625,0.2398,0.2221
TSCO,2015-06-30,107993000,2073068474.1495924,0.0521,0.0400,True,15.195467948913574,15.548541069030762,0.0232,0.0397
TSCO,2016-06-30,119745000,2074594598.3730068,0.0577,0.0400,True,15.548541069030762,9.379091262817383,-0.3968,0.1777
TSCO,2017-06-30,167972000,1205814802.1856308,0.1393,0.0400,True,9.379091262817383,13.468974113464355,0.4361,0.1429
TSCO,2018-06-30,222740000,1643892183.0818434,0.1355,0.0400,True,13.468974113464355,19.74420738220215,0.4659,0.1114
TSCO,2019-06-30,276457000,2381976560.208496,0.1161,0.0400,True,19.74420738220215,23.85268783569336,0.2081,0.0638
TSCO,2020-06-30,328234000,2758089156.7637634,0.1190,0.0400,True,23.85268783569336,34.065982818603516,0.4282,0.4089
TSCO,2021-06-30,370885000,3926308030.0254135,0.0945,0.0400,True,34.065982818603516,36.0086784362793,0.0570,-0.1062
TSCO,2022-06-30,410395000,4028709565.579422,0.1019,0.0400,True,36.0086784362793,41.8182487487793,0.1613,0.1942
TSCO,2023-06-30,422599000,4581956431.656815,0.0922,0.0400,True,41.8182487487793,51.58893966674805,0.2336,0.2474
TSCO,2024-06-30,422599000,5561823963.103275,0.0760,0.0451,True,51.58893966674805,51.69169998168945,0.0020,0.1471
TSCO,2025-06-30,532357000,27407090942.047794,0.0194,0.0478,False,51.69169998168945,31.610000610351562,-0.3885,0.2221
LULU,2015-06-30,39363000,8594276931.048553,0.0046,0.0400,False,65.30000305175781,73.86000061035156,0.1311,0.0397
LULU,2016-06-30,58281000,9393083165.920944,0.0062,0.0400,False,73.86000061035156,59.66999816894531,-0.1921,0.1777
LULU,2017-06-30,121847000,7573870024.525543,0.0161,0.0400,False,59.66999816894531,124.8499984741211,1.0923,0.1429
LULU,2018-06-30,184063000,15720421012.81977,0.0117,0.0400,False,124.8499984741211,179.9499969482422,0.4413,0.1114
LULU,2019-06-30,239033000,22114901429.80513,0.0108,0.0400,False,179.9499969482422,312.010009765625,0.7339,0.0638
LULU,2020-06-30,239033000,38943374299.92163,0.0061,0.0400,False,312.010009765625,364.9700012207031,0.1697,0.4089
LULU,2021-06-30,239033000,45603826119.75961,0.0052,0.0400,False,364.9700012207031,272.6099853515625,-0.2531,-0.1062
LULU,2022-06-30,258662000,33378310721.398315,0.0077,0.0400,False,272.6099853515625,378.5,0.3884,0.1942
LULU,2023-06-30,258662000,46157874773.5,0.0056,0.0400,False,378.5,302.3599853515625,-0.2012,0.2474
LULU,2024-06-30,258662000,36248850450.21155,0.0071,0.0451,False,302.3599853515625,237.5800018310547,-0.2142,0.1471
LULU,2025-06-30,483801000,27257418189.47586,0.0177,0.0478,False,237.5800018310547,114.18000030517578,-0.5194,0.2221
ELV,2014-06-30,2490700000,25322892846.270905,0.0984,0.0400,True,90.54487609863281,140.22665405273438,0.5487,0.0724
ELV,2015-06-30,2490700000,37146825647.37872,0.0671,0.0400,True,140.22665405273438,114.33651733398438,-0.1846,0.0397
ELV,2016-06-30,2489700000,30052314948.31433,0.0828,0.0400,True,114.33651733398438,166.61695861816406,0.4573,0.1777
ELV,2017-06-30,2489700000,44165976476.50227,0.0564,0.0400,True,166.61695861816406,213.60667419433594,0.2820,0.1429
ELV,2018-06-30,2489700000,54586059455.9762,0.0456,0.0400,True,213.60667419433594,256.4704895019531,0.2007,0.1114
ELV,2019-06-30,2470000000,65963108359.14993,0.0374,0.0400,False,256.4704895019531,241.65887451171875,-0.0578,0.0638
ELV,2020-06-30,2470000000,60926092247.30731,0.0405,0.0400,True,241.65887451171875,355.3394775390625,0.4704,0.4089
ELV,2021-06-30,2470000000,87001550072.68237,0.0284,0.0400,False,355.3394775390625,454.2070617675781,0.2782,-0.1062
ELV,2022-06-30,2470000000,109502409560.68298,0.0226,0.0400,False,454.2070617675781,422.996826171875,-0.0687,0.1942
ELV,2023-06-30,2470000000,100273853140.6189,0.0246,0.0400,False,422.996826171875,515.4127197265625,0.2185,0.2474
ELV,2024-06-30,3750000000,119791124943.51648,0.0313,0.0451,False,515.4127197265625,380.9573974609375,-0.2609,0.1471
ELV,2025-06-30,3750000000,86071457212.37793,0.0436,0.0478,False,380.9573974609375,386.7300109863281,0.0152,0.2221
COP,2014-06-30,-16349000000,71319892346.52739,-0.2292,0.0400,False,58.09202194213867,43.327327728271484,-0.2542,0.0724
COP,2015-06-30,-16349000000,53420282102.895294,-0.3060,0.0400,False,43.327327728271484,32.02546310424805,-0.2608,0.0397
COP,2016-06-30,4414000000,39659924094.78046,0.1113,0.0400,True,32.02546310424805,33.02958679199219,0.0314,0.1777
COP,2017-06-30,6869000000,40861032386.330124,0.1681,0.0400,True,33.02958679199219,53.41460037231445,0.6172,0.1429
COP,2018-06-30,-4428000000,62498618909.46936,-0.0708,0.0400,False,53.41460037231445,48.617637634277344,-0.0898,0.1114
COP,2019-06-30,-4428000000,54946484070.810585,-0.0806,0.0400,False,48.617637634277344,33.80405044555664,-0.3047,0.0638
COP,2020-06-30,-4428000000,36252314275.33225,-0.1221,0.0400,False,33.80405044555664,50.95448684692383,0.5073,0.4089
COP,2021-06-30,-4428000000,68758924865.3393,-0.0644,0.0400,False,50.95448684692383,77.94349670410156,0.5297,-0.1062
COP,2022-06-30,-4428000000,100815980503.51616,-0.0439,0.0400,False,77.94349670410156,94.58219146728516,0.2135,0.1942
COP,2023-06-30,-3615000000,114450002609.65005,-0.0316,0.0400,False,94.58219146728516,107.34150695800781,0.1349,0.2474
COP,2024-06-30,-2701000000,125539539422.43054,-0.0215,0.0451,False,107.34150695800781,86.86096954345703,-0.1908,0.1471
COP,2025-06-30,-2701000000,109654158819.7408,-0.0246,0.0478,False,86.86096954345703,103.95999908447266,0.1969,0.2221
PYPL,2020-06-30,419000000,202786611599.05157,0.0021,0.0400,False,172.7340545654297,288.9773254394531,0.6730,0.4089
PYPL,2021-06-30,419000000,339469771163.61346,0.0012,0.0400,False,288.9773254394531,69.24034118652344,-0.7604,-0.1062
PYPL,2022-06-30,1228000000,80183079791.57738,0.0153,0.0400,False,69.24034118652344,66.15705108642578,-0.0445,0.1942
PYPL,2023-06-30,1401000000,73812345978.81482,0.0190,0.0400,False,66.15705108642578,57.31364059448242,-0.1337,0.2474
PYPL,2024-06-30,1795000000,59952706839.15523,0.0299,0.0451,False,57.31364059448242,73.681884765625,0.2856,0.1471
PYPL,2025-06-30,2057000000,71658051837.16528,0.0287,0.0478,False,73.681884765625,43.18000030517578,-0.4140,0.2221
UPS,2014-06-30,382000000,47292264644.867355,0.0081,0.0400,False,66.24269104003906,64.28582000732422,-0.0295,0.0724
UPS,2015-06-30,807000000,45895206927.22288,0.0176,0.0400,False,64.28582000732422,73.61258697509766,0.1451,0.0397
UPS,2016-06-30,807000000,52553812198.17034,0.0154,0.0400,False,73.61258697509766,77.84552764892578,0.0575,0.1777
UPS,2017-06-30,807000000,55575811265.98757,0.0145,0.0400,False,77.84552764892578,77.13748168945312,-0.0091,0.1429
UPS,2018-06-30,807000000,55070320073.368744,0.0147,0.0400,False,77.13748168945312,77.36184692382812,0.0029,0.1114
UPS,2019-06-30,807000000,55230499858.8602,0.0146,0.0400,False,77.36184692382812,86.63736724853516,0.1199,0.0638
UPS,2020-06-30,3032000000,61852518907.72027,0.0490,0.0400,True,86.63736724853516,165.91818237304688,0.9151,0.4089
UPS,2021-06-30,3032000000,118453016732.64981,0.0256,0.0400,False,165.91818237304688,149.46363830566406,-0.0992,-0.1062
UPS,2022-06-30,3422000000,106705718420.52434,0.0321,0.0400,False,149.46363830566406,152.01373291015625,0.0171,0.1942
UPS,2023-06-30,1343000000,108526292841.81708,0.0124,0.0400,False,152.01373291015625,120.3450698852539,-0.2083,0.2474
UPS,2024-06-30,1343000000,85917265804.89368,0.0156,0.0451,False,120.3450698852539,94.44493865966797,-0.2152,0.1471
UPS,2025-06-30,1343000000,67426533604.46342,0.0199,0.0478,False,94.44493865966797,107.5,0.1382,0.2221
REGN,2015-06-30,-221760000,47536698008.14453,-0.0047,0.0400,False,505.951171875,346.36920166015625,-0.3154,0.0397
REGN,2016-06-30,-221760000,32543156442.592163,-0.0068,0.0400,False,346.36920166015625,487.1167297363281,0.4064,0.1777
REGN,2017-06-30,-221760000,45767105925.21698,-0.0048,0.0400,False,487.1167297363281,342.1639404296875,-0.2976,0.1429
REGN,2018-06-30,-221760000,32148050661.104736,-0.0069,0.0400,False,342.1639404296875,313.96685791015625,-0.0824,0.1114
REGN,2019-06-30,338126000,29498790671.3031,0.0115,0.0400,False,313.96685791015625,618.541259765625,0.9701,0.0638
REGN,2020-06-30,338126000,58115112100.81787,0.0058,0.0400,False,618.541259765625,553.964599609375,-0.1044,0.4089
REGN,2021-06-30,338126000,52047804892.404785,0.0065,0.0400,False,553.964599609375,586.2875366210938,0.0583,-0.1062
REGN,2022-06-30,636056000,55084709994.86389,0.0115,0.0400,False,586.2875366210938,712.6539306640625,0.2155,0.1942
REGN,2023-06-30,895500000,66957478447.474365,0.0134,0.0400,False,712.6539306640625,1048.361328125,0.4711,0.2474
REGN,2024-06-30,1198500000,98498903903.73047,0.0122,0.0451,False,1048.361328125,522.1387329101562,-0.5019,0.1471
REGN,2025-06-30,2115800000,49057602085.83435,0.0431,0.0478,False,522.1387329101562,623.5399780273438,0.1942,0.2221
LOW,2014-06-30,1783000000,38513020363.82643,0.0463,0.0400,True,38.616661071777344,54.75100326538086,0.4178,0.0724
LOW,2015-06-30,1783000000,51065475397.22989,0.0349,0.0400,False,54.75100326538086,65.74601745605469,0.2008,0.0397
LOW,2016-06-30,1783000000,58257856126.02838,0.0306,0.0400,False,65.74601745605469,65.57342529296875,-0.0026,0.1777
LOW,2017-06-30,1839000000,55358819655.982666,0.0332,0.0400,False,65.57342529296875,82.41372680664062,0.2568,0.1429
LOW,2018-06-30,1839000000,67262290975.04498,0.0273,0.0400,False,82.41372680664062,89.8173828125,0.0898,0.1114
LOW,2019-06-30,1959000000,70319509553.64453,0.0279,0.0400,False,89.8173828125,121.22111511230469,0.3496,0.0638
LOW,2020-06-30,2286000000,91522278298.38448,0.0250,0.0400,False,121.22111511230469,176.4197235107422,0.4554,0.4089
LOW,2021-06-30,2314000000,124709362522.01067,0.0186,0.0400,False,176.4197235107422,161.2831268310547,-0.0858,-0.1062
LOW,2022-06-30,2314000000,103080696150.27359,0.0224,0.0400,False,161.2831268310547,212.86996459960938,0.3199,0.1942
LOW,2023-06-30,2314000000,124737708533.26138,0.0186,0.0400,False,212.86996459960938,205.56150817871094,-0.0343,0.2474
LOW,2024-06-30,2314000000,117136198542.4305,0.0198,0.0451,False,205.56150817871094,217.590087890625,0.0585,0.1471
LOW,2025-06-30,2314000000,121945679479.02612,0.0190,0.0478,False,217.590087890625,220.49000549316406,0.0133,0.2221
DVN,2014-06-30,-2479000000,21618561514.663696,-0.1147,0.0400,False,52.99966049194336,40.333648681640625,-0.2390,0.0724
DVN,2015-06-30,-2479000000,16581162973.02246,-0.1495,0.0400,False,40.333648681640625,25.205488204956055,-0.3751,0.0397
DVN,2016-06-30,-2479000000,13207675819.396973,-0.1877,0.0400,False,25.205488204956055,22.36248779296875,-0.1128,0.1777
DVN,2017-06-30,-206000000,11755959832.763672,-0.0175,0.0400,False,22.36248779296875,30.967744827270508,0.3848,0.1429
DVN,2018-06-30,-12896000000,16208517642.593384,-0.7956,0.0400,False,30.967744827270508,20.586244583129883,-0.3352,0.1114
DVN,2019-06-30,-12896000000,8547408750.915527,-1.5088,0.0400,False,20.586244583129883,8.301161766052246,-0.5968,0.0638
DVN,2020-06-30,-12896000000,3176854607.8681946,-4.0594,0.0400,False,8.301161766052246,22.789030075073242,1.7453,0.4089
DVN,2021-06-30,-12896000000,15425894457.817078,-0.8360,0.0400,False,22.789030075073242,46.11481857299805,1.0236,-0.1062
DVN,2022-06-30,-12896000000,30435780258.17871,-0.4237,0.0400,False,46.11481857299805,43.66996765136719,-0.0530,0.1942
DVN,2023-06-30,-2680000000,28023018241.882324,-0.0956,0.0400,False,43.66996765136719,45.0715446472168,0.0321,0.2474
DVN,2024-06-30,-2680000000,28485216217.041016,-0.0941,0.0451,False,45.0715446472168,31.004743576049805,-0.3121,0.1471
DVN,2025-06-30,-2680000000,19908145850.18158,-0.1346,0.0478,False,31.004743576049805,41.31999969482422,0.3327,0.2221
ADBE,2014-06-30,386508000,35990072597.613754,0.0107,0.0400,False,72.36000061035156,81.01000213623047,0.1195,0.0724
ADBE,2015-06-30,386508000,40314252810.82521,0.0096,0.0400,False,81.01000213623047,95.79000091552734,0.1824,0.0397
ADBE,2016-06-30,289985000,47731285000.87894,0.0061,0.0400,False,95.79000091552734,141.44000244140625,0.4766,0.1777
ADBE,2017-06-30,268395000,69787299876.6037,0.0038,0.0400,False,141.44000244140625,243.80999755859375,0.7238,0.1429
ADBE,2018-06-30,268395000,119384650963.89453,0.0022,0.0400,False,243.80999755859375,300.9700012207031,0.2344,0.1114
ADBE,2019-06-30,268395000,146102504791.7166,0.0018,0.0400,False,300.9700012207031,435.30999755859375,0.4464,0.0638
ADBE,2020-06-30,268395000,208803074018.0323,0.0013,0.0400,False,435.30999755859375,585.6400146484375,0.3453,0.4089
ADBE,2021-06-30,268395000,278998902978.5156,0.0010,0.0400,False,585.6400146484375,366.05999755859375,-0.3749,-0.1062
ADBE,2022-06-30,629551000,171316078857.42188,0.0037,0.0400,False,366.05999755859375,488.989990234375,0.3358,0.1942
ADBE,2023-06-30,1168782000,222881637548.82812,0.0052,0.0400,False,488.989990234375,560.010009765625,0.1452,0.2474
ADBE,2024-06-30,1693954000,248308438330.07812,0.0068,0.0451,False,560.010009765625,386.8800048828125,-0.3092,0.1471
ADBE,2025-06-30,2591000000,164114498071.28906,0.0158,0.0478,False,386.8800048828125,205.02000427246094,-0.4701,0.2221
BLDR,2016-06-30,-95508000,1238746005.0,-0.0771,0.0400,False,11.25,15.319999694824219,0.3618,0.1777
BLDR,2017-06-30,-95508000,1721406043.4294357,-0.0555,0.0400,False,15.319999694824219,18.290000915527344,0.1939,0.1429
BLDR,2018-06-30,-64995000,2096453494.6404266,-0.0310,0.0400,False,18.290000915527344,16.959999084472656,-0.0727,0.1114
BLDR,2019-06-30,-56856000,1960700770.638298,-0.0290,0.0400,False,16.959999084472656,20.700000762939453,0.2205,0.0638
BLDR,2020-06-30,-42691000,2413844332.067005,-0.0177,0.0400,False,20.700000762939453,42.65999984741211,1.0609,0.4089
BLDR,2021-06-30,-22831000,8836316059.573933,-0.0026,0.0400,False,42.65999984741211,53.70000076293945,0.2588,-0.1062
BLDR,2022-06-30,-22831000,9277410768.108242,-0.0025,0.0400,False,53.70000076293945,136.0,1.5326,0.1942
BLDR,2023-06-30,38781000,17430970944.0,0.0022,0.0400,False,136.0,133.99000549316406,-0.0148,0.2474
BLDR,2024-06-30,38781000,16354440744.790054,0.0024,0.0451,False,133.99000549316406,116.69000244140625,-0.1291,0.1471
BLDR,2025-06-30,205191000,12895974382.231567,0.0159,0.0478,False,116.69000244140625,89.4800033569336,-0.2332,0.2221
BBY,2014-06-30,-1425000000,6957754928.690224,-0.2048,0.0400,False,19.947490692138672,21.7415828704834,0.0899,0.0724
BBY,2015-06-30,-1425000000,7669807757.773132,-0.1858,0.0400,False,21.7415828704834,21.341848373413086,-0.0184,0.0397
BBY,2016-06-30,-1425000000,6888140081.867313,-0.2069,0.0400,False,21.341848373413086,41.07232666015625,0.9245,0.1777
BBY,2017-06-30,-1425000000,12525514120.767761,-0.1138,0.0400,False,41.07232666015625,54.72073745727539,0.3323,0.1429
BBY,2018-06-30,-1231000000,15288531792.562614,-0.0805,0.0400,False,54.72073745727539,54.653228759765625,-0.0012,0.1114
BBY,2019-06-30,-441000000,14594769928.452576,-0.0302,0.0400,False,54.653228759765625,67.8001708984375,0.2406,0.0638
BBY,2020-06-30,532000000,17513397395.612183,0.0304,0.0400,False,67.8001708984375,91.40821075439453,0.3482,0.4089
BBY,2021-06-30,897000000,22895288132.427986,0.0392,0.0400,False,91.40821075439453,53.62694549560547,-0.4133,-0.1062
BBY,2022-06-30,897000000,12075093889.521309,0.0743,0.0400,True,53.62694549560547,70.64898681640625,0.3174,0.1942
BBY,2023-06-30,1000000000,15416353210.415955,0.0649,0.0400,True,70.64898681640625,74.39178466796875,0.0530,0.2474
BBY,2024-06-30,1000000000,16047331137.487183,0.0623,0.0451,True,74.39178466796875,63.58329772949219,-0.1453,0.1471
BBY,2025-06-30,1419000000,13438119768.74588,0.1056,0.0478,True,63.58329772949219,75.87999725341797,0.1934,0.2221
FDX,2015-06-30,98000000,33002721634.318054,0.0030,0.0400,False,116.30642700195312,104.39230346679688,-0.1024,0.0397
FDX,2016-06-30,98000000,28021374820.40326,0.0035,0.0400,False,104.39230346679688,150.81451416015625,0.4447,0.1777
FDX,2017-06-30,1184000000,40324023786.104126,0.0294,0.0400,False,150.81451416015625,159.01560974121094,0.0544,0.1429
FDX,2018-06-30,1050000000,42491389073.2289,0.0247,0.0400,False,159.01560974121094,115.66029357910156,-0.2726,0.1114
FDX,2019-06-30,1050000000,30138136123.18048,0.0348,0.0400,False,115.66029357910156,101.32157897949219,-0.1240,0.0638
FDX,2020-06-30,1050000000,26470240116.32338,0.0397,0.0400,False,101.32157897949219,217.7729949951172,1.1493,0.4089
FDX,2021-06-30,1050000000,57784338370.96901,0.0182,0.0400,False,217.7729949951172,167.88174438476562,-0.2291,-0.1062
FDX,2022-06-30,540000000,43511293191.07425,0.0124,0.0400,False,167.88174438476562,187.90943908691406,0.1193,0.1942
FDX,2023-06-30,540000000,47231401495.07936,0.0114,0.0400,False,187.90943908691406,231.00990295410156,0.2294,0.2474
FDX,2024-06-30,540000000,56847090176.37253,0.0095,0.0451,False,231.00990295410156,179.66673278808594,-0.2223,0.1471
FDX,2025-06-30,540000000,43047954956.28725,0.0125,0.0478,False,179.66673278808594,313.1300048828125,0.7428,0.2221
CDW,2016-06-30,-373400000,5869532847.039936,-0.0636,0.0400,False,35.442012786865234,55.9040412902832,0.5773,0.1777
CDW,2017-06-30,-29200000,8781890096.31464,-0.0033,0.0400,False,55.9040412902832,73.05493927001953,0.3068,0.1429
CDW,2018-06-30,17100000,11086768198.479218,0.0015,0.0400,False,73.05493927001953,102.95855712890625,0.4093,0.1114
CDW,2019-06-30,119000000,15034214326.118591,0.0079,0.0400,False,102.95855712890625,107.5412826538086,0.0445,0.0638
CDW,2020-06-30,132800000,15305070158.522736,0.0087,0.0400,False,107.5412826538086,163.51858520507812,0.5205,0.4089
CDW,2021-06-30,244900000,22925884665.062164,0.0107,0.0400,False,163.51858520507812,149.09756469726562,-0.0882,-0.1062
CDW,2022-06-30,403100000,20145424804.317627,0.0200,0.0400,False,149.09756469726562,175.77792358398438,0.1789,0.1942
CDW,2023-06-30,425100000,23692522737.178955,0.0179,0.0400,False,175.77792358398438,212.2635955810547,0.2076,0.2474
CDW,2024-06-30,523100000,28527734794.552002,0.0183,0.0451,False,212.2635955810547,175.2039794921875,-0.1746,0.1471
CDW,2025-06-30,643000000,23071762320.025635,0.0279,0.0478,False,175.2039794921875,140.63999938964844,-0.1973,0.2221
CHTR,2017-06-30,-369000000,91262040515.41223,-0.0040,0.0400,False,336.8500061035156,293.2099914550781,-0.1296,0.1429
CHTR,2018-06-30,-369000000,79438746132.82288,-0.0046,0.0400,False,293.2099914550781,397.739990234375,0.3565,0.1114
CHTR,2019-06-30,-304000000,107758831662.94043,-0.0028,0.0400,False,397.739990234375,510.0400085449219,0.2823,0.0638
CHTR,2020-06-30,-271000000,138184031708.17712,-0.0020,0.0400,False,510.0400085449219,721.4500122070312,0.4145,0.4089
CHTR,2021-06-30,-271000000,195460884817.82446,-0.0014,0.0400,False,721.4500122070312,468.5299987792969,-0.3506,-0.1062
CHTR,2022-06-30,-271000000,126937814922.11755,-0.0021,0.0400,False,468.5299987792969,367.3699951171875,-0.2159,0.1942
CHTR,2023-06-30,1230000000,99530754849.47021,0.0124,0.0400,False,367.3699951171875,296.0199890136719,-0.1942,0.2474
CHTR,2024-06-30,1230000000,80200052668.05798,0.0153,0.0451,False,296.0199890136719,408.80999755859375,0.3810,0.1471
CHTR,2025-06-30,1230000000,110758004703.2351,0.0111,0.0478,False,408.80999755859375,142.2100067138672,-0.6521,0.2221
SWKS,2015-06-30,94983000,15722262186.039948,0.0060,0.0400,False,82.27311706542969,50.750789642333984,-0.3831,0.0397
SWKS,2016-06-30,94983000,9654735622.085724,0.0098,0.0400,False,50.750789642333984,78.01991271972656,0.5373,0.1777
SWKS,2017-06-30,137294000,14396589207.626907,0.0095,0.0400,False,78.01991271972656,79.56396484375,0.0198,0.1429
SWKS,2018-06-30,202000000,14486581608.48584,0.0139,0.0400,False,79.56396484375,68.75149536132812,-0.1359,0.1114
SWKS,2019-06-30,202000000,11872942001.804138,0.0170,0.0400,False,68.75149536132812,109.29885864257812,0.5898,0.0638
SWKS,2020-06-30,278100000,18234973778.503876,0.0153,0.0400,False,109.29885864257812,166.0101318359375,0.5189,0.4089
SWKS,2021-06-30,457700000,27407033002.44873,0.0167,0.0400,False,166.0101318359375,81.50720977783203,-0.5090,-0.1062
SWKS,2022-06-30,798300000,13116640162.673508,0.0609,0.0400,True,81.50720977783203,99.7847900390625,0.2242,0.1942
SWKS,2023-06-30,814800000,15881219919.786621,0.0513,0.0400,True,99.7847900390625,98.58881378173828,-0.0120,0.2474
SWKS,2024-06-30,814800000,15818240166.490677,0.0515,0.0451,True,98.58881378173828,71.5123519897461,-0.2746,0.1471
SWKS,2025-06-30,814800000,10736088332.671982,0.0759,0.0478,True,71.5123519897461,67.80000305175781,-0.0519,0.2221
HD,2014-06-30,2260000000,83511962354.57564,0.0271,0.0400,False,61.06383514404297,85.53271484375,0.4007,0.0724
HD,2015-06-30,2260000000,111104947645.84717,0.0203,0.0400,False,85.53271484375,100.27819061279297,0.1724,0.0397
HD,2016-06-30,2661000000,124746801855.05325,0.0213,0.0400,False,100.27819061279297,123.17819213867188,0.2284,0.1777
HD,2017-06-30,3338000000,147266299807.0041,0.0227,0.0400,False,123.17819213867188,160.1826629638672,0.3004,0.1429
HD,2018-06-30,3883000000,184777687454.9353,0.0210,0.0400,False,160.1826629638672,177.1023712158203,0.1056,0.1114
HD,2019-06-30,4535000000,194863277148.70483,0.0233,0.0400,False,177.1023712158203,216.34442138671875,0.2216,0.0638
HD,2020-06-30,5385000000,232683371916.61102,0.0231,0.0400,False,216.34442138671875,281.5734558105469,0.3015,0.4089
HD,2021-06-30,6345000000,299385351681.0903,0.0212,0.0400,False,281.5734558105469,247.44078063964844,-0.1212,-0.1062
HD,2022-06-30,7009000000,254308486144.49973,0.0276,0.0400,False,247.44078063964844,287.9010314941406,0.1635,0.1942
HD,2023-06-30,7957000000,289448824866.5872,0.0275,0.0400,False,287.9010314941406,319.7716369628906,0.1107,0.2474
HD,2024-06-30,8630000000,317090091492.8443,0.0272,0.0451,False,319.7716369628906,357.1444396972656,0.1169,0.1471
HD,2025-06-30,11121000000,355332997741.95447,0.0313,0.0478,False,357.1444396972656,352.67999267578125,-0.0125,0.2221
MU,2016-06-30,-1882000000,13914928952.849087,-0.1353,0.0400,False,13.417888641357422,29.117591857910156,1.1701,0.1777
MU,2017-06-30,-1032000000,32438914257.254288,-0.0318,0.0400,False,29.117591857910156,51.13619613647461,0.7562,0.1429
MU,2018-06-30,-1032000000,59308303703.43959,-0.0174,0.0400,False,51.13619613647461,39.11275100708008,-0.2351,0.1114
MU,2019-06-30,-1032000000,43172786723.60065,-0.0239,0.0400,False,39.11275100708008,50.23906326293945,0.2845,0.0638
MU,2020-06-30,-276000000,55815522519.83707,-0.0049,0.0400,False,50.23906326293945,82.86714935302734,0.6495,0.4089
MU,2021-06-30,-276000000,92928510780.19595,-0.0030,0.0400,False,82.86714935302734,54.11233901977539,-0.3470,-0.1062
MU,2022-06-30,-276000000,60425455538.13104,-0.0046,0.0400,False,54.11233901977539,62.295291900634766,0.1512,0.1942
MU,2023-06-30,-276000000,68232133389.594635,-0.0040,0.0400,False,62.295291900634766,130.58383178710938,1.0962,0.2474
MU,2024-06-30,2687000000,144796749192.9793,0.0186,0.0451,False,130.58383178710938,122.93677520751953,-0.0586,0.1471
MU,2025-06-30,2687000000,137581630970.72958,0.0195,0.0478,False,122.93677520751953,1154.112548828125,8.3879,0.2221
TXN,2014-06-30,1470000000,37213459418.65003,0.0395,0.0400,False,34.47761917114258,38.13068389892578,0.1060,0.0724
TXN,2015-06-30,1470000000,39669767068.40595,0.0371,0.0400,False,38.13068389892578,47.657264709472656,0.2498,0.0397
TXN,2016-06-30,1470000000,47858707725.90304,0.0307,0.0400,False,47.657264709472656,60.01024627685547,0.2592,0.1777
TXN,2017-06-30,1759000000,59789637449.63594,0.0294,0.0400,False,60.01024627685547,88.08897399902344,0.4679,0.1429
TXN,2018-06-30,1759000000,86231895550.6111,0.0204,0.0400,False,88.08897399902344,96.32169342041016,0.0935,0.1114
TXN,2019-06-30,1759000000,90369607168.19891,0.0195,0.0400,False,96.32169342041016,107.37010955810547,0.1147,0.0638
TXN,2020-06-30,2162000000,98541349013.6018,0.0219,0.0400,False,107.37010955810547,166.82679748535156,0.5538,0.4089
TXN,2021-06-30,2821000000,154068471744.47943,0.0183,0.0400,False,166.82679748535156,136.68174743652344,-0.1807,-0.1062
TXN,2022-06-30,2986000000,126038865304.96025,0.0237,0.0400,False,136.68174743652344,164.8973846435547,0.2064,0.1942
TXN,2023-06-30,3595000000,149669748005.4219,0.0240,0.0400,False,164.8973846435547,183.89588928222656,0.1152,0.2474
TXN,2024-06-30,3682000000,167433923914.26004,0.0220,0.0451,False,183.89588928222656,201.9554443359375,0.0982,0.1471
TXN,2025-06-30,5017000000,183470882381.2379,0.0273,0.0478,False,201.9554443359375,298.07000732421875,0.4759,0.2221
