ticker,cik,cap,worst5_ni,yld,passed,r1,r3,r5
BLNK,1429764,110926454,-75363496,-0.6794,False,-0.47758284464497014,7.025340594642879,0.16764125487177917
ARQ,1515156,233154803,-30141000,-0.12927,False,0.2152040031056488,-0.23992916522827756,-0.8092129834466811
JYNT,1612630,111196912,-15173872,-0.13646,False,1.2249388855674805,9.259168097566707,0.650366686595117
SURG,1392694,57010304,-4600176,-0.08069,False,0.9512194819377577,-0.4593495941262967,-0.40569107077852773
MTEX,1056358,55745056,-1787000,-0.03206,False,-0.11723104928940875,0.6214651510548292,-0.2143665379257511
MHH,1437226,87933565,1626000,0.01849,False,-0.4099379021795545,0.8571427894463677,0.22732917768278949
FXA,1353614,125868002,1455322,0.01156,False,-0.04231455299115394,0.017633944735609086,-0.09493741291596391
STKS,1399520,66466822,-21469214,-0.32301,False,0.3168724114292174,3.5349794876630165,2.0123456668994275
AMSC,880807,146846791,-56258000,-0.38311,False,0.32571424756731315,1.4842856270926341,-0.10571425301688053
CRWS,25895,57396479,3021000,0.05263,True,-0.12525321853259552,0.6160853790368817,0.27072781258577394
UEEC,1096938,142795483,-2591861,-0.01815,False,0.11904765114762705,0.22619048041416145,-0.5952380783433542
FXC,1353612,161357507,-810823,-0.00503,False,0.010399213586632428,0.06803112839286252,0.009552742027090666
EFSI,880641,124587309,6370000,0.05113,True,-0.11301628758930493,0.048870955638344205,0.010529697300571517
FRD,39092,72407556,-2678684,-0.03699,False,-0.36936318807030655,0.2480278231560944,0.4410537523340674
FCAP,1070296,139481852,5074000,0.03638,False,0.24265345118694692,0.10281900962592827,-0.1615162447874524
STRS,885508,249085447,-5999000,-0.02408,False,0.06153861183195053,-0.19247132775963094,-0.012346869721368114
ASPN,1145986,117023042,-66324000,-0.56676,False,0.45510203585134157,5.106122345707906,0.6102040230458314
THM,1134115,93261342,-9852480,-0.10564,False,0.12000000476837158,1.0999999046325684,-0.1600000262260437
UBCP,731653,75064104,2612000,0.0348,False,-0.12385978963879052,0.21438106441735716,0.12812532796210996
BFST,1624322,270665386,4033000,0.0149,False,-0.020857442056074316,-0.07014171423742854,-0.36806637732606695
VERU,863894,108096155,-6612047,-0.06117,False,0.05445536794925476,2.9950492029832443,-0.41089113024376855
FCCO,932781,190777322,4137000,0.02168,False,-0.24754085617888144,-0.13192049230436065,-0.21403184353215143
VTOL,1525221,280864465,-28161000,-0.10027,False,-0.3559845241526015,-0.011196815701047913,0.10926641987706076
CVU,889348,93853840,-25209275,-0.2686,False,-0.19904763357979915,-0.6619047664460682,-0.6295237995329357
ISTR,1602658,264071460,3168000,0.012,False,-0.1309273620483209,-0.13874109350995245,-0.5254891075844847
PROV,1010470,142352140,5207000,0.03658,False,0.13319873722617714,-0.0010412985393155605,-0.2051874229708237
STGW,876883,259045977,-148863000,-0.57466,False,-0.4521739058323302,0.271739136068492,0.5673913451358825
POWW,1015383,183388828,-5788901,-0.03157,False,-0.6324503240676926,0.620860931073504,-0.6473509722030777
ATLX,1540684,276721698,-3428735,-0.01239,False,-0.5,5.0,13.28000005086263
ANIP,1023024,271900951,-1076000,-0.00396,False,0.2305388202535288,-0.4752994365897979,-0.19416168605042938
DXLG,813298,134777739,-59786000,-0.44359,False,-0.3490909229625355,1.1781817349520596,0.6581817973743787
HBIO,1123494,192495456,-19039000,-0.09891,False,-0.6261682242990654,0.5570094028365946,0.02616825282016655
AUBN,750574,180763860,7118000,0.03938,False,-0.30651995710844393,-0.23126452316446022,-0.5019926495257645
ORN,1402829,233840086,-8060000,-0.03447,False,-0.6755447950974214,-0.3038741112991007,-0.6598063117535853
FREVS,36840,111471938,2631000,0.0236,False,0.039381150491618166,0.19590394341100237,0.8887020155576786
REED,1140215,71352723,-18373000,-0.2575,False,0.3263157894736841,-0.6421052631578947,-0.9799298247398689
GHM,716314,271751111,-9844000,-0.03622,False,-0.3252096742865781,-0.533405389127455,-0.372849334908124
NUVR,71557,95022640,2666155,0.02806,False,0.03758163458635644,0.3641435011689427,-0.16759941775727416
FLNT,1460329,184284205,-84535000,-0.45872,False,1.195918312798303,0.19591837767410758,-0.742857141466947
UTGN,832480,86176064,916620,0.01064,False,0.15423077803391672,0.0003846241877629719,0.48576927185058594
LYTS,763532,133774703,-123000,-0.00092,False,-0.08838216218841843,0.7894094563420455,2.5409761949995593
NWBO,1072379,109060900,-135634000,-1.24365,False,0.0,4.653846471267351,1.1923077452112252
HCIL,1086303,159084460,-3682244,-0.02315,False,-0.6874999883584676,-0.48437496798578583,4.562500034924597
FCEL,886128,113473420,-53903000,-0.47503,False,-0.9886363637275859,-0.4381313275647063,-0.8636363607172504
WKHS,1425287,76694436,-42239231,-0.55075,False,0.6153846153846154,8.115384615384615,-0.5208791208791208
OVLY,1431567,187145331,4908000,0.02623,False,-0.1337873321520825,-0.16681466916105525,0.1920619015884677
HWBK,893847,131858035,3414000,0.02589,False,0.24526042777981583,0.11647520315442406,0.0009830249703923766
CVSI,1510964,150250852,-14141298,-0.09412,False,1.4518073816260708,-0.771084335618968,-0.9759036145119072
BNED,1634117,264609714,-252566000,-0.95448,False,-0.4042553515883731,0.27836873832959386,-0.77659575684564
ACCS,843006,60905565,42126,0.00069,False,-0.4354810085657117,0.36694248055220324,-0.05291852263175845
IRIX,1006045,80998406,-12867000,-0.15885,False,-0.34626434399470873,0.014367802310988553,-0.6882183815516637
CPSS,889609,86504358,3765000,0.04352,True,-0.0663391174342085,0.10565105901779281,1.867321765131583
SCNX,1382574,95957481,-2760125,-0.02876,False,0.10000012246845791,0.47333351386091205,-0.7099999986392393
KVHI,1007587,234590269,-11034000,-0.04704,False,-0.18880595559663793,-0.08208951187388613,-0.3179104027224413
VATE,1006837,260701570,-94549000,-0.36267,False,-0.5965811995799287,-3.3616461190204268,-2.038412258168421
TPHS,724742,207162220,-32857000,-0.15861,False,-0.3969465751663507,-0.6778626208163365,-0.917557251033135
III,1371489,181794234,-6378000,-0.03508,False,-0.22926827696892593,0.4342348174372488,0.3810193227587422
UNTY,920427,243632503,5115000,0.02099,False,0.011442341001404621,0.018369586320049036,0.12604809452931387
NGVC,1547459,284920922,6891000,0.02419,False,-0.2111459011060507,0.0014999770069523688,0.2128154518389329
LNAI,1527728,120064230,-2392830,-0.01993,False,0.3554216555992573,0.48795181899583606,-0.8292168690964832
NSSC,69633,282621286,3021000,0.01069,False,1.2834433820790943,1.5913908197131943,2.2986727574148595
LVO,1491419,292233078,-23336000,-0.07985,False,-0.28076257450146636,-0.2287695075979579,-0.6949740008881566
CNVS,1173204,54268575,-41742000,-0.76917,False,-0.12903225806451613,-0.16774196009482112,-0.9383870978509226
ORMP,1176309,107309132,-10964000,-0.10217,False,-0.5168237178183166,0.8008074949475632,-0.5181696000986908
OVBC,894671,247552622,6920000,0.02795,False,-0.2486109409623246,-0.4917521463758182,-0.44663290390401333
INTT,1036262,76456975,975000,0.01275,False,-0.34109591546526563,1.297260276656993,2.597260211336836
OMEX,798528,70190675,-26473114,-0.37716,False,-0.30036185555802886,-0.2328105955632862,-0.5657418671654764
LQMT,1141240,218204057,-18744000,-0.0859,False,-0.5,-0.7083333255723117,-0.75
PMCB,1157075,69205701,-27254020,-0.39381,False,-0.42898973236906457,-0.8418740838906951,-0.972984461788058
HNRG,788965,213883787,10219000,0.04778,True,-0.1893833153554767,-0.5952422369963234,0.28711465355970867
ARTNB,863110,291063712,8301000,0.02852,False,-0.07805240294008675,0.13820432553923645,0.6610201147347463
FXE,1328598,263340994,-2249106,-0.00854,False,-0.033821287995124405,-0.011155053216580058,-0.09586538865088412
KANP,1230058,60052536,-16651000,-0.27727,False,-0.01970148798245097,-0.34328358208955223,-0.34328358208955223
