ticker,year,reason,detail
A,2013,INSUFFICIENT_NI_HISTORY,4
ABNB,2013,INSUFFICIENT_NI_HISTORY,0
ABNB,2014,INSUFFICIENT_NI_HISTORY,0
ABNB,2015,INSUFFICIENT_NI_HISTORY,0
ABNB,2016,INSUFFICIENT_NI_HISTORY,0
ABNB,2017,INSUFFICIENT_NI_HISTORY,0
ABNB,2018,INSUFFICIENT_NI_HISTORY,0
ABNB,2019,INSUFFICIENT_NI_HISTORY,0
ABNB,2020,INSUFFICIENT_NI_HISTORY,0
ABNB,2021,INSUFFICIENT_NI_HISTORY,0
ABNB,2022,INSUFFICIENT_NI_HISTORY,1
ABNB,2023,INSUFFICIENT_NI_HISTORY,2
ABNB,2024,INSUFFICIENT_NI_HISTORY,3
ABNB,2025,INSUFFICIENT_NI_HISTORY,4
ADBE,2013,INSUFFICIENT_NI_HISTORY,4
ADP,2013,INSUFFICIENT_NI_HISTORY,3
ADP,2014,INSUFFICIENT_NI_HISTORY,4
AEP,2013,INSUFFICIENT_NI_HISTORY,4
ALB,2013,INSUFFICIENT_NI_HISTORY,3
ALB,2014,INSUFFICIENT_NI_HISTORY,4
AMAT,2013,INSUFFICIENT_NI_HISTORY,4
AME,2013,INSUFFICIENT_NI_HISTORY,4
ANET,2013,INSUFFICIENT_NI_HISTORY,0
ANET,2014,INSUFFICIENT_NI_HISTORY,0
ANET,2015,INSUFFICIENT_NI_HISTORY,1
ANET,2016,INSUFFICIENT_NI_HISTORY,2
ANET,2017,INSUFFICIENT_NI_HISTORY,3
ANET,2018,INSUFFICIENT_NI_HISTORY,4
APD,2013,INSUFFICIENT_NI_HISTORY,4
APTV,2013,INSUFFICIENT_NI_HISTORY,1
APTV,2014,INSUFFICIENT_NI_HISTORY,2
APTV,2015,INSUFFICIENT_NI_HISTORY,3
APTV,2016,INSUFFICIENT_NI_HISTORY,4
AVY,2013,INSUFFICIENT_NI_HISTORY,4
AVY,2014,INSUFFICIENT_NI_HISTORY,4
AVY,2015,INSUFFICIENT_NI_HISTORY,4
AVY,2016,INSUFFICIENT_NI_HISTORY,4
AVY,2017,INSUFFICIENT_NI_HISTORY,4
AVY,2018,INSUFFICIENT_NI_HISTORY,4
AZO,2013,INSUFFICIENT_NI_HISTORY,3
AZO,2014,INSUFFICIENT_NI_HISTORY,4
BAX,2013,INSUFFICIENT_NI_HISTORY,4
BF-B,2013,INSUFFICIENT_NI_HISTORY,3
BF-B,2014,INSUFFICIENT_NI_HISTORY,4
BF-B,2015,NO_SHARES_DATA,
BF-B,2016,NO_SHARES_DATA,
BF-B,2017,NO_SHARES_DATA,
BF-B,2018,NO_SHARES_DATA,
BF-B,2019,NO_SHARES_DATA,
BF-B,2020,NO_SHARES_DATA,
BF-B,2021,NO_SHARES_DATA,
BF-B,2022,NO_SHARES_DATA,
BF-B,2023,NO_SHARES_DATA,
BF-B,2024,NO_SHARES_DATA,
BF-B,2025,NO_SHARES_DATA,
BKNG,2013,INSUFFICIENT_NI_HISTORY,3
BKNG,2014,INSUFFICIENT_NI_HISTORY,4
BMY,2013,INSUFFICIENT_NI_HISTORY,4
CAH,2013,INSUFFICIENT_NI_HISTORY,3
CAH,2014,INSUFFICIENT_NI_HISTORY,4
CAT,2013,INSUFFICIENT_NI_HISTORY,4
CDW,2013,INSUFFICIENT_NI_HISTORY,1
CDW,2014,INSUFFICIENT_NI_HISTORY,3
CDW,2015,INSUFFICIENT_NI_HISTORY,4
CHD,2013,INSUFFICIENT_NI_HISTORY,3
CHD,2014,INSUFFICIENT_NI_HISTORY,4
CI,2013,INSUFFICIENT_NI_HISTORY,0
CI,2014,INSUFFICIENT_NI_HISTORY,0
CI,2015,INSUFFICIENT_NI_HISTORY,0
CI,2016,INSUFFICIENT_NI_HISTORY,0
CI,2017,INSUFFICIENT_NI_HISTORY,0
CI,2018,INSUFFICIENT_NI_HISTORY,0
CI,2019,INSUFFICIENT_NI_HISTORY,1
CI,2020,INSUFFICIENT_NI_HISTORY,2
CI,2021,INSUFFICIENT_NI_HISTORY,3
CI,2022,INSUFFICIENT_NI_HISTORY,4
CLX,2013,INSUFFICIENT_NI_HISTORY,3
CLX,2014,INSUFFICIENT_NI_HISTORY,4
CMI,2013,INSUFFICIENT_NI_HISTORY,4
CNP,2013,INSUFFICIENT_NI_HISTORY,4
COP,2013,INSUFFICIENT_NI_HISTORY,4
CPRT,2013,INSUFFICIENT_NI_HISTORY,2
CPRT,2014,INSUFFICIENT_NI_HISTORY,3
CPRT,2015,INSUFFICIENT_NI_HISTORY,4
CRM,2013,INSUFFICIENT_NI_HISTORY,4
CSX,2013,INSUFFICIENT_NI_HISTORY,4
CTVA,2013,INSUFFICIENT_NI_HISTORY,0
CTVA,2014,INSUFFICIENT_NI_HISTORY,0
CTVA,2015,INSUFFICIENT_NI_HISTORY,0
CTVA,2016,INSUFFICIENT_NI_HISTORY,0
CTVA,2017,INSUFFICIENT_NI_HISTORY,0
CTVA,2018,INSUFFICIENT_NI_HISTORY,0
CTVA,2019,INSUFFICIENT_NI_HISTORY,0
CTVA,2020,INSUFFICIENT_NI_HISTORY,0
CTVA,2021,INSUFFICIENT_NI_HISTORY,1
CTVA,2022,INSUFFICIENT_NI_HISTORY,2
CTVA,2023,INSUFFICIENT_NI_HISTORY,3
CTVA,2024,INSUFFICIENT_NI_HISTORY,4
CVX,2013,INSUFFICIENT_NI_HISTORY,4
DASH,2013,INSUFFICIENT_NI_HISTORY,0
DASH,2014,INSUFFICIENT_NI_HISTORY,0
DASH,2015,INSUFFICIENT_NI_HISTORY,0
DASH,2016,INSUFFICIENT_NI_HISTORY,0
DASH,2017,INSUFFICIENT_NI_HISTORY,0
DASH,2018,INSUFFICIENT_NI_HISTORY,0
DASH,2019,INSUFFICIENT_NI_HISTORY,0
DASH,2020,INSUFFICIENT_NI_HISTORY,0
DASH,2021,INSUFFICIENT_NI_HISTORY,1
DASH,2022,INSUFFICIENT_NI_HISTORY,2
DASH,2023,INSUFFICIENT_NI_HISTORY,3
DASH,2024,INSUFFICIENT_NI_HISTORY,4
DASH,2025,NO_SHARES_DATA,
DE,2013,INSUFFICIENT_NI_HISTORY,4
DG,2013,INSUFFICIENT_NI_HISTORY,0
DG,2014,INSUFFICIENT_NI_HISTORY,0
DG,2015,INSUFFICIENT_NI_HISTORY,0
DG,2016,INSUFFICIENT_NI_HISTORY,0
DG,2017,INSUFFICIENT_NI_HISTORY,0
DG,2018,INSUFFICIENT_NI_HISTORY,1
DG,2019,INSUFFICIENT_NI_HISTORY,2
DG,2020,INSUFFICIENT_NI_HISTORY,3
DG,2021,INSUFFICIENT_NI_HISTORY,4
DHR,2013,INSUFFICIENT_NI_HISTORY,4
DOV,2013,INSUFFICIENT_NI_HISTORY,4
DRI,2013,INSUFFICIENT_NI_HISTORY,3
DRI,2014,INSUFFICIENT_NI_HISTORY,4
DVA,2013,INSUFFICIENT_NI_HISTORY,4
EA,2013,INSUFFICIENT_NI_HISTORY,4
ECL,2013,INSUFFICIENT_NI_HISTORY,4
EIX,2013,INSUFFICIENT_NI_HISTORY,4
EME,2013,INSUFFICIENT_NI_HISTORY,3
EME,2014,INSUFFICIENT_NI_HISTORY,4
EQT,2013,INSUFFICIENT_NI_HISTORY,4
ETR,2013,INSUFFICIENT_NI_HISTORY,4
EXC,2013,INSUFFICIENT_NI_HISTORY,3
EXC,2014,INSUFFICIENT_NI_HISTORY,4
EXPE,2013,INSUFFICIENT_NI_HISTORY,3
EXPE,2014,INSUFFICIENT_NI_HISTORY,4
EXPE,2015,NO_SHARES_DATA,
EXPE,2016,NO_SHARES_DATA,
EXPE,2017,NO_SHARES_DATA,
EXPE,2018,NO_SHARES_DATA,
EXPE,2019,NO_SHARES_DATA,
EXPE,2020,NO_SHARES_DATA,
EXPE,2021,NO_SHARES_DATA,
EXPE,2022,NO_SHARES_DATA,
EXPE,2023,NO_SHARES_DATA,
EXPE,2024,NO_SHARES_DATA,
EXPE,2025,NO_SHARES_DATA,
FAST,2013,INSUFFICIENT_NI_HISTORY,4
FDXF,2013,INSUFFICIENT_NI_HISTORY,0
FDXF,2014,INSUFFICIENT_NI_HISTORY,0
FDXF,2015,INSUFFICIENT_NI_HISTORY,0
FDXF,2016,INSUFFICIENT_NI_HISTORY,0
FDXF,2017,INSUFFICIENT_NI_HISTORY,0
FDXF,2018,INSUFFICIENT_NI_HISTORY,0
FDXF,2019,INSUFFICIENT_NI_HISTORY,0
FDXF,2020,INSUFFICIENT_NI_HISTORY,0
FDXF,2021,INSUFFICIENT_NI_HISTORY,0
FDXF,2022,INSUFFICIENT_NI_HISTORY,0
FDXF,2023,INSUFFICIENT_NI_HISTORY,0
FDXF,2024,INSUFFICIENT_NI_HISTORY,0
FDXF,2025,INSUFFICIENT_NI_HISTORY,0
FICO,2013,INSUFFICIENT_NI_HISTORY,3
FICO,2014,INSUFFICIENT_NI_HISTORY,4
FOX,2013,INSUFFICIENT_NI_HISTORY,0
FOX,2014,INSUFFICIENT_NI_HISTORY,0
FOX,2015,INSUFFICIENT_NI_HISTORY,0
FOX,2016,INSUFFICIENT_NI_HISTORY,0
FOX,2017,INSUFFICIENT_NI_HISTORY,0
FOX,2018,INSUFFICIENT_NI_HISTORY,0
FOX,2019,INSUFFICIENT_NI_HISTORY,0
FOX,2020,INSUFFICIENT_NI_HISTORY,1
FOX,2021,INSUFFICIENT_NI_HISTORY,2
FOX,2022,INSUFFICIENT_NI_HISTORY,3
FOX,2023,INSUFFICIENT_NI_HISTORY,4
FTNT,2013,INSUFFICIENT_NI_HISTORY,2
FTNT,2014,INSUFFICIENT_NI_HISTORY,3
FTNT,2015,INSUFFICIENT_NI_HISTORY,4
GDDY,2013,INSUFFICIENT_NI_HISTORY,0
GDDY,2014,INSUFFICIENT_NI_HISTORY,0
GDDY,2015,INSUFFICIENT_NI_HISTORY,0
GDDY,2016,INSUFFICIENT_NI_HISTORY,1
GDDY,2017,INSUFFICIENT_NI_HISTORY,2
GDDY,2018,INSUFFICIENT_NI_HISTORY,3
GDDY,2019,INSUFFICIENT_NI_HISTORY,4
GDDY,2020,NO_SHARES_DATA,
GDDY,2021,NO_SHARES_DATA,
GDDY,2022,NO_SHARES_DATA,
GDDY,2023,NO_SHARES_DATA,
GEN,2013,INSUFFICIENT_NI_HISTORY,4
GIS,2013,INSUFFICIENT_NI_HISTORY,3
GIS,2014,INSUFFICIENT_NI_HISTORY,4
GNRC,2013,INSUFFICIENT_NI_HISTORY,2
GNRC,2014,INSUFFICIENT_NI_HISTORY,3
GNRC,2015,INSUFFICIENT_NI_HISTORY,4
GPC,2013,INSUFFICIENT_NI_HISTORY,4
HAL,2013,INSUFFICIENT_NI_HISTORY,4
HD,2013,INSUFFICIENT_NI_HISTORY,4
HON,2013,INSUFFICIENT_NI_HISTORY,4
HPQ,2013,INSUFFICIENT_NI_HISTORY,4
HSY,2013,INSUFFICIENT_NI_HISTORY,4
HWM,2013,INSUFFICIENT_NI_HISTORY,4
HWM,2014,NO_PRICE_AT_REBAL,
HWM,2015,NO_PRICE_AT_REBAL,
HWM,2016,NO_PRICE_AT_REBAL,
IEX,2013,INSUFFICIENT_NI_HISTORY,3
IEX,2014,INSUFFICIENT_NI_HISTORY,4
INTC,2013,INSUFFICIENT_NI_HISTORY,4
IQV,2013,INSUFFICIENT_NI_HISTORY,0
IQV,2014,INSUFFICIENT_NI_HISTORY,1
IQV,2015,INSUFFICIENT_NI_HISTORY,2
IQV,2016,INSUFFICIENT_NI_HISTORY,3
IQV,2017,INSUFFICIENT_NI_HISTORY,4
IT,2013,INSUFFICIENT_NI_HISTORY,3
IT,2014,INSUFFICIENT_NI_HISTORY,4
JBHT,2013,INSUFFICIENT_NI_HISTORY,3
JBHT,2014,INSUFFICIENT_NI_HISTORY,4
JNJ,2013,INSUFFICIENT_NI_HISTORY,4
KHC,2013,INSUFFICIENT_NI_HISTORY,0
KHC,2014,INSUFFICIENT_NI_HISTORY,0
KHC,2015,INSUFFICIENT_NI_HISTORY,0
KHC,2016,INSUFFICIENT_NI_HISTORY,0
KHC,2017,INSUFFICIENT_NI_HISTORY,1
KHC,2018,INSUFFICIENT_NI_HISTORY,2
KHC,2019,INSUFFICIENT_NI_HISTORY,3
KHC,2020,INSUFFICIENT_NI_HISTORY,4
KMI,2013,INSUFFICIENT_NI_HISTORY,2
KMI,2014,INSUFFICIENT_NI_HISTORY,3
KMI,2015,INSUFFICIENT_NI_HISTORY,4
KVUE,2013,INSUFFICIENT_NI_HISTORY,0
KVUE,2014,INSUFFICIENT_NI_HISTORY,0
KVUE,2015,INSUFFICIENT_NI_HISTORY,0
KVUE,2016,INSUFFICIENT_NI_HISTORY,0
KVUE,2017,INSUFFICIENT_NI_HISTORY,0
KVUE,2018,INSUFFICIENT_NI_HISTORY,0
KVUE,2019,INSUFFICIENT_NI_HISTORY,0
KVUE,2020,INSUFFICIENT_NI_HISTORY,0
KVUE,2021,INSUFFICIENT_NI_HISTORY,0
KVUE,2022,INSUFFICIENT_NI_HISTORY,0
KVUE,2023,INSUFFICIENT_NI_HISTORY,0
KVUE,2024,INSUFFICIENT_NI_HISTORY,1
KVUE,2025,INSUFFICIENT_NI_HISTORY,2
LH,2013,INSUFFICIENT_NI_HISTORY,4
LIN,2013,INSUFFICIENT_NI_HISTORY,0
LIN,2014,INSUFFICIENT_NI_HISTORY,0
LIN,2015,INSUFFICIENT_NI_HISTORY,0
LIN,2016,INSUFFICIENT_NI_HISTORY,0
LIN,2017,INSUFFICIENT_NI_HISTORY,0
LIN,2018,INSUFFICIENT_NI_HISTORY,0
LIN,2019,INSUFFICIENT_NI_HISTORY,1
LIN,2020,INSUFFICIENT_NI_HISTORY,2
LIN,2021,INSUFFICIENT_NI_HISTORY,3
LIN,2022,INSUFFICIENT_NI_HISTORY,4
LMT,2013,INSUFFICIENT_NI_HISTORY,4
LRCX,2013,INSUFFICIENT_NI_HISTORY,2
LRCX,2014,INSUFFICIENT_NI_HISTORY,3
LRCX,2015,INSUFFICIENT_NI_HISTORY,4
LVS,2013,INSUFFICIENT_NI_HISTORY,3
LVS,2014,INSUFFICIENT_NI_HISTORY,4
MAR,2013,INSUFFICIENT_NI_HISTORY,4
MCHP,2013,INSUFFICIENT_NI_HISTORY,4
MDT,2013,INSUFFICIENT_NI_HISTORY,0
MDT,2014,INSUFFICIENT_NI_HISTORY,0
MDT,2015,INSUFFICIENT_NI_HISTORY,1
MDT,2016,INSUFFICIENT_NI_HISTORY,2
MDT,2017,INSUFFICIENT_NI_HISTORY,3
MDT,2018,INSUFFICIENT_NI_HISTORY,4
MKC,2013,INSUFFICIENT_NI_HISTORY,3
MKC,2014,INSUFFICIENT_NI_HISTORY,4
MKC,2015,NO_SHARES_DATA,
MKC,2016,NO_SHARES_DATA,
MKC,2017,NO_SHARES_DATA,
MKC,2018,NO_SHARES_DATA,
MKC,2019,NO_SHARES_DATA,
MKC,2020,NO_SHARES_DATA,
MKC,2021,NO_SHARES_DATA,
MKC,2022,NO_SHARES_DATA,
MKC,2023,NO_SHARES_DATA,
MKC,2024,NO_SHARES_DATA,
MKC,2025,NO_SHARES_DATA,
MNST,2013,INSUFFICIENT_NI_HISTORY,3
MNST,2014,INSUFFICIENT_NI_HISTORY,3
MNST,2015,INSUFFICIENT_NI_HISTORY,3
MNST,2016,INSUFFICIENT_NI_HISTORY,3
MNST,2017,INSUFFICIENT_NI_HISTORY,3
MNST,2018,INSUFFICIENT_NI_HISTORY,4
MPC,2013,INSUFFICIENT_NI_HISTORY,2
MPC,2014,INSUFFICIENT_NI_HISTORY,3
MPC,2015,INSUFFICIENT_NI_HISTORY,4
MRNA,2013,INSUFFICIENT_NI_HISTORY,0
MRNA,2014,INSUFFICIENT_NI_HISTORY,0
MRNA,2015,INSUFFICIENT_NI_HISTORY,0
MRNA,2016,INSUFFICIENT_NI_HISTORY,0
MRNA,2017,INSUFFICIENT_NI_HISTORY,0
MRNA,2018,INSUFFICIENT_NI_HISTORY,0
MRNA,2019,INSUFFICIENT_NI_HISTORY,1
MRNA,2020,INSUFFICIENT_NI_HISTORY,2
MRNA,2021,INSUFFICIENT_NI_HISTORY,3
MRNA,2022,INSUFFICIENT_NI_HISTORY,4
MSI,2013,INSUFFICIENT_NI_HISTORY,4
NCLH,2013,INSUFFICIENT_NI_HISTORY,0
NCLH,2014,INSUFFICIENT_NI_HISTORY,1
NCLH,2015,INSUFFICIENT_NI_HISTORY,2
NCLH,2016,INSUFFICIENT_NI_HISTORY,3
NCLH,2017,INSUFFICIENT_NI_HISTORY,4
NEM,2013,INSUFFICIENT_NI_HISTORY,4
NKE,2013,INSUFFICIENT_NI_HISTORY,3
NKE,2014,INSUFFICIENT_NI_HISTORY,4
NRG,2013,INSUFFICIENT_NI_HISTORY,4
NRG,2014,INSUFFICIENT_NI_HISTORY,4
NUE,2013,INSUFFICIENT_NI_HISTORY,4
NWS,2013,INSUFFICIENT_NI_HISTORY,0
NWS,2014,INSUFFICIENT_NI_HISTORY,0
NWS,2015,INSUFFICIENT_NI_HISTORY,1
NWS,2016,INSUFFICIENT_NI_HISTORY,2
NWS,2017,INSUFFICIENT_NI_HISTORY,3
NWS,2018,INSUFFICIENT_NI_HISTORY,4
NWS,2019,NO_SHARES_DATA,
NWS,2020,NO_SHARES_DATA,
NWS,2021,NO_SHARES_DATA,
NWS,2022,NO_SHARES_DATA,
NWS,2023,NO_SHARES_DATA,
NWS,2024,NO_SHARES_DATA,
NWS,2025,NO_SHARES_DATA,
ODFL,2013,INSUFFICIENT_NI_HISTORY,3
ODFL,2014,INSUFFICIENT_NI_HISTORY,4
ON,2013,INSUFFICIENT_NI_HISTORY,3
ON,2014,INSUFFICIENT_NI_HISTORY,4
OTIS,2013,INSUFFICIENT_NI_HISTORY,0
OTIS,2014,INSUFFICIENT_NI_HISTORY,0
OTIS,2015,INSUFFICIENT_NI_HISTORY,0
OTIS,2016,INSUFFICIENT_NI_HISTORY,0
OTIS,2017,INSUFFICIENT_NI_HISTORY,0
OTIS,2018,INSUFFICIENT_NI_HISTORY,0
OTIS,2019,INSUFFICIENT_NI_HISTORY,0
OTIS,2020,INSUFFICIENT_NI_HISTORY,0
OTIS,2021,INSUFFICIENT_NI_HISTORY,1
OTIS,2022,INSUFFICIENT_NI_HISTORY,2
OTIS,2023,INSUFFICIENT_NI_HISTORY,3
OTIS,2024,INSUFFICIENT_NI_HISTORY,4
PAYX,2013,INSUFFICIENT_NI_HISTORY,3
PAYX,2014,INSUFFICIENT_NI_HISTORY,4
PEG,2013,INSUFFICIENT_NI_HISTORY,4
PG,2013,INSUFFICIENT_NI_HISTORY,3
PG,2014,INSUFFICIENT_NI_HISTORY,4
PKG,2013,INSUFFICIENT_NI_HISTORY,3
PKG,2014,INSUFFICIENT_NI_HISTORY,4
PNR,2013,INSUFFICIENT_NI_HISTORY,3
PNR,2014,INSUFFICIENT_NI_HISTORY,4
PPG,2013,INSUFFICIENT_NI_HISTORY,4
PSX,2013,INSUFFICIENT_NI_HISTORY,1
PSX,2014,INSUFFICIENT_NI_HISTORY,2
PSX,2015,INSUFFICIENT_NI_HISTORY,3
PSX,2016,INSUFFICIENT_NI_HISTORY,4
Q,2013,INSUFFICIENT_NI_HISTORY,0
Q,2014,INSUFFICIENT_NI_HISTORY,0
Q,2015,INSUFFICIENT_NI_HISTORY,0
Q,2016,INSUFFICIENT_NI_HISTORY,0
Q,2017,INSUFFICIENT_NI_HISTORY,0
Q,2018,INSUFFICIENT_NI_HISTORY,0
Q,2019,INSUFFICIENT_NI_HISTORY,0
Q,2020,INSUFFICIENT_NI_HISTORY,0
Q,2021,INSUFFICIENT_NI_HISTORY,0
Q,2022,INSUFFICIENT_NI_HISTORY,0
Q,2023,INSUFFICIENT_NI_HISTORY,0
Q,2024,INSUFFICIENT_NI_HISTORY,0
Q,2025,INSUFFICIENT_NI_HISTORY,0
REGN,2013,INSUFFICIENT_NI_HISTORY,3
REGN,2014,INSUFFICIENT_NI_HISTORY,4
ROK,2013,INSUFFICIENT_NI_HISTORY,4
ROST,2013,INSUFFICIENT_NI_HISTORY,3
ROST,2014,INSUFFICIENT_NI_HISTORY,4
RVTY,2013,INSUFFICIENT_NI_HISTORY,3
RVTY,2014,INSUFFICIENT_NI_HISTORY,4
SJM,2013,INSUFFICIENT_NI_HISTORY,3
SJM,2014,INSUFFICIENT_NI_HISTORY,4
SNA,2013,INSUFFICIENT_NI_HISTORY,3
SNA,2014,INSUFFICIENT_NI_HISTORY,4
SO,2013,INSUFFICIENT_NI_HISTORY,4
STE,2013,INSUFFICIENT_NI_HISTORY,0
STE,2014,INSUFFICIENT_NI_HISTORY,0
STE,2015,INSUFFICIENT_NI_HISTORY,0
STE,2016,INSUFFICIENT_NI_HISTORY,0
STE,2017,INSUFFICIENT_NI_HISTORY,0
STE,2018,INSUFFICIENT_NI_HISTORY,0
STE,2019,INSUFFICIENT_NI_HISTORY,1
STE,2020,INSUFFICIENT_NI_HISTORY,2
STE,2021,INSUFFICIENT_NI_HISTORY,3
STE,2022,INSUFFICIENT_NI_HISTORY,4
STZ,2013,INSUFFICIENT_NI_HISTORY,3
STZ,2014,INSUFFICIENT_NI_HISTORY,4
STZ,2015,NO_SHARES_DATA,
STZ,2016,NO_SHARES_DATA,
STZ,2017,NO_SHARES_DATA,
STZ,2018,NO_SHARES_DATA,
STZ,2019,NO_SHARES_DATA,
STZ,2020,NO_SHARES_DATA,
STZ,2021,NO_SHARES_DATA,
STZ,2022,NO_SHARES_DATA,
STZ,2023,NO_SHARES_DATA,
STZ,2024,NO_SHARES_DATA,
STZ,2025,NO_SHARES_DATA,
SWKS,2013,INSUFFICIENT_NI_HISTORY,3
SWKS,2014,INSUFFICIENT_NI_HISTORY,4
T,2013,INSUFFICIENT_NI_HISTORY,4
TDY,2013,INSUFFICIENT_NI_HISTORY,3
TDY,2014,INSUFFICIENT_NI_HISTORY,4
TER,2013,INSUFFICIENT_NI_HISTORY,3
TER,2014,INSUFFICIENT_NI_HISTORY,4
TKO,2013,INSUFFICIENT_NI_HISTORY,0
TKO,2014,INSUFFICIENT_NI_HISTORY,0
TKO,2015,INSUFFICIENT_NI_HISTORY,0
TKO,2016,INSUFFICIENT_NI_HISTORY,0
TKO,2017,INSUFFICIENT_NI_HISTORY,0
TKO,2018,INSUFFICIENT_NI_HISTORY,0
TKO,2019,INSUFFICIENT_NI_HISTORY,0
TKO,2020,INSUFFICIENT_NI_HISTORY,0
TKO,2021,INSUFFICIENT_NI_HISTORY,0
TKO,2022,INSUFFICIENT_NI_HISTORY,0
TKO,2023,INSUFFICIENT_NI_HISTORY,0
TKO,2024,INSUFFICIENT_NI_HISTORY,1
TKO,2025,INSUFFICIENT_NI_HISTORY,2
TPL,2013,INSUFFICIENT_NI_HISTORY,0
TPL,2014,INSUFFICIENT_NI_HISTORY,0
TPL,2015,INSUFFICIENT_NI_HISTORY,0
TPL,2016,INSUFFICIENT_NI_HISTORY,0
TPL,2017,INSUFFICIENT_NI_HISTORY,0
TPL,2018,INSUFFICIENT_NI_HISTORY,0
TPL,2019,INSUFFICIENT_NI_HISTORY,0
TPL,2020,INSUFFICIENT_NI_HISTORY,0
TPL,2021,INSUFFICIENT_NI_HISTORY,1
TPL,2022,INSUFFICIENT_NI_HISTORY,2
TPL,2023,INSUFFICIENT_NI_HISTORY,3
TPL,2024,INSUFFICIENT_NI_HISTORY,4
TRMB,2013,INSUFFICIENT_NI_HISTORY,3
TRMB,2014,INSUFFICIENT_NI_HISTORY,4
TSN,2013,NO_SHARES_DATA,
TSN,2014,NO_SHARES_DATA,
TSN,2015,NO_SHARES_DATA,
TSN,2016,NO_SHARES_DATA,
TSN,2017,NO_SHARES_DATA,
TSN,2018,NO_SHARES_DATA,
TSN,2019,NO_SHARES_DATA,
TSN,2020,NO_SHARES_DATA,
TSN,2021,NO_SHARES_DATA,
TSN,2022,NO_SHARES_DATA,
TSN,2023,NO_SHARES_DATA,
TSN,2024,NO_SHARES_DATA,
TSN,2025,NO_SHARES_DATA,
TTWO,2013,INSUFFICIENT_NI_HISTORY,4
TYL,2013,INSUFFICIENT_NI_HISTORY,2
TYL,2014,INSUFFICIENT_NI_HISTORY,3
TYL,2015,INSUFFICIENT_NI_HISTORY,4
UHS,2013,INSUFFICIENT_NI_HISTORY,3
UHS,2014,INSUFFICIENT_NI_HISTORY,4
UHS,2015,NO_SHARES_DATA,
UHS,2016,NO_SHARES_DATA,
UHS,2017,NO_SHARES_DATA,
UHS,2018,NO_SHARES_DATA,
UHS,2019,NO_SHARES_DATA,
UHS,2020,NO_SHARES_DATA,
UHS,2021,NO_SHARES_DATA,
UHS,2022,NO_SHARES_DATA,
UHS,2023,NO_SHARES_DATA,
UHS,2024,NO_SHARES_DATA,
UHS,2025,NO_SHARES_DATA,
UNP,2013,INSUFFICIENT_NI_HISTORY,4
VEEV,2013,INSUFFICIENT_NI_HISTORY,0
VEEV,2014,INSUFFICIENT_NI_HISTORY,1
VEEV,2015,INSUFFICIENT_NI_HISTORY,2
VEEV,2016,INSUFFICIENT_NI_HISTORY,3
VEEV,2017,INSUFFICIENT_NI_HISTORY,4
VEEV,2018,NO_SHARES_DATA,
VEEV,2019,NO_SHARES_DATA,
VEEV,2020,NO_SHARES_DATA,
VEEV,2021,NO_SHARES_DATA,
VEEV,2022,NO_SHARES_DATA,
VEEV,2023,NO_SHARES_DATA,
VMC,2013,INSUFFICIENT_NI_HISTORY,4
VRT,2013,INSUFFICIENT_NI_HISTORY,0
VRT,2014,INSUFFICIENT_NI_HISTORY,0
VRT,2015,INSUFFICIENT_NI_HISTORY,0
VRT,2016,INSUFFICIENT_NI_HISTORY,0
VRT,2017,INSUFFICIENT_NI_HISTORY,0
VRT,2018,INSUFFICIENT_NI_HISTORY,0
VRT,2019,INSUFFICIENT_NI_HISTORY,1
VRT,2020,INSUFFICIENT_NI_HISTORY,2
VRT,2021,INSUFFICIENT_NI_HISTORY,3
VRT,2022,INSUFFICIENT_NI_HISTORY,4
VTRS,2013,INSUFFICIENT_NI_HISTORY,0
VTRS,2014,INSUFFICIENT_NI_HISTORY,0
VTRS,2015,INSUFFICIENT_NI_HISTORY,0
VTRS,2016,INSUFFICIENT_NI_HISTORY,0
VTRS,2017,INSUFFICIENT_NI_HISTORY,0
VTRS,2018,INSUFFICIENT_NI_HISTORY,0
VTRS,2019,INSUFFICIENT_NI_HISTORY,0
VTRS,2020,INSUFFICIENT_NI_HISTORY,0
VTRS,2021,INSUFFICIENT_NI_HISTORY,1
VTRS,2022,INSUFFICIENT_NI_HISTORY,2
VTRS,2023,INSUFFICIENT_NI_HISTORY,3
VTRS,2024,INSUFFICIENT_NI_HISTORY,4
WAT,2013,INSUFFICIENT_NI_HISTORY,3
WAT,2014,INSUFFICIENT_NI_HISTORY,3
WAT,2015,INSUFFICIENT_NI_HISTORY,3
WAT,2016,INSUFFICIENT_NI_HISTORY,3
WAT,2017,INSUFFICIENT_NI_HISTORY,3
WAT,2018,INSUFFICIENT_NI_HISTORY,3
WAT,2019,INSUFFICIENT_NI_HISTORY,4
WDC,2013,INSUFFICIENT_NI_HISTORY,3
WDC,2014,INSUFFICIENT_NI_HISTORY,4
WMB,2013,INSUFFICIENT_NI_HISTORY,4
WST,2013,INSUFFICIENT_NI_HISTORY,3
WST,2014,INSUFFICIENT_NI_HISTORY,4
XOM,2013,INSUFFICIENT_NI_HISTORY,4
ZBH,2013,INSUFFICIENT_NI_HISTORY,4
