ticker,worst5_ni,yield,mkt_cap,passed,still_in_index_today,fate,shares_approx,pub_float,cap_flag
A,-31000000,-0.0020645044090628556,15015710242.087536,False,True,STILL_IN_INDEX,False,12084000000,OK_APPROX
AAPL,4834000000,0.012584807591553396,384113937764.4882,False,True,STILL_IN_INDEX,False,416005000000,OK_APPROX
ACN,1589963000,0.034617948241746285,45928862938.290504,False,True,STILL_IN_INDEX,False,48317496293,OK_APPROX
ADBE,386508000,0.016642206400416058,23224564742.228966,False,True,STILL_IN_INDEX,False,17106099177,OK_APPROX
ADI,247772000,0.017721462463438392,13981464594.763824,False,True,STILL_IN_INDEX,False,12124000000,OK_APPROX
ADM,1223000000,0.05402499155572862,22637671284.75039,True,True,STILL_IN_INDEX,False,21900000000,OK
ADP,1211400000,0.035947976635574565,33698697767.62855,False,True,STILL_IN_INDEX,False,27560939417,OK
ADSK,58000000,0.007633346842056328,7598239828.491211,False,True,STILL_IN_INDEX,False,7800000000,OK_APPROX
AEE,-974000000,-0.11824051415437226,8237447265.565563,False,True,STILL_IN_INDEX,False,8356338069,OK
AEP,1214000000,0.05616619170483884,21614426101.37677,True,True,STILL_IN_INDEX,False,19378167963,OK_APPROX
AES,-912000000,-0.10265835081635857,8883836460.917246,False,True,STILL_IN_INDEX,False,7360000000,OK
AET,1276500000,0.061828662233944856,20645764502.716064,True,False,ACQUIRED,False,23000000000,OK
AFL,1254000000,0.04663920356428172,26887251585.92473,True,True,STILL_IN_INDEX,False,26607872046,OK
AIG,-99289000000,-1.4915334371679465,66568403715.12239,False,True,STILL_IN_INDEX,False,65993000000,OK
AIV,-71728000,-0.016408651577682627,4371352494.165767,False,False,SURVIVED,False,4300000000,OK
AIZ,279177000,0.07039582524240609,3965817561.4627953,True,True,STILL_IN_INDEX,False,3776000000,OK
AKAM,145138000,0.019007597351253035,7635788854.209503,False,True,STILL_IN_INDEX,False,7338400000,OK
ALL,-1679000000,-0.07358139579334205,22818267877.325626,False,True,STILL_IN_INDEX,False,22110000000,OK
AMAT,-305327000,-0.017145764403399353,17807721651.620575,False,True,STILL_IN_INDEX,False,16956394267,OK_APPROX
AMD,-3096000000,-1.0568749560210369,2929391014.8613405,False,True,STILL_IN_INDEX,False,2500000000,OK
AMGN,3683000000,0.05037255390260415,73115212842.31723,True,True,STILL_IN_INDEX,False,74222900950,OK
AMP,-38000000,-0.0023153022243839307,16412544159.374817,False,True,STILL_IN_INDEX,False,16100000000,OK
AMT,246595000,0.008658859438741383,28478924013.55854,False,True,STILL_IN_INDEX,False,28700000000,OK
AMZN,-39000000,-0.0003036816498871601,128423959809.52866,False,True,STILL_IN_INDEX,False,102548300912,OK
AN,-1243100000,-0.22799042893312477,5452421866.203129,False,False,SURVIVED,False,2700000000,OK
ANDV,-140000000,-0.01985768619372134,7050166803.636246,False,False,ACQUIRED,False,7100000000,OK
ANF,254000,7.018798774879692e-05,3618852857.116619,False,False,SURVIVED,False,3892916542,OK_APPROX
AON,706000000,0.03494271407188418,20204498097.875748,False,True,STILL_IN_INDEX,False,19785131502,OK
APD,631300000,0.032405929127170725,19481002921.489666,False,True,STILL_IN_INDEX,False,18100000000,OK_APPROX
APH,317834000,0.025333515263353156,12545988849.0,False,True,STILL_IN_INDEX,False,11033000000,OK
ATI,31700000,0.011173593154713918,2837046200.006521,False,False,SURVIVED,False,2800000000,OK
AVB,155647000,0.008888233021246444,17511579593.822662,False,True,STILL_IN_INDEX,False,17455382529,OK
AVP,-42500000,,,False,False,ACQUIRED,False,9100000000,NO_FLOAT_NEAR_ANCHOR
AXP,2130000000,0.02563145298758886,83101024394.9642,False,True,STILL_IN_INDEX,False,80800000000,OK
AZO,641606000,0.04247333204897301,15106090552.542694,True,True,STILL_IN_INDEX,False,13781127110,OK_APPROX
BA,1312000000,0.016750451256024083,78326248048.28204,False,True,STILL_IN_INDEX,False,77200000000,OK
BAC,-2238000000,-0.016055638704165414,139390281584.96005,False,True,STILL_IN_INDEX,False,138156239714,OK
BALL,319500000,0.051319428062674595,6225712406.806366,True,True,STILL_IN_INDEX,False,6100000000,OK
BAX,1420000000,0.03739877319412426,37969159914.13047,False,True,STILL_IN_INDEX,False,38000000000,OK
BBWI,220000000,0.015330436561487826,14350537189.049814,False,False,SURVIVED,False,14266756168,OK_APPROX
BBY,-1231000000,-0.1221831167534511,10075041730.061531,False,True,STILL_IN_INDEX,False,6500000000,OK_APPROX
BDX,1126996000,0.0584558830842295,19279428186.485584,True,True,STILL_IN_INDEX,False,18537729489,OK_APPROX
BEN,896778000,0.0304414034026492,29459154301.73488,False,True,STILL_IN_INDEX,False,18821583817,OK_APPROX
BIIB,783167000,0.015142666718414735,51719225851.256714,False,True,STILL_IN_INDEX,False,51089367313,OK
BKNG,182246000,0.004330209650302141,42087107719.434265,False,True,STILL_IN_INDEX,False,42300000000,OK
BLK,784000000,0.018145343369837343,43206677549.1958,False,True,STILL_IN_INDEX,False,42800000000,OK
BMS,147221000,0.03626044754963344,4060098811.480011,False,False,ACQUIRED,False,4028317411,OK
BMY,1960000000,0.026623497695785522,73619177404.71292,False,True,STILL_IN_INDEX,False,73472457302,OK
BNY,-814000000,-0.02463411156232591,33043611008.277153,False,True,STILL_IN_INDEX,False,32189234547,OK
BSX,-4068000000,-0.32181009836204466,12640995483.68863,False,True,STILL_IN_INDEX,False,12300000000,OK
BTU,-585700000,,,False,False,FAILED,False,3900000000,NO_FLOAT_NEAR_ANCHOR
BWA,-35600000,-0.003572255039049511,9965693829.484325,False,False,SURVIVED,False,9900000000,OK
BXP,105270000,0.006622157756177671,15896631260.678719,False,True,STILL_IN_INDEX,False,15937365185,OK
C,-27684000000,-0.1885584678535256,146819181950.0,False,True,STILL_IN_INDEX,False,145700000000,OK
CAG,467900000,0.031973373194346205,14634051814.174488,False,False,SURVIVED,False,13738886936,OK_APPROX
CAH,642200000,0.03947780693856052,16267367663.038086,False,True,STILL_IN_INDEX,False,13998206699,OK_APPROX
CAT,895000000,0.016456091354369293,54387155535.71393,False,True,STILL_IN_INDEX,False,53300000000,OK
CB,1197000000,0.039197913547518295,30537339660.921432,False,True,STILL_IN_INDEX,False,30000000000,OK
CBRE,-1012066000,-0.1311481424988177,7716967855.714188,False,True,STILL_IN_INDEX,False,7700000000,OK
CCI,-310940000,-0.01463762069916019,21242523384.817566,False,True,STILL_IN_INDEX,False,21000000000,OK
CCL,1298000000,0.06327670924825757,20513076855.932465,True,True,STILL_IN_INDEX,False,12800000000,OK_APPROX
CELG,-1533653000,,,False,False,ACQUIRED,False,48096964775,NO_FLOAT_NEAR_ANCHOR
CF,349200000,0.034589457061999826,10095561759.586945,False,True,STILL_IN_INDEX,False,9908048406,OK
CHK,-5830000000,,,False,False,FAILED,False,,NO_FLOAT_NEAR_ANCHOR
CHRW,359177000,0.039579529831415765,9074817248.45826,False,True,STILL_IN_INDEX,False,8934214988,OK
CI,292000000,0.014055810403652925,20774326887.911987,False,True,STILL_IN_INDEX,False,20500000000,OK
CINF,166000000,0.02182400762394349,7606302328.169945,False,True,STILL_IN_INDEX,False,6820642248,OK
CL,1957000000,0.03620577374290512,54052152396.92242,False,True,STILL_IN_INDEX,False,53000000000,OK
CLF,-899400000,-0.3577805264091604,2513831619.140276,False,False,SURVIVED,False,2577942533,OK
CLX,461000000,0.041782332044640234,11033371701.404022,True,True,STILL_IN_INDEX,False,9500000000,OK_APPROX
CMCSA,2547000000,0.030363157790330376,83884555670.65993,False,True,STILL_IN_INDEX,False,,NO_FLOAT_NEAR_ANCHOR
CME,715500000,0.028064873008010815,25494503388.480263,False,True,STILL_IN_INDEX,False,25100000000,OK
CMG,78202000,0.006955351876125409,11243428282.67715,False,True,STILL_IN_INDEX,False,7100000000,OK
CMI,428000000,0.020445318245610758,20933887888.582214,False,True,STILL_IN_INDEX,False,20300000000,OK
CMS,229000000,0.0323361350757352,7081860570.648096,False,True,STILL_IN_INDEX,False,7253000000,OK
CNP,372000000,0.03730481725573782,9971902487.815647,False,True,STILL_IN_INDEX,False,9975930939,OK
CNX,346781000,0.055135748243122104,6289585451.363836,True,False,SURVIVED,False,3294530080,OK
COF,-45998000,-0.0012382725354064682,37146911269.33617,False,True,STILL_IN_INDEX,False,36655693401,OK_APPROX
COL,561000000,91.88929659094619,6105172.428268159,True,False,ACQUIRED,False,8500000000,CAP_BELOW_FLOAT_APPROX (0.00x)
COP,-16998000000,-0.22705310498536901,74863543491.71013,False,True,STILL_IN_INDEX,False,67900000000,OK_APPROX
COR,250559000,0.019725611070311434,12702217391.739544,False,True,STILL_IN_INDEX,False,10325295935,OK_APPROX
COST,1086000000,0.02252035542289721,48223039983.45545,False,True,STILL_IN_INDEX,False,44218428626,OK_APPROX
CPB,736000000,0.05205648292431118,14138488784.771065,True,False,SURVIVED,False,6774117501,OK_APPROX
CRM,-270445000,-0.012126491142433384,22301999549.865723,False,True,STILL_IN_INDEX,False,15500000000,OK_APPROX
CSC,-4242000000,,,False,False,SPINOFF_OR_MERGED,False,,NO_FLOAT_NEAR_ANCHOR
CSCO,6134000000,0.047155183514461574,130081139396.24097,True,True,STILL_IN_INDEX,False,112104863683,OK_APPROX
CSX,1152000000,0.048546297295110404,23729925126.875324,True,True,STILL_IN_INDEX,False,21000000000,OK
CTSH,430845000,0.022295260574738705,19324510631.114227,False,True,STILL_IN_INDEX,False,18777386589,OK
CVC,-228064000,,,False,False,ACQUIRED,False,3417054054,NO_FLOAT_NEAR_ANCHOR
CVS,3212000000,0.0455520294560439,70512774915.9775,True,True,STILL_IN_INDEX,False,,NO_FLOAT_NEAR_ANCHOR
CVX,10483000000,0.04540188894170973,230893476997.37433,True,True,STILL_IN_INDEX,False,228635687380,OK
D,302000000,0.009295589872464469,32488524573.850742,False,True,STILL_IN_INDEX,False,32100000000,OK
DE,873500000,0.027684553038333965,31551891005.445923,False,True,STILL_IN_INDEX,False,34574664633,OK_APPROX
DF,-1575621000,,,False,False,SPINOFF,False,1860000000,NO_FLOAT_NEAR_ANCHOR
DGX,470567000,0.04925104111292203,9554457923.459755,True,True,STILL_IN_INDEX,False,9200000000,OK
DHI,-2633600000,-0.38823756449829533,6783475482.088657,False,True,STILL_IN_INDEX,False,7155332000,OK_APPROX
DHR,1151704000,0.025697269632284466,44818146693.41641,False,True,STILL_IN_INDEX,False,38100000000,OK
DIS,3307000000,0.02872300580038569,115134189749.58372,False,True,STILL_IN_INDEX,False,102100000000,OK_APPROX
DLTR,229500000,0.019858892011773117,11556535977.130222,False,True,STILL_IN_INDEX,False,11637937009,OK_APPROX
DNR,-75156000,,,False,False,FAILED,False,5625842252,NO_FLOAT_NEAR_ANCHOR
DOC,146151000,0.0071540409419583095,20429153423.32293,False,True,STILL_IN_INDEX,False,18200000000,OK
DOV,356438000,0.026762258985206046,13318681363.820444,False,True,STILL_IN_INDEX,False,13254013509,OK
DPS,-312000000,,,False,False,ACQUIRED,False,9360953662,NO_FLOAT_NEAR_ANCHOR
DRI,372200000,0.05661964526637331,6573690072.57012,True,True,STILL_IN_INDEX,False,6900308000,OK_APPROX
DTE,532000000,0.04646513383073438,11449445124.552904,True,True,STILL_IN_INDEX,False,11700000000,OK
DUK,1075000000,0.02278913118807854,47171609620.745636,False,True,STILL_IN_INDEX,False,47550155353,OK
DVA,374160000,0.02919095243421553,12817670161.437988,False,True,STILL_IN_INDEX,False,12800000000,OK
DVN,-2479000000,-0.11679249182513812,21225679504.39453,False,True,STILL_IN_INDEX,False,20900000000,OK
EA,-1088000000,-0.15509479815985747,7015064418.076675,False,True,STILL_IN_INDEX,False,5271000000,OK_APPROX
EBAY,1779474000,0.02591980200597472,68653070713.650406,False,True,STILL_IN_INDEX,False,60533171166,OK
ECHO,-958188000,-0.2809869231437972,3410080402.601654,False,True,STILL_IN_INDEX,True,1630000000,OK
ECL,417300000,0.01632777767575807,25557672837.47177,False,True,STILL_IN_INDEX,False,25114508000,OK
EFX,232900000,0.032503312042369496,7165423625.026417,False,True,STILL_IN_INDEX,False,7146921851,OK
EIX,-183000000,-0.011930224089477283,15339192175.058136,False,True,STILL_IN_INDEX,False,16000000000,OK
ELV,2490700000,0.10155924711075914,24524600869.516846,True,True,STILL_IN_INDEX,False,24439366963,OK
EMN,136000000,0.012304538188000457,11052832533.985626,False,False,SURVIVED,False,7718806138,OK_APPROX
EMR,1724000000,0.043328508625414416,39789045473.60268,True,True,STILL_IN_INDEX,False,40100000000,OK_APPROX
EOG,160654000,0.004363804400361321,36815123974.55255,False,True,STILL_IN_INDEX,False,35668000000,OK
EQR,283610000,0.013701846975446793,20698669347.878334,False,True,STILL_IN_INDEX,False,20500000000,OK
EQT,156929000,0.013085385417875205,11992692227.897863,False,True,STILL_IN_INDEX,False,11900000000,OK
ETFC,-1297762000,,,False,False,ACQUIRED,False,2900000000,NO_FLOAT_NEAR_ANCHOR
ETR,846673000,0.0685268596942748,12355345097.927155,True,True,STILL_IN_INDEX,False,12400000000,OK
EXC,1171000000,0.04512637141776073,25949349863.727814,True,True,STILL_IN_INDEX,False,59092745316,CAP_BELOW_FLOAT_APPROX (0.44x)
EXPD,240217000,0.030074012880592863,7987527336.433876,False,True,STILL_IN_INDEX,False,7709373062,OK
EXPE,-2517763000,-0.29099363616269225,8652295745.025635,False,True,STILL_IN_INDEX,True,6478366000,OK
F,-14766000000,-0.2516865186548671,58668219811.36119,False,True,STILL_IN_INDEX,False,59794435480,OK
FAST,184357000,0.013555533406811022,13600128778.950832,False,True,STILL_IN_INDEX,False,12423671823,OK
FCX,-10450000000,-0.3892105830323306,26849218535.077576,False,True,STILL_IN_INDEX,False,28300000000,OK
FDX,98000000,0.003127476548160596,31335167023.918385,False,True,STILL_IN_INDEX,False,40500000000,OK_APPROX
FE,770000000,0.05070646819140331,15185439401.802876,True,True,STILL_IN_INDEX,False,15570961427,OK
FFIV,74331000,0.013551166922844873,5485210271.795197,False,True,STILL_IN_INDEX,False,6962311879,OK_APPROX
FHN,-269837000,-0.09960926511498934,2708954831.546032,False,False,SPINOFF,False,2700000000,OK
FIS,105900000,0.008322861409627236,12723989357.494667,False,True,STILL_IN_INDEX,False,12404610234,OK
FISV,472000000,0.04060646700848657,11623764261.52401,True,True,STILL_IN_INDEX,False,11248610213,OK
FITB,-2113000000,-0.132157437165256,15988506173.570871,False,True,STILL_IN_INDEX,False,15369104888,OK
FLR,357496000,0.03718974608056155,9612757216.077286,False,False,SPINOFF,False,9600000000,OK
FLS,388290000,0.04973716629696083,7806838002.826195,True,False,SURVIVED,False,6464000000,OK
FMC,172500000,0.02056759713692033,8386978743.878155,False,False,SURVIVED,False,8250312236,OK
FOSL,138097000,0.022399084070425228,6165296740.072388,False,False,SEVERELY_IMPAIRED,False,4296257512,OK
FOXA,-3378000000,,,False,True,STILL_IN_INDEX,False,,NO_FLOAT_NEAR_ANCHOR
FRX,-32103000,,,False,False,ACQUIRED,False,,NO_FLOAT_NEAR_ANCHOR
FSLR,-96338000,-0.023695556070306906,4065656856.254238,False,True,STILL_IN_INDEX,False,3169994502,OK
GD,-332000000,-0.011897388669782382,27905283185.648224,False,True,STILL_IN_INDEX,False,25984413270,OK
GE,11025000000,0.04568273945716987,241338416456.75726,True,True,STILL_IN_INDEX,False,233800000000,OK
GEN,-6786000000,-0.4333235482216958,15660353626.865822,False,True,STILL_IN_INDEX,False,17261356899,OK_APPROX
GHC,65722000,0.017571150485129222,3740335617.501068,False,False,SURVIVED,True,2100000000,OK
GILD,1978899000,0.025117830504501785,78784630688.75827,False,True,STILL_IN_INDEX,False,60272481253,OK
GIS,1294700000,0.04116320881137722,31452844357.51165,True,True,STILL_IN_INDEX,False,31396800000,OK_APPROX
GL,404953000,0.06651212788940075,6088408427.909168,True,True,STILL_IN_INDEX,False,5966271678,OK
GLW,1728000000,0.08106954128341022,21315033644.49913,True,True,STILL_IN_INDEX,False,21000000000,OK
GME,-269700000,-0.054318060443560516,4965199379.315712,False,False,SURVIVED,False,5769000000,OK_APPROX
GNW,-572000000,-0.0973176587079507,5877658870.899948,False,False,SEVERELY_IMPAIRED,False,5600000000,OK
GPC,399575000,0.032323702885886166,12361671600.887985,False,True,STILL_IN_INDEX,False,11558411000,OK
GPS,833000000,0.03880297910302159,21467423874.553337,False,False,SURVIVED,False,14000000000,OK_APPROX
GRMN,520896000,0.06896352571864998,7553210114.6495285,True,True,STILL_IN_INDEX,False,4587922161,OK
GS,2322000000,0.03337253324937107,69578176240.0,False,True,STILL_IN_INDEX,False,66800000000,OK
GT,-375000000,-0.09853512813595089,3805749351.4658546,False,False,ACQUIRED,False,3800000000,OK
GWW,430466000,0.02431962808404348,17700352921.204254,False,True,STILL_IN_INDEX,False,16677711460,OK
HAL,1145000000,0.028939672801210847,39565063774.739456,False,True,STILL_IN_INDEX,False,38003000000,OK
HAR,-431504000,,,False,False,ACQUIRED,False,,NO_FLOAT_NEAR_ANCHOR
HAS,306766000,0.05185131189442596,5916263037.367382,True,True,STILL_IN_INDEX,False,5179219000,OK
HBAN,-3094179000,-0.4594023735644174,6735226411.637454,False,True,STILL_IN_INDEX,False,6352754308,OK
HCBK,-735989000,,,False,False,ACQUIRED,False,4472904759,NO_FLOAT_NEAR_ANCHOR
HD,2260000000,0.020126203273694417,112291422742.10712,False,True,STILL_IN_INDEX,False,115000000000,OK_APPROX
HIG,-2749000000,-0.19326859967856264,14223728037.415482,False,True,STILL_IN_INDEX,False,14000000000,OK
HOG,-55116000,-0.0044274609092394696,12448670045.845215,False,False,SURVIVED,False,12137937572,OK
HON,2022000000,0.03199646155337611,63194487822.56513,False,True,STILL_IN_INDEX,False,62300000000,OK
HP,156312000,0.02303794929811083,6784978904.907043,False,False,SURVIVED,False,6260548651,OK_APPROX
HPQ,-12650000000,-0.26310977056621243,48078792257.60864,False,True,STILL_IN_INDEX,False,38923374469,OK_APPROX
HRB,265932000,0.034654516037708284,7673805044.936539,False,False,SURVIVED,False,7782457999,OK_APPROX
HRL,285500000,0.027006812027902314,10571406936.332703,False,True,STILL_IN_INDEX,True,5541256742,OK_APPROX
HSY,311405000,0.015440638470482567,20167883640.0,False,True,STILL_IN_INDEX,False,13339990293,OK
HUM,647154000,0.048231816971207354,13417574552.21576,True,True,STILL_IN_INDEX,False,13163683546,OK
IBM,12334000000,0.058154503194404385,212090196330.43268,True,True,STILL_IN_INDEX,False,209300000000,OK
IFF,195526000,0.030795723734832078,6349128264.806671,False,True,STILL_IN_INDEX,False,6143667089,OK
INTC,4369000000,0.0367893523888618,118757186965.94238,False,True,STILL_IN_INDEX,False,120600000000,OK
INTU,447000000,0.023838944018792232,18750830558.92199,False,True,STILL_IN_INDEX,False,17700000000,OK_APPROX
IP,-1282000000,-0.06385739528626752,20075983278.88098,False,True,STILL_IN_INDEX,False,19567052215,OK
IRM,-53900000,-0.01050509432505114,5130843982.187433,False,True,STILL_IN_INDEX,False,4600000000,OK
ISRG,204315000,0.010143346203307717,20142761166.268135,False,True,STILL_IN_INDEX,False,19977428381,OK
ITW,947009000,0.030229237384459217,31327584879.36104,False,True,STILL_IN_INDEX,False,25600000000,OK
IVZ,322500000,0.022843921030818646,14117541361.0,False,True,STILL_IN_INDEX,False,12000000000,OK
J,245974000,0.03393302871820786,7248807704.218124,False,True,STILL_IN_INDEX,False,7400000000,OK_APPROX
JCI,-1798000000,-0.11264524041573148,15961615363.101486,False,True,STILL_IN_INDEX,False,14591005536,OK_APPROX
JEF,-2535425000,-0.26316129221759244,9634490614.61367,False,False,SPINOFF,False,8808895000,OK
JNJ,9672000000,0.039747857574539545,243333869803.22156,False,True,STILL_IN_INDEX,False,242000000000,OK
JPM,5605000000,0.028251691438072973,198395200948.80072,False,True,STILL_IN_INDEX,False,197931024385,OK
KEY,-1468000000,-0.14188323790226676,10346535797.351908,False,True,STILL_IN_INDEX,False,10078228828,OK
KIM,-3942000,-0.00045792648549920507,8608368646.121569,False,True,STILL_IN_INDEX,False,9500000000,OK
KMB,1591000000,0.04257198293413609,37371996565.475136,True,True,STILL_IN_INDEX,False,37200000000,OK
KMX,59213000,0.005649353535586953,10481376254.29171,False,False,SURVIVED,False,10621543601,OK_APPROX
KO,5807000000,0.03222549564403944,180198935158.16525,False,True,STILL_IN_INDEX,False,176841594528,OK
KR,70000000,0.0038959263858714907,17967485282.53865,False,True,STILL_IN_INDEX,False,19800000000,OK_APPROX
KSS,885000000,0.0774873227213454,11421223097.13263,True,False,SURVIVED,False,11700000000,OK_APPROX
L,564000000,0.032453005244216876,17378976022.582832,False,True,STILL_IN_INDEX,False,13578000000,OK
LEG,104400000,0.023372044179373,4466875006.685904,False,False,SURVIVED,False,4242267870,OK
LEN,-1109085000,-0.1462411331781752,7583946977.822777,False,True,STILL_IN_INDEX,True,6440148630,OK_APPROX
LH,464500000,0.04987033867181368,9314153710.821533,True,True,STILL_IN_INDEX,False,9700000000,OK
LHX,30600000,0.005589255569159908,5474789910.99334,False,True,STILL_IN_INDEX,False,7473837008,OK_APPROX
LLY,-2071900000,-0.0366653953798513,56508322862.34036,False,True,STILL_IN_INDEX,False,46911000000,OK
LMT,2655000000,0.07668313344765842,34622998313.080444,True,True,STILL_IN_INDEX,False,34600000000,OK
LNC,-485000000,-0.04835622616923563,10029732227.296066,False,False,SURVIVED,False,9600000000,OK
LOW,1783000000,0.04049196407114477,44033428382.660126,True,True,STILL_IN_INDEX,False,47800000000,OK_APPROX
LSI,-622253000,,,False,False,ACQUIRED,False,3900000000,NO_FLOAT_NEAR_ANCHOR
LUMN,365732000,0.017083918337985896,21407969340.78051,False,False,SEVERELY_IMPAIRED,False,21300000000,OK
LUV,99000000,0.010454823621588867,9469313264.699009,False,True,STILL_IN_INDEX,False,9088020821,OK
M,-4803000000,-0.25940940714885574,18515134253.569748,False,False,SURVIVED,False,18692500000,OK_APPROX
MA,-253915000,-0.0035532051615765267,71460832812.51907,False,True,STILL_IN_INDEX,False,66700000000,OK
MAR,-346000000,-0.027940483050354088,12383465216.991486,False,True,STILL_IN_INDEX,False,9242186286,OK
MAS,-1043000000,-0.14468609950828898,7208709085.009561,False,True,STILL_IN_INDEX,False,6794823000,OK
MAT,379636000,0.024077246929057744,15767417309.735458,False,False,ACQUIRED,False,15641182003,OK
MCD,4313200000,0.043099919442018915,100074432988.26636,True,True,STILL_IN_INDEX,False,98932168368,OK
MCHP,127389000,0.01729147266773292,7367157352.5207405,False,True,STILL_IN_INDEX,False,7760827527,OK_APPROX
MCK,823000000,0.03125987941127352,26327676737.716217,False,True,STILL_IN_INDEX,False,29400000000,OK_APPROX
MCO,402000000,0.02942087030177541,13663769829.940796,False,True,STILL_IN_INDEX,False,,NO_FLOAT_NEAR_ANCHOR
MDLZ,2884000000,0.05563448927598621,51838347714.37068,True,True,STILL_IN_INDEX,False,51000000000,OK
MET,-2246000000,-0.04407213032673088,50961911379.12259,False,True,STILL_IN_INDEX,False,50200000000,OK
MKC,255800000,0.027041843890119713,9459414122.772217,False,True,STILL_IN_INDEX,True,8781845800,OK_APPROX
MMM,3193000000,0.04233465768957149,75422837321.92662,True,True,STILL_IN_INDEX,False,74700000000,OK
MO,3206000000,0.0451126987907673,71066464342.32251,True,True,STILL_IN_INDEX,False,70000000000,OK
MRK,861000000,0.006155785308938047,139868425682.39822,False,True,STILL_IN_INDEX,False,135893000000,OK
MRSH,-73000000,-0.003275230495690088,22288507662.609245,False,True,STILL_IN_INDEX,False,21878761313,OK
MS,68000000,0.0014108109413812522,48199229255.63982,False,True,STILL_IN_INDEX,False,45831657254,OK
MSFT,14569000000,0.05077296825249879,286944027529.511,True,True,STILL_IN_INDEX,False,202945146270,OK_APPROX
MSI,-4244000000,-0.26944802084892044,15750718771.76493,False,True,STILL_IN_INDEX,False,13600000000,OK
MTB,379891000,0.02608227071483789,14565104555.251953,False,True,STILL_IN_INDEX,False,12619414344,OK
MUR,798081000,0.06829564250661026,11685679652.589178,True,False,SURVIVED,False,9733180000,OK
NBL,-131000000,,,False,False,ACQUIRED,False,21600000000,NO_FLOAT_NEAR_ANCHOR
NBR,-85546000,-0.01835409743520744,4660866615.86,False,False,SURVIVED,False,3875033860,OK
NDAQ,266000000,0.04845657055360168,5489451625.672852,True,True,STILL_IN_INDEX,False,3800000000,OK
NEE,1615000000,0.047404195307212106,34068714583.881836,True,True,STILL_IN_INDEX,False,34470185539,OK
NEM,366000000,0.02463286625686499,14858197831.44394,False,True,STILL_IN_INDEX,False,14891640225,OK
NFLX,17152000,0.0013621375915535646,12591973165.087938,False,True,STILL_IN_INDEX,False,10368444430,OK
NFX,-1184000000,,,False,False,ACQUIRED,False,3200000000,NO_FLOAT_NEAR_ANCHOR
NI,79000000,0.008870887613399478,8905534986.225107,False,True,STILL_IN_INDEX,False,8906811019,OK
NKE,1486700000,0.026691683049034253,55698997971.34715,False,True,STILL_IN_INDEX,False,59634158357,OK_APPROX
NOC,-1262000000,-0.06438338691930813,19601329789.960693,False,True,STILL_IN_INDEX,False,15800000000,OK
NOV,1469000000,0.04936132955544834,29760138416.64961,True,False,SEVERELY_IMPAIRED,False,29500000000,OK
NRG,197000000,0.02326261708366139,8468522664.131538,False,True,STILL_IN_INDEX,False,7506455756,OK
NSC,1034000000,0.04519513754099599,22878567391.504684,True,True,STILL_IN_INDEX,False,22587575039,OK
NTAP,64600000,0.004727602377746787,13664431743.261131,False,True,STILL_IN_INDEX,False,11501908637,OK_APPROX
NTRS,603600000,0.0429372237616385,14057732361.803879,True,True,STILL_IN_INDEX,False,13900000000,OK
NUE,-293613000,-0.021075285740209983,13931626058.089905,False,True,STILL_IN_INDEX,False,13690000000,OK
NVDA,-67987000,-0.008343374717098104,8148621188.0995865,False,True,STILL_IN_INDEX,False,7820789330,OK_APPROX
NWL,-52300000,-0.006853780356832701,7630825220.108032,False,False,SURVIVED,False,7500000000,OK
NYX,-738000000,,,False,False,ACQUIRED,False,,NO_FLOAT_NEAR_ANCHOR
OI,-510000000,-0.11176649895289818,4563084687.970137,False,False,SURVIVED,False,4901946000,OK
OKE,305451000,0.036181682707415584,8442144674.973797,False,True,STILL_IN_INDEX,False,8100000000,OK
OMC,793000000,0.048895210451873845,16218357435.653687,True,True,STILL_IN_INDEX,False,16138873000,OK
ORCL,5677000000,0.04071471965869199,139433601596.4203,True,True,STILL_IN_INDEX,False,118156172000,OK_APPROX
ORLY,186232000,0.014693822345920026,12674169839.252909,False,True,STILL_IN_INDEX,False,12262828601,OK
OXY,2915000000,0.04019356475332975,72524047515.80322,True,True,STILL_IN_INDEX,False,70600000000,OK
PAYX,476999000,0.03575570551843966,13340500294.533573,False,True,STILL_IN_INDEX,False,14236029018,OK_APPROX
PBI,292379000,0.0970054126303819,3014048310.005616,True,False,SEVERELY_IMPAIRED,False,2999131402,OK_APPROX
PCAR,111900000,0.0058313690762903875,19189318757.91764,False,True,STILL_IN_INDEX,False,18610000000,OK
PCG,830000000,0.041565360686797455,19968550405.569695,True,True,STILL_IN_INDEX,False,20326000000,OK
PEG,1188000000,0.073719684124141,16115098892.711689,True,True,STILL_IN_INDEX,False,16421163580,OK
PEP,5142000000,0.040530316204751185,126867996144.50642,True,True,STILL_IN_INDEX,False,127040995303,OK
PFE,8104000000,0.04112667259884535,197049736531.0201,True,True,STILL_IN_INDEX,False,186000000000,OK
PFG,458100000,0.041280860891959606,11097152290.475258,True,True,STILL_IN_INDEX,False,11007711269,OK
PG,10756000000,0.05030043550645622,213835126708.1859,True,True,STILL_IN_INDEX,False,185000000000,OK_APPROX
PGR,-70000000,-0.004535105311943747,15435143218.316574,False,True,STILL_IN_INDEX,False,14008711206,OK
PH,508515000,0.035132055356324375,14474387986.766579,False,True,STILL_IN_INDEX,False,12682757883,OK_APPROX
PHM,-1473113000,-0.1989265704961384,7405310393.307144,False,True,STILL_IN_INDEX,False,7299008871,OK
PM,6342000000,0.04430133961284384,143155941906.58127,True,True,STILL_IN_INDEX,False,141000000000,OK
PNC,914000000,0.023491705583591625,38907349521.628876,False,True,STILL_IN_INDEX,False,38600000000,OK
PNR,-107186000,-0.008997076825524832,11913425002.208698,False,True,STILL_IN_INDEX,False,11254968822,OK
PNW,68330000,0.011309897866517624,6041610702.983223,False,True,STILL_IN_INDEX,False,6078967225,OK
PPG,336000000,0.015868188932029514,21174439089.37793,False,True,STILL_IN_INDEX,False,20847000000,OK
PPL,407000000,0.022980125317681403,17710956505.83095,False,True,STILL_IN_INDEX,False,17902483657,OK
PRU,-1117000000,-0.03284212122756748,34011201416.015625,False,True,STILL_IN_INDEX,False,33810000000,OK
PSA,672038000,25.76547367286623,26082889.39425659,True,True,STILL_IN_INDEX,False,22171992000,CAP_BELOW_FLOAT (0.00x)
PWR,144416000,0.026087561390430135,5535818309.678307,False,True,STILL_IN_INDEX,False,5500000000,OK
PXD,-52106000,,,False,False,ACQUIRED,False,19865703072,NO_FLOAT_NEAR_ANCHOR
QCOM,1592000000,0.015114567908475601,105328846291.87943,False,True,STILL_IN_INDEX,False,113760527188,OK_APPROX
R,61945000,0.019706546505113005,3143371670.1162186,False,False,SURVIVED,False,3184343722,OK
RF,-5596000000,-0.40649975486561124,13766305964.563341,False,True,STILL_IN_INDEX,False,12912878195,OK
RHI,37263000,0.007973547604721447,4673327588.57991,False,False,SURVIVED,False,4412811014,OK
RL,406000000,0.02364881637098193,17167878240.966797,False,True,STILL_IN_INDEX,True,9952987112,OK_APPROX
ROK,220700000,0.018593645301127858,11869646668.295471,False,True,STILL_IN_INDEX,False,12000000000,OK_APPROX
ROP,239481000,0.01928209049462765,12419867029.807991,False,True,STILL_IN_INDEX,False,9748714212,OK_APPROX
ROST,305441000,0.021357247551018973,14301515177.475533,False,True,STILL_IN_INDEX,False,14570821195,OK_APPROX
RRC,-239256000,-0.019031974700837843,12571265134.64035,False,False,SURVIVED,False,12297478000,OK
RSG,73800000,0.0059730130316816375,12355573243.948273,False,True,STILL_IN_INDEX,False,12300000000,OK
RTX,3829000000,0.043963717020630004,87094546582.65677,True,True,STILL_IN_INDEX,False,85186000000,OK
RVTY,7655000,0.002088768701574627,3664838521.483612,False,True,STILL_IN_INDEX,False,3604263522,OK
S,-4326000000,,,False,False,SURVIVED,False,21191577948,NO_FLOAT_NEAR_ANCHOR
SBUX,315500000,0.006361671223978849,49593886400.60425,False,True,STILL_IN_INDEX,False,41000000000,OK_APPROX
SCHW,454000000,0.01661583253334294,27323337490.851547,False,True,STILL_IN_INDEX,False,23700000000,OK
SEE,-1410300000,,,False,False,SURVIVED,False,4549000000,NO_FLOAT_NEAR_ANCHOR
SHW,435848000,0.023657663751119756,18423120921.2013,False,True,STILL_IN_INDEX,False,18007898468,OK
SJM,265953000,0.024110714760818264,11030490080.376785,False,True,STILL_IN_INDEX,False,10850608010,OK_APPROX
SLB,3134000000,0.03239029571463916,96757375345.09613,False,True,STILL_IN_INDEX,False,94800000000,OK
SLM,-212626000,-0.02081133216747787,10216837552.200205,False,False,SPINOFF,False,9900000000,OK
SNA,134200000,0.02526004222817606,5312738545.239166,False,True,STILL_IN_INDEX,False,5200000000,OK
SO,1708000000,0.04479199839116207,38131810621.2695,True,True,STILL_IN_INDEX,False,38600000000,OK
SPG,387262000,0.008616582096684108,44943806680.496765,False,True,STILL_IN_INDEX,False,48635000000,OK
SPGI,437000000,0.029491466246153474,14817845825.383377,False,True,STILL_IN_INDEX,False,14600000000,OK
SPLS,-210706000,,,False,False,ACQUIRED,False,,NO_FLOAT_NEAR_ANCHOR
SRE,739000000,0.03766535840376547,19620150486.23886,False,True,STILL_IN_INDEX,False,19900000000,OK
STI,-1563683000,,,False,False,ACQUIRED,False,17000000000,NO_FLOAT_NEAR_ANCHOR
STT,-1881000000,-0.06271813140764283,29991327193.315926,False,True,STILL_IN_INDEX,False,29060000000,OK
STZ,-301400000,,,False,True,STILL_IN_INDEX,False,,NO_FLOAT_NEAR_ANCHOR
SWK,198200000,0.015623360893821003,12686130810.585548,False,True,STILL_IN_INDEX,False,12400000000,OK
SWN,-707064000,,,False,False,ACQUIRED,False,12840843498,NO_FLOAT_NEAR_ANCHOR
SWY,-1097500000,,,False,False,ACQUIRED,False,5800000000,NO_FLOAT_NEAR_ANCHOR
SYK,1107400000,0.04546312862312486,24358200448.103783,True,True,STILL_IN_INDEX,False,22463504679,OK
T,3944000000,0.020767295285135264,189913994376.67847,False,True,STILL_IN_INDEX,False,188900000000,OK
TAP,443000000,0.050624683613279126,8750671972.27478,True,True,STILL_IN_INDEX,True,7089069915,OK
TDC,250000000,0.030213028802102856,8274575900.268555,False,False,SURVIVED,False,8200000000,OK
TEG,-67500000,,,False,False,ACQUIRED,False,4623528068,NO_FLOAT_NEAR_ANCHOR
TEL,-3256000000,-0.16887980460452384,19279984410.360813,False,True,STILL_IN_INDEX,False,17400000000,OK_APPROX
TER,-394227000,-0.11877667790269678,3319060668.820484,False,True,STILL_IN_INDEX,False,3000000000,OK
TFC,854000000,0.035774845556882345,23871521643.38856,False,True,STILL_IN_INDEX,False,23700000000,OK
TGNA,-6647565000,,,False,False,SURVIVED,False,5589908194,NO_FLOAT_NEAR_ANCHOR
TGT,2214000000,0.049764789273725456,44489287150.843735,True,True,STILL_IN_INDEX,False,45036171526,OK_APPROX
THC,25000000,0.005224819914930734,4784853910.190975,False,False,SURVIVED,False,3900000000,OK
TJX,880617000,0.024241419423853855,36326956957.53946,False,True,STILL_IN_INDEX,False,38305480702,OK_APPROX
TMO,850300000,0.027534800407650224,30880921140.207504,False,True,STILL_IN_INDEX,False,30411997000,OK
TPR,623369000,0.03890670699271295,16022147546.867798,False,True,STILL_IN_INDEX,False,15500000000,OK_APPROX
TROW,433600000,0.02269507251193926,19105468809.226974,False,True,STILL_IN_INDEX,False,18500000000,OK
TRV,1426000000,0.046706175458871374,30531294544.887543,True,True,STILL_IN_INDEX,False,29744391793,OK
TSN,-547000000,-0.9374143405886081,583519982.9101562,False,True,STILL_IN_INDEX,True,,NO_FLOAT_NEAR_ANCHOR
TT,-2624800000,-0.15617568704780774,16806713321.494843,False,True,STILL_IN_INDEX,False,15400000000,OK
TWC,-7344000000,,,False,False,ACQUIRED,False,32300000000,NO_FLOAT_NEAR_ANCHOR
TWX,-13402000000,-0.2572275720097111,52101724147.57324,False,False,ACQUIRED,False,51570000000,OK
TXN,1470000000,0.03782345735839493,38864770770.98117,False,True,STILL_IN_INDEX,False,37754545231,OK
TXT,-31000000,-0.004261615421697815,7274236863.834534,False,True,STILL_IN_INDEX,False,7300000000,OK
TYC,-1798000000,,,False,False,SPINOFF_OR_MERGED,False,,NO_FLOAT_NEAR_ANCHOR
UAA,38229000,0.0030097988670213373,12701513187.103271,False,False,SURVIVED,True,5022472095,OK
UNH,2977000000,0.0444706298581979,66943059036.777,True,True,STILL_IN_INDEX,False,64914032649,OK
UNM,235400000,0.029653226120648787,7938427982.245111,False,False,SURVIVED,False,7700000000,OK
UNP,1898000000,0.026162445076015076,72546736151.20277,False,True,STILL_IN_INDEX,False,71260000000,OK
UPS,807000000,0.012985318302339002,62147109621.07396,False,True,STILL_IN_INDEX,False,62370776544,OK
URBN,185251000,0.03119944352701005,5937637953.049519,False,False,SURVIVED,False,4876471643,OK_APPROX
USB,2205000000,0.03283179257675442,67160512020.32706,False,True,STILL_IN_INDEX,False,66700000000,OK
V,804000000,0.009249863867258575,86920198128.09259,False,True,STILL_IN_INDEX,False,87800000000,OK_APPROX
VFC,461271000,0.021594703660014498,21360376472.96385,False,False,SURVIVED,False,16901000000,OK
VIAB,-11673400000,,,False,False,ACQUIRED,False,27458028984,NO_FLOAT_NEAR_ANCHOR
VLO,-1982000000,-0.09699247369546658,20434575225.115,False,True,STILL_IN_INDEX,False,18800000000,OK
VMC,-96490000,-0.015218438013749983,6340335316.46418,False,True,STILL_IN_INDEX,False,6270045869,OK
VNO,106169000,0.006841898303976085,15517477063.098291,False,False,SURVIVED,False,14071641000,OK
VRSN,-374251000,-0.05528125193764882,6769944364.1781845,False,True,STILL_IN_INDEX,False,4200000000,OK
VTR,222603000,0.01106701427649418,20114097121.28034,False,True,STILL_IN_INDEX,False,20300000000,OK
VZ,875000000,0.0060727673807633815,144085874715.32748,False,True,STILL_IN_INDEX,False,144030746074,OK
WDC,470000000,0.03153024420612653,14906322860.280159,False,True,STILL_IN_INDEX,False,20000000000,OK_APPROX
WEC,359100000,0.0389680120777009,9215250685.202179,False,True,STILL_IN_INDEX,False,9300000000,OK
WELL,128527000,0.007433519212453026,17290195441.303864,False,True,STILL_IN_INDEX,False,19053297364,OK
WFC,2655000000,0.012120046403542997,219058567236.49805,False,True,STILL_IN_INDEX,False,217600000000,OK
WHR,328000000,0.03574787718758994,9175370002.49813,False,False,SURVIVED,False,8814722670,OK
WM,817000000,0.04300317324787036,18998597970.684875,True,True,STILL_IN_INDEX,False,18800000000,OK
WMB,-1097000000,-0.04941177219461002,22201187111.4322,False,True,STILL_IN_INDEX,False,22144393171,OK
WMT,13400000000,0.05482649428734216,244407383221.90463,True,True,STILL_IN_INDEX,False,124752718081,OK_APPROX
WU,848800000,0.08899375013365028,9537748423.066532,True,False,SURVIVED,False,9400000000,OK
WY,-1176000000,-0.0764157432649729,15389498940.319141,False,True,STILL_IN_INDEX,False,16200000000,OK
WYN,-1074000000,,,False,False,SPINOFF,False,7609310586,NO_FLOAT_NEAR_ANCHOR
WYNN,20654000,0.0015918065727942813,12975194570.118942,False,True,STILL_IN_INDEX,False,10300000000,OK
X,-1401000000,,,False,False,SURVIVED,False,2500000000,NO_FLOAT_NEAR_ANCHOR
XEL,645554000,0.04626786775706945,13952534043.485573,True,True,STILL_IN_INDEX,False,14093360676,OK
XL,-2553813000,,,False,False,ACQUIRED,False,8700000000,NO_FLOAT_NEAR_ANCHOR
XOM,19280000000,0.04801899765059449,401507756165.36237,True,True,STILL_IN_INDEX,False,397000000000,OK
XRAY,244520000,0.04146156349744398,5897510353.536816,True,False,SURVIVED,False,5825578435,OK
XRX,265000000,0.02335661620066446,11345821574.636362,False,False,SEVERELY_IMPAIRED,False,11179071063,OK
XYL,220000000,0.04294104643823472,5123303185.366995,True,True,STILL_IN_INDEX,False,5000000000,OK
YUM,964000000,0.030518282919327736,31587622493.318024,False,True,STILL_IN_INDEX,False,31700000000,OK
ZBH,596900000,0.04727064936197864,12627285811.734724,True,True,STILL_IN_INDEX,False,12648249024,OK
ZION,-1216111000,-0.2248837700917167,5407731289.3857155,False,False,SURVIVED,False,5196248111,OK
