tickers,cagr
EMR GL HBAN HRB MCD MMM NTRS PCAR WEC WFC,0.060571130394446726
EMR GL GWW HBAN HRB MMM NTRS PCAR WEC WFC,0.0727364153558192
EMR GL HBAN HRB MMM NTRS PCAR STT WEC WFC,0.06037731220470066
EMR GL GWW HBAN HRB MCD MMM NTRS WEC WFC,0.07358359736953135
EMR GL HBAN HRB MCD MMM NTRS STT WEC WFC,0.06159171975963562
EMR GL GWW HBAN HRB MMM NTRS STT WEC WFC,0.0734518223624161
EMR GL GWW HBAN MCD MMM NTRS PCAR WEC WFC,0.07482099918098628
EMR GL HBAN MCD MMM NTRS PCAR STT WEC WFC,0.0633417948826267
EMR GL GWW HBAN MMM NTRS PCAR STT WEC WFC,0.07469393804835667
EMR GL GWW HBAN MCD MMM NTRS STT WEC WFC,0.0754943188997621
EMR GL GWW HBAN HRB MCD MMM PCAR WEC WFC,0.07282463830374586
EMR GL HBAN HRB MCD MMM PCAR STT WEC WFC,0.060504416042921116
EMR GL GWW HBAN HRB MMM PCAR STT WEC WFC,0.07268988294677481
EMR GL GWW HBAN HRB MCD MMM STT WEC WFC,0.07353821079564571
EMR GL GWW HBAN MCD MMM PCAR STT WEC WFC,0.07477723413270687
EMR GL GWW HRB MCD MMM NTRS PCAR WEC WFC,0.07492711543117636
EMR GL HRB MCD MMM NTRS PCAR STT WEC WFC,0.06349062042684395
EMR GL GWW HRB MMM NTRS PCAR STT WEC WFC,0.07480045034711469
EMR GL GWW HRB MCD MMM NTRS STT WEC WFC,0.07559836159049915
EMR GL GWW MCD MMM NTRS PCAR STT WEC WFC,0.07676590704911201
EMR GL GWW HRB MCD MMM PCAR STT WEC WFC,0.07488348662666722
GL GWW HBAN HRB MCD MMM NTRS PCAR WEC WFC,0.07388805196380899
GL HBAN HRB MCD MMM NTRS PCAR STT WEC WFC,0.062024866575232984
GL GWW HBAN HRB MMM NTRS PCAR STT WEC WFC,0.0737574532915406
GL GWW HBAN HRB MCD MMM NTRS STT WEC WFC,0.07457988590483233
GL GWW HBAN MCD MMM NTRS PCAR STT WEC WFC,0.07578222990392591
GL GWW HBAN HRB MCD MMM PCAR STT WEC WFC,0.07384307002286783
GL GWW HRB MCD MMM NTRS PCAR STT WEC WFC,0.07588539872469235
EMR GWW HBAN HRB MCD MMM NTRS PCAR WEC WFC,0.07361637719249225
EMR HBAN HRB MCD MMM NTRS PCAR STT WEC WFC,0.06163843740650421
EMR GWW HBAN HRB MMM NTRS PCAR STT WEC WFC,0.0734847293626717
EMR GWW HBAN HRB MCD MMM NTRS STT WEC WFC,0.0743136996342657
EMR GWW HBAN MCD MMM NTRS PCAR STT WEC WFC,0.0755253105777891
EMR GWW HBAN HRB MCD MMM PCAR STT WEC WFC,0.0735710343642948
EMR GWW HRB MCD MMM NTRS PCAR STT WEC WFC,0.07562925883722604
GWW HBAN HRB MCD MMM NTRS PCAR STT WEC WFC,0.07461172045390785
EMR GL GWW HBAN HRB MCD MMM NTRS PCAR WEC,0.07296849149001505
EMR GL HBAN HRB MCD MMM NTRS PCAR STT WEC,0.060711344529114086
EMR GL GWW HBAN HRB MMM NTRS PCAR STT WEC,0.07283430633415588
EMR GL GWW HBAN HRB MCD MMM NTRS STT WEC,0.07367908298132297
EMR GL GWW HBAN MCD MMM NTRS PCAR STT WEC,0.07491308039491162
EMR GL GWW HBAN HRB MCD MMM PCAR STT WEC,0.07292227590878197
EMR GL GWW HRB MCD MMM NTRS PCAR STT WEC,0.07501891057690835
GL GWW HBAN HRB MCD MMM NTRS PCAR STT WEC,0.07398268809685749
EMR GWW HBAN HRB MCD MMM NTRS PCAR STT WEC,0.0737117709669961
EMR GL GWW HBAN HRB MCD NTRS PCAR WEC WFC,0.07443064773726293
EMR GL HBAN HRB MCD NTRS PCAR STT WEC WFC,0.0627926559114449
EMR GL GWW HBAN HRB NTRS PCAR STT WEC WFC,0.0743021186812498
EMR GL GWW HBAN HRB MCD NTRS STT WEC WFC,0.0751116515696213
EMR GL GWW HBAN MCD NTRS PCAR STT WEC WFC,0.07629569734648811
EMR GL GWW HBAN HRB MCD PCAR STT WEC WFC,0.07438637772148882
EMR GL GWW HRB MCD NTRS PCAR STT WEC WFC,0.07639732640428254
GL GWW HBAN HRB MCD NTRS PCAR STT WEC WFC,0.0754028002354008
EMR GWW HBAN HRB MCD NTRS PCAR STT WEC WFC,0.07514299313246853
EMR GL GWW HBAN HRB MCD NTRS PCAR STT WEC,0.07452378918844071
EMR GL GWW HBAN HRB MCD MMM NTRS PCAR WFC,0.07116119624792971
EMR GL HBAN HRB MCD MMM NTRS PCAR STT WFC,0.05808164020452766
EMR GL GWW HBAN HRB MMM NTRS PCAR STT WFC,0.07101966247580727
EMR GL GWW HBAN HRB MCD MMM NTRS STT WFC,0.07191018117641423
EMR GL GWW HBAN MCD MMM NTRS PCAR STT WFC,0.07320881463921469
EMR GL GWW HBAN HRB MCD MMM PCAR STT WFC,0.07111245324780846
EMR GL GWW HRB MCD MMM NTRS PCAR STT WFC,0.07332007057686951
GL GWW HBAN HRB MCD MMM NTRS PCAR STT WFC,0.07222992595422406
EMR GWW HBAN HRB MCD MMM NTRS PCAR STT WFC,0.07194461439040145
EMR GL GWW HBAN HRB MCD MMM NTRS PCAR STT,0.07126372701146066
EMR GL GWW HBAN HRB MCD NTRS PCAR STT WFC,0.07279940679030927
