ticker,exit_ticker,entry_px,entry_from_10k,exit_val,exit_date,total_return,cagr
AAPL,AAPL,44.83531188964844,False,324.17999267578125,2026-07-22,6.23046141562869,0.2781834849123326
ACE,CB,128.71390417354988,True,339.70001220703125,2026-07-22,1.6391866083791595,0.12795056407623018
ADM,ADM,38.14183807373047,False,87.0199966430664,2026-07-22,1.281484087758212,0.1077520653697619
AFL,AFL,38.629634857177734,False,123.30999755859375,2026-07-22,2.192108804923939,0.15488529124008266
AIV,AIV,1.3625826835632324,False,2.6649999618530273,2026-07-22,0.9558445839660155,0.08678755442673491
ALL,ALL,79.09962463378906,False,251.97000122070312,2026-07-22,2.185476573210802,0.15458732380701545
AMP,AMP,125.34393310546875,False,526.9949951171875,2026-07-22,3.2043917249170377,0.19503408752578344
AN,AN,48.529998779296875,False,205.68499755859375,2026-07-22,3.238306258650473,0.19622584010896982
APH,APH,21.689455032348633,False,157.5500030517578,2026-07-22,6.263898646451957,0.2789153515491458
APTV,APTV,90.43466186523438,False,58.41749954223633,2026-07-22,-0.3540364022227449,-0.052774696698213885
AZO,AZO,670.9299926757812,False,2975.5048828125,2026-07-22,3.434896211668356,0.20297382172677914
BBWI,BBWI,20.30571746826172,False,20.2549991607666,2026-07-22,-0.002497735309002991,-0.0003102232911790237
BEN,BEN,23.69703483581543,False,32.470298767089844,2026-07-22,0.37022623260926313,0.039851341904479254
BIG,,45.01731461755685,True,0.0,deal-close,-1.0,-1.0
BKNG,BKNG,79.39704132080078,False,179.24000549316406,2026-07-22,1.2575149213552117,0.10630149981671111
BLK,BLK,411.3863830566406,False,1047.0899658203125,2026-07-22,1.5452713287210256,0.12289141931791514
BNY,BNY,43.10578918457031,False,159.80999755859375,2026-07-22,2.707390598379246,0.17652720651228404
CB,CB,122.32478332519531,False,339.70001220703125,2026-07-22,1.7770334266928804,0.1350978154509317
CINF,CINF,61.69843673706055,False,178.89999389648438,2026-07-22,1.899587142846102,0.14119576404961132
CLX,CLX,106.05548858642578,False,95.91500091552734,2026-07-22,-0.09561492579080277,-0.01239121659421194
CMCSA,CMCSA,24.429466247558594,False,23.7549991607666,2026-07-22,-0.027608752477733534,-0.0034674520167731204
CME,CME,118.43415069580078,False,250.28500366210938,2026-07-22,1.1132840670675197,0.09727678415081464
CMG,CMG,8.673199653625488,False,33.1150016784668,2026-07-22,2.8180836370605604,0.18082945005334472
CMI,CMI,108.66594696044922,False,663.9400024414062,2026-07-22,5.1099177894530134,0.2517574436677825
CMS,CMS,38.14832305908203,False,73.69000244140625,2026-07-22,0.9316708188530125,0.08511195642716074
COF,COF,82.17790222167969,False,201.52000427246094,2026-07-22,1.4522407949627256,0.11771607486353708
CPB,CPB,30.47258758544922,False,22.11590003967285,2026-07-22,-0.27423623026246446,-0.03898660270753396
CPRI,CPRI,66.7300033569336,False,16.059999465942383,2026-07-22,-0.7593286579046206,-0.16197714909097083
CSCO,CSCO,33.5888786315918,False,112.62999725341797,2026-07-22,2.3531931354053772,0.16196083098191427
CSX,CSX,19.11445426940918,False,49.994998931884766,2026-07-22,1.6155598390217651,0.12669283894108974
CTAS,CTAS,47.079811096191406,False,200.18499755859375,2026-07-22,3.2520348509807,0.19670588734063865
CVS,CVS,50.47740173339844,False,109.75,2026-07-22,1.174240278444914,0.10115476398882528
DGX,DGX,91.75437927246094,False,207.22000122070312,2026-07-22,1.2584208281260523,0.10635656821965855
DHR,DHR,84.20538330078125,False,177.54100036621094,2026-07-22,1.1084281480203622,0.0969636577863171
DOV,DOV,65.00712585449219,False,214.3699951171875,2026-07-22,2.2976384096263485,0.15955492274023553
DTE,DTE,70.8764419555664,False,148.17999267578125,2026-07-22,1.0906804657135258,0.09581382664621252
DUK,DUK,59.23098373413086,False,127.83999633789062,2026-07-22,1.1583297841501992,0.10015182860616179
ED,ED,59.23770523071289,False,111.79000091552734,2026-07-22,0.8871426649654846,0.08197683224932639
EIX,EIX,44.11879348754883,False,80.5199966430664,2026-07-22,0.8250724980906539,0.07749670929147268
ELV,ELV,213.60667419433594,False,389.260009765625,2026-07-22,0.8223213822030788,0.07729506588340307
EMN,EMN,77.8642807006836,False,69.51000213623047,2026-07-22,-0.10729282399162754,-0.013982390675284617
EMR,EMR,60.01911163330078,False,139.69000244140625,2026-07-22,1.3274253590234943,0.11049541659098283
ES,ES,45.717933654785156,False,74.62000274658203,2026-07-22,0.6321823140572274,0.06266734578249267
ETN,ETN,71.70392608642578,False,407.5625,2026-07-22,4.68396351838195,0.24058489210192646
EXC,EXC,22.98924446105957,False,46.67499923706055,2026-07-22,1.0302972251272196,0.09183662959307815
F,F,6.74127197265625,False,14.369999885559082,2026-07-22,1.1316451767331528,0.09845510310448669
FAST,FAST,9.796323776245117,False,45.275001525878906,2026-07-22,3.62163180392886,0.2091451282351393
FITB,FITB,21.820648193359375,False,57.72999954223633,2026-07-22,1.6456592412229605,0.12829340080202156
GD,GD,166.6110382080078,False,372.1700134277344,2026-07-22,1.2337656462058275,0.10485087451150443
GILD,GILD,57.78040313720703,False,131.48500061035156,2026-07-22,1.2755985329164878,0.10739712438801496
GIS,GIS,32.24754333496094,False,37.04999923706055,2026-07-22,0.14892470574318328,0.017372812024111672
GL,GL,82.33776092529297,False,183.69500732421875,2026-07-22,1.2309934744386557,0.10468066854389968
GME,GME,3.3108296394348145,False,21.700000762939453,2026-07-22,5.554248670627408,0.2627071731859254
GOOG,GOOG,60.331077575683594,False,346.3349914550781,2026-07-22,4.740573604385085,0.24211117372863122
GPC,GPC,72.5168685913086,False,121.13999938964844,2026-07-22,0.6705078658645707,0.06573174441676977
GPS,GPS,22.85621452331543,False,19.604400634765625,2026-07-22,-0.14227263597095907,-0.018860146660337418
GS,GS,198.32162475585938,False,1096.050048828125,2026-07-22,4.5266290308855615,0.23627191891721355
GT,GT,22.876890182495117,False,7.434999942779541,2026-07-22,-0.6749995351873204,-0.13015584701085614
HBAN,HBAN,10.75115966796875,False,18.28499984741211,2026-07-22,0.7007467484544159,0.06810639407221108
HOG,HOG,35.42400360107422,False,27.510000228881836,2026-07-22,-0.22340793156289074,-0.030881933274044315
HPQ,HPQ,17.130945205688477,False,25.21500015258789,2026-07-22,0.4718977762076453,0.0491265821958371
HRB,HRB,18.367765426635742,False,39.53499984741211,2026-07-22,1.152412061517348,0.09977714565046192
IBM,IBM,98.48551177978516,False,208.43499755859375,2026-07-22,1.116402644326579,0.09747754855686908
INTC,INTC,42.25695037841797,False,104.61499786376953,2026-07-22,1.475687358574742,0.11903642285648641
ITW,ITW,117.9259262084961,False,274.18499755859375,2026-07-22,1.3250612174444791,0.1103554062234684
IVZ,IVZ,18.47931480407715,False,30.540000915527344,2026-07-22,0.6526587289258803,0.06431232667902465
JPM,JPM,92.49978637695312,False,347.6343994140625,2026-07-22,2.758218402768957,0.1785164782045523
JWN,,50.58,True,24.25,deal-close,-0.5205614867536575,-0.08717012925234291
KEY,KEY,14.385876655578613,False,22.8799991607666,2026-07-22,0.5904487233243518,0.059257917372636415
KIM,KIM,11.43819808959961,False,26.18000030517578,2026-07-22,1.2888220767028353,0.10819347685427916
KLAC,KLAC,10.484416961669922,False,216.08999633789062,2026-07-22,19.610587801677106,0.4555723632883033
KR,KR,24.45641326904297,False,57.7599983215332,2026-07-22,1.3617526284872712,0.11251445225325174
KSS,KSS,48.38951110839844,False,18.920900344848633,2026-07-22,-0.6089875695899574,-0.10996977234997973
LEN,LEN,45.87762451171875,False,82.00679779052734,2026-07-22,0.787511857105416,0.07472039323736746
LNC,LNC,47.90517807006836,False,41.61000061035156,2026-07-22,-0.13140912346696998,-0.017326915667364662
LRCX,LRCX,15.518214225769043,False,320.760009765625,2026-07-22,19.66990473897321,0.4560914355106942
LYB,LYB,67.87374877929688,False,62.439998626708984,2026-07-22,-0.08005672664783348,-0.010299061832903633
M,M,28.429759979248047,False,24.3700008392334,2026-07-22,-0.14279962767810983,-0.01893495581450577
MA,MA,189.23236083984375,False,532.9600830078125,2026-07-22,1.8164320343647864,0.1370834639955818
MCD,MCD,130.62254333496094,False,264.05499267578125,2026-07-22,1.0215116467197687,0.09124934942222263
MKC,MKC,49.34763717651367,False,52.0,2026-07-22,0.05374852729015123,0.006516465578239261
MMM,MMM,134.56402587890625,False,170.4499969482422,2026-07-22,0.26668324490848394,0.02976375257815067
MO,MO,32.06344985961914,False,72.56999969482422,2026-07-22,1.263324751782846,0.10665433326718099
MPC,MPC,54.81336212158203,False,318.6499938964844,2026-07-22,4.813363412915337,0.2440544238795832
MS,MS,39.949710845947266,False,218.1699981689453,2026-07-22,4.461115826601227,0.23444423699366124
MTB,MTB,135.41700744628906,False,249.4199981689453,2026-07-22,0.841866120604339,0.07872185836697998
NEE,NEE,34.32526779174805,False,89.58999633789062,2026-07-22,1.6100305140060254,0.12639705958689573
NKE,NKE,71.22201538085938,False,42.0,2026-07-22,-0.41029469925267903,-0.06342269565161673
NOC,NOC,263.5653991699219,False,528.9500122070312,2026-07-22,1.0069023243298134,0.09026780738101858
NVDA,NVDA,6.053802013397217,False,213.66000366210938,2026-07-22,34.29352350626505,0.5560235666856701
NWL,NWL,17.80021095275879,False,5.35699987411499,2026-07-22,-0.6990485175522749,-0.1384128780211279
OMC,OMC,51.531986236572266,False,79.51000213623047,2026-07-22,0.5429252381465979,0.05527871089115721
ORLY,ORLY,20.399999618530273,False,86.69000244140625,2026-07-22,3.249510003062043,0.19661770304983128
PBCT,MTB,16.683555011495283,True,29.431559783935544,2026-07-22,0.7641060171921779,0.07296438258789317
PBI,PBI,6.155043601989746,False,18.040000915527344,2026-07-22,1.9309298328440008,0.14271899456648396
PCAR,PCAR,32.246795654296875,False,130.8300018310547,2026-07-22,3.0571473591864198,0.1897602546999957
PDCO,,22.55583881492672,True,31.35,deal-close,0.38988402325581406,0.041690644142267974
PEG,PEG,41.387001037597656,False,79.2750015258789,2026-07-22,0.9154565331723898,0.0839777457770099
PFE,PFE,26.179790496826172,False,24.924999237060547,2026-07-22,-0.047929767043695226,-0.006075150434323606
PFG,PFG,42.655799865722656,False,108.55750274658203,2026-07-22,1.5449646493164617,0.12287463268370002
PG,PG,63.29680252075195,False,149.86000061035156,2026-07-22,1.3675761593363225,0.11285442297509429
PH,PH,150.2845458984375,False,968.8699951171875,2026-07-22,5.446903700743463,0.26012283125606084
PHM,PHM,26.356201171875,False,125.7300033569336,2026-07-22,3.7704144666759296,0.21390771808101583
PM,PM,57.289268493652344,False,192.16000366210938,2026-07-22,2.354205922238311,0.162004366723161
PNC,PNC,109.06861877441406,False,252.37010192871094,2026-07-22,1.3138653882716387,0.10969066287889673
PNW,PNW,58.42337417602539,False,106.33000183105469,2026-07-22,0.8199907713424786,0.07712403471168972
PPL,PPL,20.417041778564453,False,36.025001525878906,2026-07-22,0.7644574525826271,0.07299089935952385
PSX,PSX,82.06620025634766,False,212.2899932861328,2026-07-22,1.586813969978007,0.12514911881613244
PWR,PWR,33.407325744628906,False,643.8359985351562,2026-07-22,18.27229983796801,0.44349881721029827
R,R,60.90363311767578,False,277.4400939941406,2026-07-22,3.555394806383405,0.2069815221840332
RF,RF,13.504186630249023,False,30.781299591064453,2026-07-22,1.2793893800397536,0.10762583156375505
ROK,ROK,143.7092742919922,False,463.58209228515625,2026-07-22,2.2258328112021375,0.15639207808888123
RTX,RTX,71.08323669433594,False,194.77999877929688,2026-07-22,1.7401678347437626,0.1332173534365555
SAI,SAIC,57.3157039668165,True,115.94999694824219,2026-07-22,1.0230057196082352,0.09134937968666912
SHW,SHW,136.78025817871094,False,321.7900085449219,2026-07-22,1.3526056525239594,0.11197897745506946
SLM,SLM,9.789532661437988,False,25.200000762939453,2026-07-22,1.57417811804285,0.12446578519545559
SNA,SNA,130.72265625,False,407.5299987792969,2026-07-22,2.1175162016285674,0.15150233129911728
SPG,SPG,114.62309265136719,False,226.67230224609375,2026-07-22,0.9775448123314101,0.08827631937114955
STI,TFC,68.13232564631046,True,66.80257381439209,2026-07-22,-0.019517194214408562,-0.0024423724180644424
STT,STT,68.84456634521484,False,184.24000549316406,2026-07-22,1.6761735206422719,0.12989982449633897
T,T,13.57226276397705,False,22.864999771118164,2026-07-22,0.684685904535058,0.06684978909354489
TEL,TEL,81.63008880615234,False,191.63499450683594,2026-07-22,1.347602425888733,0.11168531062648146
TFC,TFC,35.86753845214844,False,51.584999084472656,2026-07-22,0.4382085113895726,0.046117120990897265
TGNA,,10.795259644999554,True,22.0,deal-close,1.0379315295293123,0.09234514698114182
TGT,TGT,64.37193298339844,False,138.44000244140625,2026-07-22,1.1506267720298227,0.09966393216590541
TJX,TJX,43.65319061279297,False,154.8800048828125,2026-07-22,2.547965285209267,0.17012883796345224
TROW,TROW,84.50257873535156,False,116.17500305175781,2026-07-22,0.37481015124519645,0.04028229782258741
TRV,TRV,109.78227233886719,False,372.3699951171875,2026-07-22,2.3918954962763515,0.16361636332218632
TSN,TSN,54.96824645996094,False,57.210201263427734,2026-07-22,0.040786362088153005,0.004972045682844595
UNM,UNM,29.9854679107666,False,87.74500274658203,2026-07-22,1.9262509095306215,0.14249251125134466
UNP,UNP,118.80671691894531,False,293.1199951171875,2026-07-22,1.4672005314073755,0.11855977334543022
UPS,UPS,77.13748168945312,False,116.24500274658203,2026-07-22,0.506984674643274,0.05219741965585567
USB,USB,38.415992736816406,False,64.0250015258789,2026-07-22,0.6666236367886391,0.06542399352936745
V,V,129.2644500732422,False,353.8500061035156,2026-07-22,1.7374116077778665,0.13307587350263095
VLO,VLO,86.44296264648438,False,310.69500732421875,2026-07-22,2.594219793169649,0.17201072752486724
VZ,VZ,31.90523338317871,False,44.415000915527344,2026-07-22,0.39209139711054797,0.04189575404470158
WFC,WFC,45.98173141479492,False,86.49500274658203,2026-07-22,0.8810732020141308,0.08154448922212199
WHR,WHR,92.46241760253906,False,37.29999923706055,2026-07-22,-0.5965928622221504,-0.1065171445410219
WMT,WMT,26.38657569885254,False,108.86000061035156,2026-07-22,3.125582714966895,0.19223189358376191
XEL,XEL,36.790748596191406,False,80.22000122070312,2026-07-22,1.1804394931232123,0.10154379858886253
YUM,YUM,68.47013092041016,False,149.0850067138672,2026-07-22,1.1773728881454009,0.10135147362999142
