ticker,worst5_ni,yield,mkt_cap,passed,still_in_index_today,fate,shares_approx
A,401000000,0.021561225122567147,18598201063.273148,False,True,STILL_IN_INDEX,False
AAPL,37037000000,0.16806601029816565,220371745210.66284,True,True,STILL_IN_INDEX,False
ABT,477000000,0.004798710290659076,99401708189.90756,False,True,STILL_IN_INDEX,False
ACE,2834000000,0.047268620308534785,59955208793.94686,True,False,SURVIVED,False
ACN,2941498000,0.03299432589157489,89151632000.7954,False,True,STILL_IN_INDEX,False
ADBE,268395000,0.0022481533248455083,119384650963.89453,False,True,STILL_IN_INDEX,False
ADI,629320000,0.02038536503377031,30871166592.183716,False,True,STILL_IN_INDEX,False
ADM,1279000000,0.059967237996201225,21328312637.660942,True,True,STILL_IN_INDEX,False
ADP,1405800000,0.028321212066009054,49637706067.221344,False,True,STILL_IN_INDEX,False
ADSK,-582100000,-0.020680715275903042,28146995509.302185,False,True,STILL_IN_INDEX,False
AEE,289000000,0.023943486627548978,12070088391.699871,False,True,STILL_IN_INDEX,False
AEP,618000000,0.023969229872055842,25783056164.039955,False,True,STILL_IN_INDEX,False
AES,-1161000000,-0.17610798581105974,6592546014.611724,False,True,STILL_IN_INDEX,False
AFL,2533000000,0.08469931568282325,29905790614.476997,True,True,STILL_IN_INDEX,False
AGN,-4125500000,,,False,False,ACQUIRED,False
AIG,-6084000000,-0.15120129673600105,40237750147.2274,False,True,STILL_IN_INDEX,False
AIV,207290000,0.9668259472442886,214402603.271904,True,False,SURVIVED,False
AIZ,141555000,0.028244885183799744,5011703856.42746,False,True,STILL_IN_INDEX,False
AKAM,218321000,0.017001021704577002,12841639978.685738,False,True,STILL_IN_INDEX,False
ALL,1877000000,0.0675115887173414,27802634120.471573,True,True,STILL_IN_INDEX,False
ALXN,144385000,0.005469274083992979,26399298660.598145,False,False,ACQUIRED,False
AMAT,256000000,0.006000919750183829,42660127223.35736,False,True,STILL_IN_INDEX,False
AMD,-660000000,-0.03714527272099053,17768075226.084923,False,True,STILL_IN_INDEX,False
AMGN,1979000000,0.01939846828041909,102018364099.27336,False,True,STILL_IN_INDEX,False
AMP,1314000000,0.07249120285291892,18126337380.082397,True,True,STILL_IN_INDEX,False
AMT,551333000,0.010426325507391681,52878936074.75958,False,True,STILL_IN_INDEX,False
AMZN,-241000000,-0.0055886538086737944,43123086211.9173,False,True,STILL_IN_INDEX,False
AN,374900000,0.08503736151522533,4408650425.176666,True,False,SURVIVED,False
ANF,3956000,0.0026678228614385536,1482857073.1517124,False,False,SURVIVED,False
AON,1148000000,0.03486987573492629,32922400089.029938,False,True,STILL_IN_INDEX,False
APD,631100000,0.022424032718358102,28143911843.445145,False,True,STILL_IN_INDEX,False
APH,638749000,0.09769823804625505,6537978706.408047,True,True,STILL_IN_INDEX,False
APOL,-84554000,,,False,False,ACQUIRED,False
APTV,1212000000,0.0506174642897154,23944304935.209045,True,True,STILL_IN_INDEX,False
ATI,-640900000,-0.1834816271011194,3492992786.938774,False,False,SURVIVED,False
AVB,353141000,0.019044480732541842,18542957666.290054,False,True,STILL_IN_INDEX,False
AVP,-1148900000,,,False,False,ACQUIRED,False
AXP,2736000000,0.035517860594680095,77031666721.77887,False,True,STILL_IN_INDEX,False
AZO,1016480000,0.05730918671437268,17736772379.37622,True,True,STILL_IN_INDEX,False
BA,4585000000,0.022949750041538517,199784311014.33594,False,True,STILL_IN_INDEX,False
BAC,4833000000,0.018683452386590558,258678101883.82147,False,True,STILL_IN_INDEX,False
BALL,266000000,0.021375588367189887,12444101908.712482,False,True,STILL_IN_INDEX,False
BAX,717000000,0.020757214725623474,34542206624.42291,False,True,STILL_IN_INDEX,False
BBBY,-109878000,-0.10665676962931273,1030201836.994339,False,False,FAILED,False
BBWI,903000000,0.16042416126673958,5628827932.586594,True,False,SURVIVED,False
BBY,532000000,0.034797324374784055,15288531792.562614,False,True,STILL_IN_INDEX,False
BDX,695000000,0.015360956408018512,45244578627.7478,False,True,STILL_IN_INDEX,False
BEN,1696700000,0.13254087127831582,12801334287.573727,True,True,STILL_IN_INDEX,False
BHI,-2738000000,,,False,False,ACQUIRED,False
BIG,114276000,0.0629253659743638,1816056183.869583,True,False,FAILED,False
BIIB,1862341000,0.026395694771169542,70554725539.33777,False,True,STILL_IN_INDEX,False
BKNG,1059131000,0.27690063575832236,3824949686.7331314,True,True,STILL_IN_INDEX,False
BLK,2932000000,0.04449731547258137,65891615457.26636,True,True,STILL_IN_INDEX,False
BMS,94000000,0.024520093832739807,3833590549.9060116,False,False,ACQUIRED,False
BMY,1007000000,0.015112986726824635,66631435480.09845,False,True,STILL_IN_INDEX,False
BNY,2111000000,0.0484552237045344,43565994305.84105,True,True,STILL_IN_INDEX,False
BSX,-239000000,-0.005153590827068966,46375431814.389496,False,True,STILL_IN_INDEX,False
BTU,-1996000000,-0.4302974898079317,4638651275.634766,False,False,FAILED,False
BWA,118500000,0.015752856448722204,7522445239.4227295,False,False,SURVIVED,False
BXP,443611000,0.033067146460337545,13415460585.088287,False,True,STILL_IN_INDEX,False
C,-6798000000,-0.04854050912397841,140047974829.3755,False,True,STILL_IN_INDEX,False
CAG,-677000000,-0.06542511771814973,10347707785.8156,False,False,SURVIVED,False
CAH,334000000,0.027540458519422755,12127612173.357548,False,True,STILL_IN_INDEX,False
CAT,-59000000,-0.0008632060891072263,68349842227.15683,False,True,STILL_IN_INDEX,False
CB,2834000000,0.04973749799036438,56979142789.79271,True,True,STILL_IN_INDEX,False
CBRE,316538000,0.018708982128729252,16919039091.599144,False,True,STILL_IN_INDEX,False
CCI,90111000,0.0027541031799398685,32718817746.678406,False,True,STILL_IN_INDEX,False
CCL,1078000000,0.037127091303557166,29035401431.965027,False,True,STILL_IN_INDEX,False
CELG,1449900000,0.025176056971183535,57590432118.085556,False,False,ACQUIRED,False
CERN,398354000,0.020713087955151546,19231994807.46305,False,False,ACQUIRED,False
CF,-158000000,-0.018540444420436522,8521910069.5257225,False,True,STILL_IN_INDEX,False
CHK,-14685000000,,,False,False,FAILED,False
CHRW,415904000,0.03894949834144976,10678032265.113876,False,True,STILL_IN_INDEX,False
CI,1478000000,0.039537574852004764,37382161286.633835,False,True,STILL_IN_INDEX,False
CINF,517000000,0.0510488704361108,10127550239.275932,True,True,STILL_IN_INDEX,False
CL,1384000000,0.028658408860428,48292981188.88414,False,True,STILL_IN_INDEX,False
CLF,-7224200000,-2.3747817232220156,3042048003.55229,False,False,SURVIVED,False
CLX,558000000,0.040626042986988346,13735031988.68557,True,True,STILL_IN_INDEX,False
CMA,477000000,0.030513995076611122,15632171362.76,False,False,SURVIVED,False
CMCSA,6816000000,0.13523869588870555,50399776152.89352,True,True,STILL_IN_INDEX,False
CME,976800000,0.12375716800790487,7892876151.930107,True,True,STILL_IN_INDEX,False
CMG,22938000,0.0951557957861035,241057308.28589058,True,True,STILL_IN_INDEX,False
CMI,994000000,0.05551458915240343,17905203211.919403,True,True,STILL_IN_INDEX,False
CMS,454000000,0.044538046966457565,10193531843.50261,True,True,STILL_IN_INDEX,False
CNP,-692000000,-0.07312274771534305,9463539344.744843,False,True,STILL_IN_INDEX,False
CNX,-848102000,-0.23906422937898336,3547590545.8675804,False,False,SURVIVED,False
COF,1982000000,0.04958205838053175,39974137112.028946,True,True,STILL_IN_INDEX,False
COL,604000000,0.027396772640133196,22046392395.694366,False,False,ACQUIRED,False
COP,-4428000000,-0.07084956559462628,62498618909.46936,False,True,STILL_IN_INDEX,False
COR,-134887000,-0.009720586807030364,13876425639.493664,False,True,STILL_IN_INDEX,False
COST,2039000000,0.023661573734153774,86173473620.51624,False,True,STILL_IN_INDEX,False
CPB,458000000,0.04999208497648563,9161450261.884972,True,False,SURVIVED,False
CPRI,552500000,0.055237330785434184,10002293596.447487,True,False,SURVIVED,False
CRM,-262688000,-0.002669551485476097,98401548510.74219,False,True,STILL_IN_INDEX,False
CSC,-123000000,,,False,False,SPINOFF_OR_MERGED,False
CSCO,7853000000,0.049713685977785166,157964549309.60373,True,True,STILL_IN_INDEX,False
CSX,1714000000,0.10243902094532098,16731905324.582165,True,True,STILL_IN_INDEX,False
CTAS,315442000,0.0627820248966073,5024399906.175156,True,True,STILL_IN_INDEX,False
CTSH,1228578000,0.029960211430456397,41006986978.43884,False,True,STILL_IN_INDEX,False
CTXS,-20719000,-0.001462915501519825,14162813900.375656,False,False,ACQUIRED,False
CVS,4592000000,0.08948185587771251,51317666078.31099,True,True,STILL_IN_INDEX,False
CVX,-497000000,-0.002906251679603919,171010653856.2875,False,True,STILL_IN_INDEX,False
D,1310000000,0.03980225557303237,32912707612.670517,False,True,STILL_IN_INDEX,False
DE,1523900000,0.03774299132199016,40375708088.40823,False,True,STILL_IN_INDEX,False
DF,-20296000,,,False,False,SPINOFF,False
DGX,556000000,0.044616265311812675,12461822972.27806,True,True,STILL_IN_INDEX,False
DHI,462700000,0.03266379793350038,14165529707.904827,False,True,STILL_IN_INDEX,False
DHR,2492100000,0.042365660511449986,58823584240.50702,True,True,STILL_IN_INDEX,False
DIS,6136000000,0.03813961261398785,160882598942.53876,False,True,STILL_IN_INDEX,False
DISCA,-337000000,-0.10881790109878736,3096916928.1629844,False,False,SPINOFF_OR_MERGED,False
DLTR,282400000,0.013011334190501003,21704153921.906616,False,True,STILL_IN_INDEX,False
DNR,-4385448000,,,False,False,FAILED,False
DO,-372503000,,,False,False,FAILED,False
DOC,-559235000,-0.07037991486087015,7945945957.81365,False,True,STILL_IN_INDEX,False
DOV,508892000,0.05061004326896816,10055158366.403336,True,True,STILL_IN_INDEX,False
DRI,286200000,0.027280308520897984,10491083697.999878,False,True,STILL_IN_INDEX,False
DTE,661000000,0.051388177094131786,12862880868.282097,True,True,STILL_IN_INDEX,False
DUK,1883000000,0.04535016319740271,41521350029.184525,True,True,STILL_IN_INDEX,False
DVA,269732000,0.02226011039743472,12117280426.02539,False,True,STILL_IN_INDEX,False
DVN,-14454000000,-0.8917533557798776,16208517642.593384,False,True,STILL_IN_INDEX,False
EA,8000000,0.00019051577382593832,41991273684.818726,False,True,STILL_IN_INDEX,False
EBAY,-1016000000,-0.03454624022235476,29409857439.20549,False,True,STILL_IN_INDEX,False
ECHO,3401000,0.0009727895258628321,3496131392.845154,False,True,STILL_IN_INDEX,True
ECL,973600000,0.026176346243868408,37193884544.83244,False,True,STILL_IN_INDEX,False
ED,1062000000,0.057695568294688526,18406959691.87235,True,True,STILL_IN_INDEX,False
EFX,351800000,0.025016628739835813,14062646236.573158,False,True,STILL_IN_INDEX,False
EIX,668000000,0.046471513583061515,14374397313.44323,True,True,STILL_IN_INDEX,False
EL,1019800000,0.022465813942265035,45393414305.877686,False,True,STILL_IN_INDEX,True
ELV,2469800000,0.045245984498879246,54586059455.9762,True,True,STILL_IN_INDEX,False
EMN,751000000,0.06762002155612004,11106178062.613022,True,False,SURVIVED,False
EMR,1518000000,0.04014020113269414,37817448771.16699,True,True,STILL_IN_INDEX,False
EOG,-4524515000,-0.0857339415794509,52773906304.15686,False,True,STILL_IN_INDEX,False
EQR,603454000,0.033782828513258326,17862743487.069767,False,True,STILL_IN_INDEX,False
EQT,-452983000,-0.061922651701005894,7315303649.902344,False,True,STILL_IN_INDEX,False
ES,793689000,0.05478491332368659,14487364346.286987,True,True,STILL_IN_INDEX,False
ESV,-3902600000,,,False,False,ACQUIRED,False
ETN,1803000000,0.05750072408618685,31356126877.593994,True,True,STILL_IN_INDEX,False
ETR,-583618000,-0.1066273545543929,5473435990.5954895,False,True,STILL_IN_INDEX,False
EXC,1204000000,0.05425036043690994,22193400934.17781,True,True,STILL_IN_INDEX,False
EXPD,348526000,0.028799723891345497,12101713242.630577,False,True,STILL_IN_INDEX,False
EXPE,232850000,0.013295625554111753,17513279014.389038,False,True,STILL_IN_INDEX,True
F,3187000000,0.1268358506267268,25126965162.075684,True,True,STILL_IN_INDEX,False
FAST,448636000,0.15918713839410306,2818293013.6560535,True,True,STILL_IN_INDEX,False
FCX,-12089000000,-0.558331554150818,21652009294.703926,False,True,STILL_IN_INDEX,False
FDX,1050000000,0.024710889027196755,42491389073.2289,False,True,STILL_IN_INDEX,False
FE,-6177000000,-0.5062881548527629,12200561954.281502,False,True,STILL_IN_INDEX,False
FFIV,277314000,0.026476874716548193,10473819246.751099,False,True,STILL_IN_INDEX,False
FHN,29602000,0.006803770904960678,4350822567.881727,False,False,SPINOFF,False
FIS,493100000,0.01691847272066779,29145656829.74585,False,True,STILL_IN_INDEX,False
FISV,648000000,0.02096796383937648,30904288321.172028,False,True,STILL_IN_INDEX,False
FITB,1481000000,0.09901082778518804,14957959984.065063,True,True,STILL_IN_INDEX,False
FLIR,107223000,0.014857107202321036,7216950011.860263,False,False,ACQUIRED,False
FLR,264469000,0.038574506533391735,6856056597.148285,False,False,SPINOFF,False
FLS,2652000,0.0005376812981933766,4932289832.119492,False,False,SURVIVED,False
FMC,209100000,0.024686729817350428,8470137662.909061,False,False,SURVIVED,False
FOSL,-473559000,-0.3670832608421623,1290058824.566288,False,False,SEVERELY_IMPAIRED,False
FRX,-32103000,,,False,False,ACQUIRED,False
FSLR,-357964000,-0.0652700448426135,5484353517.194038,False,True,STILL_IN_INDEX,False
FTR,-1804000000,,,False,False,FAILED,False
GD,2357000000,0.04762669947567942,49489047654.9525,True,True,STILL_IN_INDEX,False
GE,-6126000000,-0.011298829303579932,542180064447.8302,False,True,STILL_IN_INDEX,False
GEN,-106000000,-0.016799073258343844,6309871882.209419,False,True,STILL_IN_INDEX,False
GHC,-100655000,-0.0340026805857904,2960207791.442871,False,False,SURVIVED,True
GILD,3074808000,0.04092672132318096,75129595056.48022,True,True,STILL_IN_INDEX,False
GIS,1221300000,0.06382660021740677,19134655391.952515,True,True,STILL_IN_INDEX,False
GL,527100000,0.056374152517600834,9350029693.75782,True,True,STILL_IN_INDEX,False
GLW,-497000000,-0.02225036713643897,22336710084.48545,False,True,STILL_IN_INDEX,False
GME,34700000,0.10288276040835044,337277109.0343294,True,False,SURVIVED,False
GNW,-1244000000,-0.5401951978261508,2302871267.656756,False,False,SEVERELY_IMPAIRED,False
GOOG,12662000000,0.30207309358877665,41917007071.266174,True,True,STILL_IN_INDEX,True
GPC,616757000,0.057960621366751106,10640965977.528328,True,True,STILL_IN_INDEX,False
GPS,676000000,0.07633168350310136,8856086607.503345,True,False,SURVIVED,False
GRMN,364211000,0.03539718022621155,10289265915.320068,False,True,STILL_IN_INDEX,False
GS,4286000000,0.05721558114552245,74909664713.51505,True,True,STILL_IN_INDEX,False
GT,307000000,0.05595512949383368,5486538996.10458,True,False,ACQUIRED,False
GWW,585730000,0.03351809583354967,17475038048.364258,False,True,STILL_IN_INDEX,False
HAL,-5763000000,-0.17161033201343553,33581894122.486805,False,True,STILL_IN_INDEX,False
HAS,286198000,0.030460012618238188,9395859535.15451,False,True,STILL_IN_INDEX,False
HBAN,632392000,0.0533863163566769,11845582223.260254,True,True,STILL_IN_INDEX,False
HCBK,-735989000,,,False,False,ACQUIRED,False
HD,5385000000,0.029143129098383843,184777687454.9353,False,True,STILL_IN_INDEX,False
HES,-6132000000,,,False,False,ACQUIRED,False
HIG,-3131000000,-0.19792397219637828,15819205552.794037,False,True,STILL_IN_INDEX,False
HOG,521759000,0.08849594819505234,5895851851.318665,True,False,SURVIVED,False
HON,1655000000,0.019168836994634984,86338049640.8418,False,True,STILL_IN_INDEX,False
HP,-128212000,-0.028248831478357734,4538665611.645813,False,False,SURVIVED,False
HPQ,2496000000,0.09046886029773787,27589603668.992073,True,True,STILL_IN_INDEX,False
HRB,374267000,0.09737528200949315,3843552411.6224136,True,False,SURVIVED,False
HRL,526211000,0.03414770680821664,15409848835.687637,False,True,STILL_IN_INDEX,True
HST,317000000,0.02835367675486539,11180207870.064116,False,True,STILL_IN_INDEX,False
HSY,512951000,0.029805423737046716,17209988508.31389,False,True,STILL_IN_INDEX,False
HUM,614000000,0.01524077650759685,40286661227.132904,False,True,STILL_IN_INDEX,False
IBM,5753000000,0.06363474982598225,90406578414.03242,True,True,STILL_IN_INDEX,False
ICE,254000000,0.006575804505897775,38626452439.726555,False,True,STILL_IN_INDEX,False
IFF,295665000,0.03465295599239754,8532172553.038925,False,True,STILL_IN_INDEX,False
INTC,9601000000,0.04875648646516653,196917388763.42773,True,True,STILL_IN_INDEX,False
INTU,365000000,0.007383284237265606,49435994642.83627,False,True,STILL_IN_INDEX,False
IP,555000000,0.037754604304257984,14700193796.95649,False,True,STILL_IN_INDEX,False
IPG,267900000,0.02971978166585237,9014198119.356089,False,False,ACQUIRED,False
IRM,100792000,0.015292390111083475,6590990634.416847,False,True,STILL_IN_INDEX,False
ISRG,418800000,0.021821807197742203,19191811026.693115,False,True,STILL_IN_INDEX,False
ITW,1679000000,0.042028696023595186,39948895846.24273,True,True,STILL_IN_INDEX,False
IVZ,854200000,0.11253375624314756,7590611284.265331,True,True,STILL_IN_INDEX,False
J,210463000,0.02838262679837234,7415205135.701866,False,True,STILL_IN_INDEX,False
JBL,129090000,0.028474979533527813,4533453653.513718,False,True,STILL_IN_INDEX,False
JCI,-868000000,-0.02963081396230549,29293829089.68402,False,True,STILL_IN_INDEX,False
JDSU,-99200000,,,False,False,SURVIVED,False
JEF,125938000,0.021298909257413245,5912884950.0199795,False,False,SPINOFF,False
JNJ,1300000000,0.004980801004278204,261002196008.91092,False,True,STILL_IN_INDEX,False
JNPR,-334300000,,,False,False,ACQUIRED,False
JOY,-1178004000,,,False,False,ACQUIRED,False
JPM,17923000000,0.05690904693137562,314941137946.18,True,True,STILL_IN_INDEX,False
JWN,354000000,0.04181180991318258,8466507446.94,True,False,SURVIVED,False
K,614000000,0.0257637350806667,23831948204.62,False,False,ACQUIRED,False
KEY,791000000,0.05179087834200551,15272959743.539463,True,True,STILL_IN_INDEX,False
KIM,236281000,0.04861690129016845,4860058821.720543,True,True,STILL_IN_INDEX,False
KLAC,366158000,0.2240556519489399,1634227910.856022,True,True,STILL_IN_INDEX,False
KMB,1013000000,0.033944903759457176,29842476713.983154,False,True,STILL_IN_INDEX,False
KMI,183000000,0.007372252089655297,24822808251.06138,False,True,STILL_IN_INDEX,False
KMX,492586000,0.03691570318744954,13343535608.647636,False,False,SURVIVED,False
KO,1248000000,0.008034882194508708,155322750201.9784,False,True,STILL_IN_INDEX,False
KR,1519000000,0.07796208616268575,19483829573.650177,True,True,STILL_IN_INDEX,False
KSS,556000000,0.0687632917971616,8085709474.760056,True,False,SURVIVED,False
L,260000000,0.016586955935127747,15674967788.958412,False,True,STILL_IN_INDEX,False
LEG,98000000,0.02343859389728623,4181138187.2761,False,False,SURVIVED,False
LEN,479674000,0.0441432732036374,10866298876.098633,True,True,STILL_IN_INDEX,True
LH,436900000,0.029138684230838492,14993813603.21045,False,True,STILL_IN_INDEX,False
LHX,113000000,0.006712313105809813,16834733156.621277,False,True,STILL_IN_INDEX,False
LLY,-204100000,-0.0021210332061044716,96226687735.2919,False,True,STILL_IN_INDEX,False
LMT,2002000000,0.02938303262667421,68134560017.558044,False,True,STILL_IN_INDEX,False
LNC,1154000000,0.11014401485136378,10477192079.45425,True,False,SURVIVED,False
LOW,2286000000,0.033986353525307815,67262290975.04498,False,True,STILL_IN_INDEX,False
LRCX,113879000,0.044734064678416015,2545688633.900199,True,True,STILL_IN_INDEX,False
LSI,-47719000,,,False,False,ACQUIRED,False
LUMN,-239000000,-0.01712202893109557,13958626104.523663,False,False,SEVERELY_IMPAIRED,False
LUV,754000000,0.024804498344904204,30397712121.233063,False,True,STILL_IN_INDEX,False
LYB,3836000000,0.1441497698564228,26611211407.557312,True,True,STILL_IN_INDEX,False
M,619000000,0.07106737515137092,8710044499.06237,True,False,SURVIVED,False
MA,3116000000,0.13438751514615638,23186677695.551697,True,True,STILL_IN_INDEX,False
MAR,626000000,0.01493617887830943,41911656595.72327,False,True,STILL_IN_INDEX,False
MAS,272000000,0.024674586050943033,11023487868.790588,False,True,STILL_IN_INDEX,False
MAT,-1053836000,-0.19302635464948537,5459544640.490416,False,False,ACQUIRED,False
MCD,4529300000,0.04416163684994989,102561868695.88687,True,True,STILL_IN_INDEX,False
MCHP,164639000,0.017917984266310045,9188477763.626537,False,True,STILL_IN_INDEX,False
MCK,67000000,0.002804078757845122,23893765398.903473,False,True,STILL_IN_INDEX,False
MCO,266600000,0.008709571990997885,30610000155.63965,False,True,STILL_IN_INDEX,False
MDLZ,1659000000,0.03161134589805698,52481156776.749954,False,True,STILL_IN_INDEX,False
MDT,2675000000,0.028871749100905744,92651123790.62901,False,True,STILL_IN_INDEX,False
MET,800000000,0.022588612369884183,35416075449.88394,False,True,STILL_IN_INDEX,False
META,1500000000,0.002978243027252498,503652652343.75,False,True,STILL_IN_INDEX,True
MKC,389000000,0.062364316138611986,6237541339.111328,True,True,STILL_IN_INDEX,True
MMM,4659000000,0.058317961583803035,79889623599.1549,True,True,STILL_IN_INDEX,False
MNST,208716000,0.012946972578128973,16120834329.453915,False,True,STILL_IN_INDEX,False
MO,4535000000,0.07473036522634945,60684836562.27319,True,True,STILL_IN_INDEX,False
MOLX,-322036000,,,False,False,ACQUIRED,False
MON,1336000000,0.026761407715566694,49922635393.46137,False,False,ACQUIRED,False
MOS,-107200000,-0.010681596583125131,10035952880.803923,False,True,STILL_IN_INDEX,False
MPC,1174000000,0.04637176744287944,25317128605.16107,True,True,STILL_IN_INDEX,False
MRK,2394000000,0.01809205198219079,132323298780.95496,False,True,STILL_IN_INDEX,False
MRO,-5723000000,,,False,False,ACQUIRED,False
MRSH,1357000000,0.036342219838601295,37339491259.107056,False,True,STILL_IN_INDEX,False
MS,2932000000,0.04145845959359126,70721392660.06967,True,True,STILL_IN_INDEX,False
MSFT,12193000000,0.016191724543121497,753038996403.8624,False,True,STILL_IN_INDEX,False
MSI,-155000000,-0.009143512493479559,16951909904.485168,False,True,STILL_IN_INDEX,False
MTB,1066246000,0.0542139533404442,19667372222.504364,True,True,STILL_IN_INDEX,False
MU,-276000000,-0.004653648524160932,59308303703.43959,False,True,STILL_IN_INDEX,False
MUR,-2270833000,-0.5230128550694517,4341830182.545805,False,False,SURVIVED,False
NBL,-2441000000,,,False,False,ACQUIRED,False
NBR,-1029742000,-0.011555912699407207,89109534381.72162,False,False,SURVIVED,False
NDAQ,108000000,0.023950008592552027,4509392954.18816,False,True,STILL_IN_INDEX,False
NEE,1908000000,0.11790745206241075,16182183285.498001,True,True,STILL_IN_INDEX,False
NEM,-2462000000,-0.15382977414349203,16004703989.901543,False,True,STILL_IN_INDEX,False
NFLX,112403000,0.007663400145772948,14667510225.470913,False,True,STILL_IN_INDEX,False
NFX,-3362000000,,,False,False,ACQUIRED,False
NI,128500000,0.018693566097849623,6874022823.006561,False,True,STILL_IN_INDEX,False
NKE,2485000000,0.04079129262117166,60919864027.80051,True,True,STILL_IN_INDEX,False
NOC,1952000000,0.042470206157597674,45961632320.70392,True,True,STILL_IN_INDEX,False
NOV,-2412000000,-0.14503326561021287,16630667384.14634,False,False,SEVERELY_IMPAIRED,False
NRG,-6382000000,-0.8005112734941614,7972404900.861834,False,True,STILL_IN_INDEX,False
NSC,1556000000,0.03827828491088575,40649679148.96045,False,True,STILL_IN_INDEX,False
NTAP,76000000,0.004588033824734492,16564829925.681313,False,True,STILL_IN_INDEX,False
NTRS,731300000,0.03764706716798103,19425151944.42486,False,True,STILL_IN_INDEX,False
NUE,357659000,0.021222981212843637,16852439174.923897,False,True,STILL_IN_INDEX,False
NVDA,439990000,0.11970242099691605,3675698422.2677975,True,True,STILL_IN_INDEX,False
NWL,350000000,0.040483196047596495,8645562459.754944,True,False,SURVIVED,False
NYX,-738000000,,,False,False,ACQUIRED,False
OI,-74000000,-0.024995436964744513,2960540362.0018845,False,False,SURVIVED,False
OKE,244977000,0.013994309816509122,17505472096.308746,False,True,STILL_IN_INDEX,False
OMC,991100000,0.08461766805323029,11712683920.53218,True,True,STILL_IN_INDEX,False
ORCL,3825000000,0.02266496404633467,168762676710.20508,False,True,STILL_IN_INDEX,False
ORLY,670292000,0.4011323699315,1670999525.9531498,True,True,STILL_IN_INDEX,False
OXY,-7829000000,-0.14706304598412911,53235671460.557785,False,True,STILL_IN_INDEX,False
PAYX,515300000,0.026790121696001597,19234701725.035767,False,True,STILL_IN_INDEX,False
PBCT,232400000,0.0400424845882544,5803835660.791377,True,False,ACQUIRED,False
PBI,92805000,0.08039383210291705,1154379603.1665049,True,False,SEVERELY_IMPAIRED,False
PCAR,521700000,0.045985810817421605,11344803771.565887,True,True,STILL_IN_INDEX,False
PCG,828000000,0.03786667462367428,21866192588.306488,False,True,STILL_IN_INDEX,False
PDCO,170893000,0.07998946133369213,2136443940.872229,True,False,SURVIVED,False
PEG,887000000,0.04242104202874674,20909434506.557426,True,True,STILL_IN_INDEX,False
PEP,4857000000,0.03815978725163726,127280583824.31387,False,True,STILL_IN_INDEX,False
PFE,6960000000,0.04544844751092636,153140544532.9399,True,True,STILL_IN_INDEX,False
PFG,912700000,0.07471328432605698,12216033711.178818,True,True,STILL_IN_INDEX,False
PG,7036000000,0.04420539119086302,159166106451.15833,True,True,STILL_IN_INDEX,False
PGR,1031000000,0.03743583970206469,27540453431.932434,False,True,STILL_IN_INDEX,False
PH,806840000,0.04037885032278443,19981747710.749634,True,True,STILL_IN_INDEX,False
PHM,447221000,0.059428597245300877,7525350096.251221,True,True,STILL_IN_INDEX,False
PLD,342921000,0.012238877067727997,28018992110.33249,False,True,STILL_IN_INDEX,False
PM,6035000000,0.06776736696260868,89054662597.8529,True,True,STILL_IN_INDEX,False
PNC,3985000000,0.07782050906615254,51207580724.15703,True,True,STILL_IN_INDEX,False
PNR,-76400000,-0.011437013754691992,6680065412.062408,False,True,STILL_IN_INDEX,False
PNW,423696000,0.06479014215350548,6539513356.771912,True,True,STILL_IN_INDEX,False
PPG,877000000,0.03950979926591019,22197024948.104263,False,True,STILL_IN_INDEX,False
PPL,682000000,0.047784576824817515,14272387563.465767,True,True,STILL_IN_INDEX,False
PRGO,-4012800000,-0.459843396682572,8726449110.608887,False,False,SURVIVED,False
PRU,-667000000,-0.02331953862636915,28602624206.54297,False,True,STILL_IN_INDEX,False
PSA,1052453000,0.03843569776967023,27382174932.97325,False,True,STILL_IN_INDEX,False
PSX,1555000000,0.04067542859986082,38229468097.24141,True,True,STILL_IN_INDEX,False
PWR,200098000,0.04126999115388422,4848510852.689323,True,True,STILL_IN_INDEX,False
PXD,-838414000,,,False,False,ACQUIRED,False
QCOM,2466000000,0.03167332494621926,77857313818.08585,False,True,STILL_IN_INDEX,False
QEP,-1245000000,,,False,False,SPINOFF,False
R,218575000,0.06759343163996745,3233672188.2124176,True,False,SURVIVED,False
RDC,-114852000,,,False,False,ACQUIRED,False
RF,1062000000,0.07001946385317691,15167211251.815594,True,True,STILL_IN_INDEX,False
RHI,252195000,0.03466894265185023,7274378181.43383,False,False,SURVIVED,False
RHT,178292000,0.007721865128604438,23089240362.350445,False,False,ACQUIRED,False
RL,-99300000,-0.009960975633128578,9968903012.8479,False,True,STILL_IN_INDEX,True
ROK,729700000,0.040433159043947,18047068724.135193,True,True,STILL_IN_INDEX,False
ROP,538293000,0.018141594905105918,29671757241.61377,False,True,STILL_IN_INDEX,False
ROST,837304000,0.028367605943098683,29516202448.649025,False,True,STILL_IN_INDEX,False
RRC,-713685000,-0.196679791680978,3628664612.161192,False,False,SURVIVED,False
RSG,547600000,0.02594947791421727,21102544020.74037,False,True,STILL_IN_INDEX,False
RTN,1996000000,0.03565782381517525,55976495098.12605,False,False,SPINOFF,False
RTX,4552000000,0.08004105129089856,56870817244.220856,True,True,STILL_IN_INDEX,False
RVTY,157778000,0.019888944234968977,7932949991.513016,False,True,STILL_IN_INDEX,False
S,-4326000000,,,False,False,SURVIVED,False
SAI,113000000,0.04644926515241236,2432761845.1921043,True,False,SPINOFF_OR_MERGED,False
SBUX,8300000,0.0001369195319882477,60619546966.552734,False,True,STILL_IN_INDEX,False
SCHW,1071000000,0.017384273326090455,61607406873.46619,False,True,STILL_IN_INDEX,False
SHW,752561000,0.058815868025553386,12795203492.9254,True,True,STILL_IN_INDEX,False
SJM,344900000,0.03677959603718846,9377482005.274498,False,True,STILL_IN_INDEX,False
SLB,-1687000000,-0.022620444364323065,74578552606.18727,False,True,STILL_IN_INDEX,False
SLM,194219000,0.045587380350300306,4260367639.1929502,True,False,SPINOFF,False
SNA,350300000,0.047348857638855206,7398277750.8984375,True,True,STILL_IN_INDEX,False
SO,926000000,0.027162328362953587,34091333689.307785,False,True,STILL_IN_INDEX,False
SPG,1551590000,0.047781135341714624,32472857518.004745,True,True,STILL_IN_INDEX,False
SPGI,-115000000,-0.002587333352375991,44447307067.87109,False,True,STILL_IN_INDEX,False
SPLS,-1497000000,,,False,False,ACQUIRED,False
SRCL,42400000,0.008029459063422076,5280554974.512759,False,False,ACQUIRED,False
SRE,256000000,0.02161859535341544,11841657416.44984,False,True,STILL_IN_INDEX,False
STI,1344000000,0.0424380213720654,31669714009.915665,True,False,ACQUIRED,False
STT,1980000000,0.07870773301693008,25156359154.36798,True,True,STILL_IN_INDEX,False
STX,248000000,0.022135685520678048,11203628628.005707,False,True,STILL_IN_INDEX,False
SWK,490300000,0.02687509429876144,18243656917.05111,False,True,STILL_IN_INDEX,False
SWN,-4556000000,,,False,False,ACQUIRED,False
SYK,515000000,0.009196811861014927,55997666124.17865,False,True,STILL_IN_INDEX,False
T,6224000000,0.07467551517961457,83347265633.58307,True,True,STILL_IN_INDEX,False
TAP,359500000,0.03092747863133711,11623967290.878296,False,True,STILL_IN_INDEX,True
TDC,-214000000,-0.04607523890403475,4644577111.053467,False,False,SURVIVED,False
TEL,1277000000,0.044678657773798966,28581879215.469063,True,True,STILL_IN_INDEX,False
TER,-43421000,-0.006194150468645107,7010000841.89072,False,True,STILL_IN_INDEX,False
TFC,1729000000,0.0618211388613498,27967779821.684265,True,True,STILL_IN_INDEX,False
TGNA,273744000,0.11757151895279179,2328318987.7806697,True,False,SURVIVED,False
TGT,2214000000,0.0645125173284884,34318921221.545776,True,True,STILL_IN_INDEX,False
THC,-320000000,-0.08332963240239122,3840170546.471981,False,False,SURVIVED,False
TIF,181369000,0.010612190066584733,17090628688.52,False,False,ACQUIRED,False
TJX,2137396000,0.07831557915440233,27292092110.89453,True,True,STILL_IN_INDEX,False
TMO,850300000,0.009207929282614389,92344323452.33826,False,True,STILL_IN_INDEX,False
TPR,402400000,0.03658681332112322,10998498187.533493,False,True,STILL_IN_INDEX,False
TRIP,-19000000,-368.4377470683199,51569.091796875,False,False,SURVIVED,False
TROW,1047700000,0.051204123922027264,20461242567.013138,True,True,STILL_IN_INDEX,False
TRV,2056000000,0.0692958201890752,29669899200.127197,True,True,STILL_IN_INDEX,False
TSN,778000000,0.6318583017277415,1231288720.703125,True,True,STILL_IN_INDEX,True
TSS,244750000,0.024804535658280603,9867147015.844019,False,False,ACQUIRED,False
TT,618800000,0.036631956429158924,16892354662.975006,False,True,STILL_IN_INDEX,False
TXN,2162000000,0.02507192943162292,86231895550.6111,False,True,STILL_IN_INDEX,False
TXT,307000000,0.017745526443954378,17300134823.81584,False,True,STILL_IN_INDEX,False
TYC,-868000000,,,False,False,SPINOFF_OR_MERGED,False
UAA,-48260000,-0.005500330072148088,8774018898.31543,False,False,SURVIVED,True
UNH,5619000000,0.02641777087786316,212697733884.44577,False,True,STILL_IN_INDEX,False
UNM,413400000,0.06232828323658152,6632622920.65456,True,False,SURVIVED,False
UNP,4233000000,0.04625704362478249,91510387787.34543,True,True,STILL_IN_INDEX,False
UPS,3032000000,0.05505687993025183,55070320073.368744,True,True,STILL_IN_INDEX,False
URBN,108263000,0.022406273951897347,4831816313.253296,False,False,SURVIVED,False
USB,5836000000,0.09249291327453006,63096725937.02451,True,True,STILL_IN_INDEX,False
V,4980000000,0.08209513379244462,60661329971.038055,True,True,STILL_IN_INDEX,False
VAR,249600000,0.024654709379655172,10123826493.204073,False,False,ACQUIRED,False
VFC,614923000,0.02282925191426793,26935749025.384514,False,False,SURVIVED,False
VLO,2289000000,0.061434918033915716,37258941221.93402,True,True,STILL_IN_INDEX,False
VMC,24382000,0.0015327547537418958,15907306723.712006,False,True,STILL_IN_INDEX,False
VNO,227416000,0.023181372467551236,9810290582.161682,False,False,SURVIVED,False
VRSN,355260000,0.025599474201312106,13877628782.773636,False,True,STILL_IN_INDEX,False
VTR,419222000,0.028738344800574866,14587548549.12918,False,True,STILL_IN_INDEX,False
VZ,9625000000,0.07301118163090832,131829122402.88113,True,True,STILL_IN_INDEX,False
WDC,242000000,0.01495714203408469,16179561539.799828,False,True,STILL_IN_INDEX,False
WEC,526200000,0.03244826899213052,16216581541.76471,False,True,STILL_IN_INDEX,False
WELL,138280000,0.007677756191575306,18010470318.363678,False,True,STILL_IN_INDEX,False
WFC,21878000000,0.09764210436049872,224063175853.16998,True,True,STILL_IN_INDEX,False
WHR,350000000,0.05346907984317772,6545839221.967789,True,False,SURVIVED,False
WIN,-2116600000,,,False,False,FAILED,False
WM,98000000,0.002888405454421119,33928754652.50107,False,True,STILL_IN_INDEX,False
WMB,-571000000,-0.0390742236975875,14613214184.860554,False,True,STILL_IN_INDEX,False
WMT,9862000000,0.12665888372723394,77862678951.42908,True,True,STILL_IN_INDEX,False
WPX,-1727000000,,,False,False,ACQUIRED,False
WU,-557100000,-0.10094867507132259,5518645981.300853,False,False,SURVIVED,False
WY,506000000,0.026705395108420817,18947482257.637398,False,True,STILL_IN_INDEX,False
WYNN,195290000,0.011754461026799053,16614117785.133438,False,True,STILL_IN_INDEX,False
X,-1672000000,,,False,False,SURVIVED,False
XEL,948234000,0.050650202752670404,18721228118.87474,True,True,STILL_IN_INDEX,False
XL,-560398000,,,False,False,ACQUIRED,False
XLNX,512381000,0.03042359067240084,16841568949.480152,False,False,ACQUIRED,False
XOM,7840000000,0.03205371615349196,244589424903.4181,False,True,STILL_IN_INDEX,False
XRAY,-1550000000,-0.1615340540449784,9595499903.49657,False,False,SURVIVED,False
XRX,-477000000,-0.11169626099669432,4270510004.037798,False,False,SEVERELY_IMPAIRED,False
XYL,228000000,0.01824208775105566,12498569413.295677,False,True,STILL_IN_INDEX,False
YHOO,-4359082000,,,False,False,ACQUIRED,False
YUM,1051000000,0.047490548925668674,22130719138.3491,True,True,STILL_IN_INDEX,False
ZBH,147000000,0.007138211020771852,20593395119.902878,False,True,STILL_IN_INDEX,False
ZION,263791000,0.033630326555260846,7843842954.261612,False,False,SURVIVED,False
