ticker,reason
AA,INSUFFICIENT_NI_HISTORY (4 yrs)
ADT,INSUFFICIENT_NI_HISTORY (0 yrs)
AET,NO_PRICE_OR_SHARES_BUT_POSITIVE_NI
ALTR,NO_PRICE_OR_SHARES_BUT_POSITIVE_NI
ANDV,NO_PRICE_OR_SHARES_BUT_POSITIVE_NI
APA,INSUFFICIENT_NI_HISTORY (0 yrs)
APC,INSUFFICIENT_NI_HISTORY (0 yrs)
ARG,NO_PRICE_OR_SHARES_BUT_POSITIVE_NI
AVY,INSUFFICIENT_NI_HISTORY (4 yrs)
BCR,NO_PRICE_OR_SHARES_BUT_POSITIVE_NI
BEAM,INSUFFICIENT_NI_HISTORY (0 yrs)
BF.B,NO_PRICE_OR_SHARES_BUT_POSITIVE_NI
BMC,NO_PRICE_OR_SHARES_BUT_POSITIVE_NI
BRCM,NO_PRICE_OR_SHARES_BUT_POSITIVE_NI
BRK.B,NO_PRICE_OR_SHARES_BUT_POSITIVE_NI
CA,NO_PRICE_OR_SHARES_BUT_POSITIVE_NI
CAM,NO_PRICE_OR_SHARES_BUT_POSITIVE_NI
CCE,INSUFFICIENT_NI_HISTORY (3 yrs)
CFN,NO_PRICE_OR_SHARES_BUT_POSITIVE_NI
COV,NO_PRICE_OR_SHARES_BUT_POSITIVE_NI
CTRA,INSUFFICIENT_NI_HISTORY (4 yrs)
CVC,NO_PRICE_OR_SHARES_BUT_POSITIVE_NI
CVH,NO_PRICE_OR_SHARES_BUT_POSITIVE_NI
DD,INSUFFICIENT_NI_HISTORY (3 yrs)
DELL,INSUFFICIENT_NI_HISTORY (4 yrs)
DFS,NO_PRICE_OR_SHARES_BUT_POSITIVE_NI
DG,INSUFFICIENT_NI_HISTORY (3 yrs)
DNB,INSUFFICIENT_NI_HISTORY (0 yrs)
DOW,INSUFFICIENT_NI_HISTORY (0 yrs)
DPS,NO_PRICE_OR_SHARES_BUT_POSITIVE_NI
DTV,NO_PRICE_OR_SHARES_BUT_POSITIVE_NI
EMC,NO_PRICE_OR_SHARES_BUT_POSITIVE_NI
ESRX,NO_PRICE_OR_SHARES_BUT_POSITIVE_NI
ETFC,NO_PRICE_OR_SHARES_BUT_POSITIVE_NI
EW,INSUFFICIENT_NI_HISTORY (3 yrs)
FDO,NO_PRICE_OR_SHARES_BUT_POSITIVE_NI
FII,NO_PRICE_OR_SHARES_BUT_POSITIVE_NI
FOXA,NO_PRICE_OR_SHARES_BUT_POSITIVE_NI
FTI,INSUFFICIENT_NI_HISTORY (3 yrs)
GAS,NO_PRICE_OR_SHARES_BUT_POSITIVE_NI
HAR,NO_PRICE_OR_SHARES_BUT_POSITIVE_NI
HNZ,NO_PRICE_OR_SHARES_BUT_POSITIVE_NI
HOT,NO_PRICE_OR_SHARES_BUT_POSITIVE_NI
HSP,INSUFFICIENT_NI_HISTORY (4 yrs)
IGT,NO_PRICE_OR_SHARES_BUT_POSITIVE_NI
JCP,NO_XBRL_DATA
KRFT,NO_PRICE_OR_SHARES_BUT_POSITIVE_NI
LIFE,INSUFFICIENT_NI_HISTORY (0 yrs)
LIN,INSUFFICIENT_NI_HISTORY (0 yrs)
LLL,INSUFFICIENT_NI_HISTORY (4 yrs)
LLTC,NO_PRICE_OR_SHARES_BUT_POSITIVE_NI
LM,INSUFFICIENT_NI_HISTORY (4 yrs)
LO,NO_PRICE_OR_SHARES_BUT_POSITIVE_NI
MJN,NO_PRICE_OR_SHARES_BUT_POSITIVE_NI
NE,INSUFFICIENT_NI_HISTORY (3 yrs)
PCL,NO_PRICE_OR_SHARES_BUT_POSITIVE_NI
PCP,NO_PRICE_OR_SHARES_BUT_POSITIVE_NI
PCS,NO_PRICE_OR_SHARES_BUT_POSITIVE_NI
PETM,NO_PRICE_OR_SHARES_BUT_POSITIVE_NI
PLL,NO_PRICE_OR_SHARES_BUT_POSITIVE_NI
POM,INSUFFICIENT_NI_HISTORY (0 yrs)
PSKY,INSUFFICIENT_NI_HISTORY (0 yrs)
RAI,NO_PRICE_OR_SHARES_BUT_POSITIVE_NI
SCG,INSUFFICIENT_NI_HISTORY (4 yrs)
SE,INSUFFICIENT_NI_HISTORY (0 yrs)
SEE,NO_PRICE_OR_SHARES_BUT_POSITIVE_NI
SIAL,NO_PRICE_OR_SHARES_BUT_POSITIVE_NI
SNDK,INSUFFICIENT_NI_HISTORY (0 yrs)
SNI,NO_PRICE_OR_SHARES_BUT_POSITIVE_NI
STJ,NO_PRICE_OR_SHARES_BUT_POSITIVE_NI
STZ,NO_PRICE_OR_SHARES_BUT_POSITIVE_NI
SW,INSUFFICIENT_NI_HISTORY (0 yrs)
SWY,NO_PRICE_OR_SHARES_BUT_POSITIVE_NI
SYY,INSUFFICIENT_NI_HISTORY (4 yrs)
TE,INSUFFICIENT_NI_HISTORY (0 yrs)
TEG,NO_PRICE_OR_SHARES_BUT_POSITIVE_NI
TWC,NO_PRICE_OR_SHARES_BUT_POSITIVE_NI
TWX,NO_PRICE_OR_SHARES_BUT_POSITIVE_NI
VIAB,NO_PRICE_OR_SHARES_BUT_POSITIVE_NI
VTRS,INSUFFICIENT_NI_HISTORY (0 yrs)
WAT,INSUFFICIENT_NI_HISTORY (3 yrs)
WBA,NO_PRICE_OR_SHARES_BUT_POSITIVE_NI
WFM,NO_PRICE_OR_SHARES_BUT_POSITIVE_NI
WYN,NO_PRICE_OR_SHARES_BUT_POSITIVE_NI
