"Id","Title","Year"
"3ecd1cad-1244-413c-9011-bb92a17fce2d","1965 Letter","1965"
"ec6287db-14ca-4d25-9848-f123d7928e19","1966 Letter","1966"
"c9928d3d-90e0-4204-a45a-cafdb4b1170a","1967 Letter","1967"
"71e40d98-65ee-477c-b0fa-28af9c286bb6","1968 Letter","1968"
"f79669b2-925f-4506-a49d-addb64f863e6","1969 Letter","1969"
"1c934d92-41a1-4a4f-bbbd-7c9b9d75b264","1970 Letter","1970"
"f338b623-f3af-4445-a51b-31975f917d8a","1971 Letter","1971"
"fbc5fef3-155e-4f93-b487-ccbc536031a5","1972 Letter","1972"
"32c748db-d2c6-4c5e-9449-f9b66a5e6004","1973 Letter","1973"
"b8404b1e-5d55-45c4-a7d5-11f1fb793083","1974 Letter","1974"
"ce090221-26a7-40fa-945a-92421018f7e9","1975 Letter","1975"
"3aa29c85-5a37-46c4-b3aa-d7d23687a129","1976 Letter","1976"
"8602bc18-022b-4c9e-b893-c502820cb52f","1977 Letter","1977"
"d8d6b7a1-560e-4d65-bb5a-622b1a573e30","1978 Letter","1978"
"d9a3cbde-09a5-4a3d-90cf-a056aa6e26c7","1979 Letter","1979"
"6297f7f6-890b-4fac-a528-4b81d8ec59e3","1980 Letter","1980"
"4c7ecb20-b83a-4a49-8c8b-7db61602e281","1981 Letter","1981"
"877d2097-b4a5-48b4-9709-bf2dae78ca63","1982 Letter","1982"
"ee06e40d-2033-4fcb-a470-1cccb54c2642","1983 Letter","1983"
"092c24a8-6a84-4ccf-9833-190a1206ec65","1984 Letter","1984"
"eec141c2-c78a-4aa9-86f2-2cdff521bc41","1985 Letter","1985"
"e0b89578-d46c-4274-b399-27f9d6b31c29","1986 Letter","1986"
"7a47cf3c-eec6-40ac-832a-84315efdf05f","1987 Letter","1987"
"32db152e-914d-4bab-8db6-c91d3a5be397","1988 Letter","1988"
"a8b5d2c9-2487-4706-b982-af938481c7f0","1989 Letter","1989"
"37b0319e-e390-4bf3-ad97-79c5e235c406","1990 Letter","1990"
"5d77039f-c773-4a45-aa4c-c04910875984","1991 Letter","1991"
"7e65819e-5181-46b1-bf2a-d67644b8fe59","1992 Letter","1992"
"ac2c790c-ccb1-480a-8afc-fd78e16272d8","1993 Letter","1993"
"b6782292-10cd-4b7e-8a6c-fae7015ff60d","1994 Letter","1994"
"d93203aa-1b5e-4acb-a43c-88f4284198b3","1995 Letter","1995"
"5642c2f0-a3c2-4f47-83cc-eff28d37265b","1996 Letter","1996"
"92286c68-8b07-446e-85be-d031f2173246","1997 Letter","1997"
"a0299f32-df16-49ab-9374-d573053fa173","1998 Letter","1998"
"c7c1eff7-c91f-4926-b37f-a9b94bd8a06f","1999 Letter","1999"
"15f94042-9fd3-4c96-a836-5e0955afbab9","2000 Letter","2000"
"03616bb3-f2c7-443e-a79a-9d7ec2de4f8d","2001 Letter","2001"
"b37be5cc-84c4-4d23-9255-0de0cb0122c5","2002 Letter","2002"
"7f66432c-ce20-414b-9b11-eeba57a72dea","2003 Letter","2003"
"5ce94441-e1a0-4254-b7c7-48888ca6550b","2004 Letter","2004"
"97dd1d3a-cc6f-4d25-a360-25c23f70ec37","2005 Letter","2005"
"d9fc2054-e004-44fa-a8dd-118533e84fd6","2006 Letter","2006"
"36bdada8-d418-401d-b177-a0eaef82ee39","2007 Letter","2007"
"6db3eb55-9a9e-4da6-9f1e-162298066069","2008 Letter","2008"
"bef72e3e-0cee-437e-a4d1-7690c0512a0d","2009 Letter","2009"
"c18b9585-511a-4f00-b177-20893d0f2c29","2010 Letter","2010"
"4f8563a5-360b-477a-bfc3-db6f8edddbfd","2011 Letter","2011"
"27e0c968-4e0d-4d26-9280-68be4671a14d","2012 Letter","2012"
"f9bdd618-bc96-4af3-890a-a22f7952a1ab","2013 Letter","2013"
"21bc3eca-0b41-4e36-87d6-47dd61757041","2014 Letter","2014"
"cc3df37a-7d49-42ab-8670-9ca5b11f92a8","2015 Letter","2015"
"524d4bec-44f4-4df1-be42-0a639e5aa757","2016 Letter","2016"
"40d3a331-b643-41f0-87bd-237389161949","2017 Letter","2017"
"5683e0bc-3764-4f10-b695-692d398bb4a2","2018 Letter","2018"
"7029b6e5-6bf2-4fa0-bdee-8ae01ea9c1e3","2019 Letter","2019"
"06390d95-a34a-499e-be0c-55194363f4ea","2020 Letter","2020"
"82b91483-3427-4e67-b48c-393dc66c8e58","2021 Letter","2021"
"3e023533-eb76-475c-891e-0c2995cf2d8a","2022 Letter","2022"
"2c52c013-853a-4735-9532-07ffc8040178","2023 Letter","2023"
"8bc7115f-ae21-4fc0-8be8-7aad09b9037c","2024 Letter","2024"
"70c73d4e-e6ea-45ed-8fae-31f0f26109bf","Corporate Genealogy","genealogy"
