Ticker,Mkt,Cap_M,NI_low,CCY,Yield,Hurdle,DistToLine_pct,err
ATLKY,SE,95190.0,18134.0,SEK,19.05,4.0,376.3,
LRLCY,FR,232880.0,4602.0,EUR,1.98,4.0,-50.6,
HESAY,FR,204610.0,2454.0,EUR,1.2,4.0,-70.0,
IDEXY,ES,193420.0,1831.0,EUR,0.95,4.0,-76.3,
LNSTY,UK,59690.0,592.0,GBP,0.99,5.45,-81.8,
RBGLY,UK,43590.0,-52.0,GBP,-0.12,5.45,-102.2,
KYCCF,JP,105820.0,,,,4.0,,
SMNNY,JP,9810.0,,,,4.0,,
HOCPY,JP,51580.0,,,,4.0,,
NVO,DK,170620.0,,USD-finviz,,4.0,,
ASML,NL,670990.0,,USD-finviz,,4.0,,
RACE,IT,67280.0,,USD-finviz,,4.0,,
RELX,UK,59410.0,,USD-finviz,,5.45,,
EXPGY,UK,32220.0,,,,5.45,,
CNSWF,CA,42650.0,,,,4.0,,
ASAZY,SE,38250.0,,,,4.0,,
TSM,TW,2046220.0,,USD-finviz,,4.0,,
DEO,UK,47390.0,,USD-finviz,,5.45,,
UL,UK,135540.0,,USD-finviz,,5.45,,
CMPGY,UK,53130.0,,,,5.45,,
BZLFY,UK,12040.0,,,,5.45,,
SGPYY,UK,10280.0,,,,5.45,,
RTMVY,UK,4470.0,,,,5.45,,
WTKWY,NL,16059.999999999998,,,,4.0,,
KNYJY,FI,29370.0,,,,4.0,,
SDVKY,SE,48520.0,,,,4.0,,
ESLOY,FR,89150.0,,,,4.0,,
HEINY,NL,47200.0,,,,4.0,,
FANUY,JP,38120.0,,,,4.0,,
TRUMY,JP,20590.0,,,,4.0,,
SSMXY,JP,5780.0,,,,4.0,,
SHECY,JP,84260.0,,,,4.0,,
RCRUY,JP,107870.0,,,,4.0,,
FRCOY,JP,148920.0,,,,4.0,,
ANCTF,CA,59140.0,,,,4.0,,
DLMAF,CA,36410.0,,,,4.0,,
CSLLY,AU,40890.0,,,,4.9,,
CHEOY,AU,5640.0,,,,4.9,,
MELI,LatAm,93230.0,,USD-finviz,,6.1,,
FMX,MX,26200.0,,USD-finviz,,9.5,,
