ticker,name,yield_lo,yield_hi,sovereign,sov_date,pts_lo,pts_hi,oe_lo,oe_hi,years,cap,price,price_date,shares,earn_ccy,quote_ccy,float_mn,cap_over_float,refused
MBUU,"MALIBU BOATS, INC.",10.64,16.51,5.63,10/02/2026,7.99,14.08,46.4,72.0,5,436.0,22.54,2026-10-05,19.3,USD,USD,518.2,0.84,
DBD,"DIEBOLD NIXDORF, Inc",7.95,9.1,5.63,10/02/2026,5.18,6.39,192.8,220.8,3,2425.3,65.195,2026-10-05,37.2,USD,USD,1062.5,2.28,
MOV,MOVADO GROUP INC,6.31,6.79,5.63,10/02/2026,3.48,3.98,47.9,51.5,5,758.2,33.53,2026-10-05,22.6,USD,USD,237.0,3.2,
RES,RPC INC,5.77,9.36,5.63,10/02/2026,2.91,6.65,75.5,122.5,5,1308.0,6.165,2026-10-05,212.2,USD,USD,421.4,3.1,
CTS,CTS CORP,3.72,4.5,5.63,10/02/2026,0.77,1.58,69.1,83.5,5,1857.2,62.31,2026-10-05,29.8,USD,USD,1241.8,1.5,
HNI,HNI CORP,3.65,4.65,5.63,10/02/2026,0.7,1.74,85.1,108.3,5,2330.1,47.65,2026-10-05,48.9,USD,USD,1653.6,1.41,
MWA,"Mueller Water Products, Inc.",2.4,2.65,5.63,10/02/2026,-0.61,-0.35,83.1,91.7,5,3461.8,21.98,2026-10-05,157.5,USD,USD,3951.5,0.88,
IOSP,INNOSPEC INC.,2.09,2.38,5.63,10/02/2026,-0.94,-0.63,51.2,58.4,5,2453.7,98.175,2026-10-05,25.0,USD,USD,1289.0,1.9,
SXI,STANDEX INTERNATIONAL CORP/DE/,1.49,1.71,5.63,10/02/2026,-1.57,-1.34,52.0,59.7,5,3499.2,289.91,2026-10-05,12.1,USD,USD,2681.2,1.31,
EXTR,EXTREME NETWORKS INC,1.45,1.72,5.63,10/02/2026,-1.6,-1.32,45.9,54.5,5,3159.6,23.41,2026-10-05,135.0,USD,USD,1500.0,2.11,
BOOT,"Boot Barn Holdings, Inc.",0.94,2.95,5.63,10/02/2026,-2.14,-0.03,35.3,110.6,5,3744.1,121.82,2026-10-05,30.7,USD,USD,3935.0,0.95,
OSIS,OSI SYSTEMS INC,0.55,1.13,5.63,10/02/2026,-2.55,-1.95,18.9,38.6,5,3420.2,197.93,2026-10-05,17.3,USD,USD,4020.4,0.85,
ENSG,"ENSIGN GROUP, INC",0.48,0.67,5.63,10/02/2026,-2.63,-2.43,48.8,68.2,5,10199.7,173.25,2026-10-05,58.9,USD,USD,5958.7,1.71,
AROC,"Archrock, Inc.",0.43,3.1,5.63,10/02/2026,-2.68,0.12,22.5,162.6,5,5237.3,29.97,2026-10-05,174.8,USD,USD,4265.8,1.23,
MTRN,MATERION Corp,0.21,0.68,5.63,10/02/2026,-2.91,-2.42,13.9,45.2,5,6679.2,319.397,2026-10-05,20.9,USD,USD,1673.9,3.99,
GENC,GENCOR INDUSTRIES INC,0.18,0.49,5.63,10/02/2026,-2.95,-2.62,0.5,1.3,5,258.6,17.64,2026-10-05,14.7,USD,USD,124.1,2.08,
GBX,GREENBRIER COMPANIES INC,-17.65,-2.24,,,,,-232.4,-29.5,5,1316.6,40.965,2026-10-05,32.1,USD,USD,1735.8,0.76,POINTS_NOT_COMPUTABLE — owner earnings -232.4 .. -29.5 (zero or negative)
KBAL,,,,,,,,,,,,,,,,,,,"NOT_AN_SEC_FILER — use the evidence ladder (IR site, exchange)"
NCS,,,,,,,,,,,,,,,,,,,"NOT_AN_SEC_FILER — use the evidence ladder (IR site, exchange)"
TBI,"TrueBlue, Inc.",-8.01,-5.56,,,,,-21.4,-14.9,5,267.4,8.96,2026-10-05,29.8,USD,USD,200.0,1.34,POINTS_NOT_COMPUTABLE — owner earnings -21.4 .. -14.9 (zero or negative)
CSWI,,,,,,,,,,,,,,,,,,,"NOT_AN_SEC_FILER — use the evidence ladder (IR site, exchange)"
JACK,JACK IN THE BOX INC,,,,,,,84.4,100.1,5,235.7,12.37,2026-10-05,19.1,USD,USD,1200.0,0.2,CAP_BELOW_FLOAT 0.20x — bad share count or cover-page typo
BJRI,BJs RESTAURANTS INC,-0.29,0.83,,,,,-4.0,11.5,5,1385.8,61.26,2026-10-05,22.6,USD,USD,1003.4,1.38,POINTS_NOT_COMPUTABLE — owner earnings -4.0 .. 11.5 (zero or negative)
RRGB,RED ROBIN GOURMET BURGERS INC,-32.61,-12.27,,,,,-47.5,-17.8,5,145.5,8.18,2026-10-05,17.8,USD,USD,83.1,1.75,POINTS_NOT_COMPUTABLE — owner earnings -47.5 .. -17.8 (zero or negative)
PLCE,"Childrens Place, Inc.",-86.57,-44.07,,,,,-38.3,-19.5,5,44.3,2.01,2026-10-05,22.0,USD,USD,38.0,1.16,POINTS_NOT_COMPUTABLE — owner earnings -38.3 .. -19.5 (zero or negative)
HIBB,,,,,,,,,,,,,,,,,,,"NOT_AN_SEC_FILER — use the evidence ladder (IR site, exchange)"
SCVL,,,,,,,,,,,,,,,,,,,"NOT_AN_SEC_FILER — use the evidence ladder (IR site, exchange)"
CLDT,Chatham Lodging Trust,,,,,,,,,,,,,,,,,,NO_OVERLAPPING_OCF_DA_CAPEX_FACTS
AIRC,,,,,,,,,,,,,,,,,,,"NOT_AN_SEC_FILER — use the evidence ladder (IR site, exchange)"
UMH,"UMH PROPERTIES, INC.",,,,,,,,,,,,,,,,,,NO_OVERLAPPING_OCF_DA_CAPEX_FACTS
GOOD,GLADSTONE COMMERCIAL CORP,,,,,,,,,,,,,,,,,,NO_OVERLAPPING_OCF_DA_CAPEX_FACTS
GAIN,GLADSTONE INVESTMENT CORPORATIONDE,,,,,,,,,,,,,,,,,,NO_OVERLAPPING_OCF_DA_CAPEX_FACTS
LAND,GLADSTONE LAND Corp,,,,,,,,,,,,,,,,,,NO_OVERLAPPING_OCF_DA_CAPEX_FACTS
FPI,Farmland Partners Inc.,,,,,,,,,,,,,,,,,,NO_OVERLAPPING_OCF_DA_CAPEX_FACTS
GMRE,,,,,,,,,,,,,,,,,,,"NOT_AN_SEC_FILER — use the evidence ladder (IR site, exchange)"
PLYM,,,,,,,,,,,,,,,,,,,"NOT_AN_SEC_FILER — use the evidence ladder (IR site, exchange)"
NTST,NETSTREIT Corp.,,,,,,,,,,,,,,,,,,NO_OVERLAPPING_OCF_DA_CAPEX_FACTS
PINE,"Alpine Income Property Trust, Inc.",-58.54,-0.41,,,,,-159.3,-1.1,5,272.2,17.5,2026-10-05,15.6,USD,USD,190.3,1.43,POINTS_NOT_COMPUTABLE — owner earnings -159.3 .. -1.1 (zero or negative)
SBRA,"Sabra Health Care REIT, Inc.",,,,,,,,,,,,,,,,,,NO_OVERLAPPING_OCF_DA_CAPEX_FACTS
SCL,STEPAN CO,-4.55,2.06,,,,,-66.0,29.9,5,1452.6,63.46,2026-10-05,22.9,USD,USD,1161.8,1.25,POINTS_NOT_COMPUTABLE — owner earnings -66.0 .. 29.9 (zero or negative)
TG,TREDEGAR CORP,-0.55,1.95,,,,,-1.3,4.8,5,245.9,7.08,2026-10-05,34.7,USD,USD,242.7,1.01,POINTS_NOT_COMPUTABLE — owner earnings -1.3 .. 4.8 (zero or negative)
KALU,KAISER ALUMINUM CORP,-2.03,-0.63,,,,,-52.9,-16.4,5,2608.8,156.95,2026-10-05,16.6,USD,USD,1300.0,2.01,POINTS_NOT_COMPUTABLE — owner earnings -52.9 .. -16.4 (zero or negative)
UFS,,,,,,,,,,,,,,,,,,,"NOT_AN_SEC_FILER — use the evidence ladder (IR site, exchange)"
RYI,,,,,,,,,,,,,,,,,,,"NOT_AN_SEC_FILER — use the evidence ladder (IR site, exchange)"
USAP,,,,,,,,,,,,,,,,,,,"NOT_AN_SEC_FILER — use the evidence ladder (IR site, exchange)"
CLW,Clearwater Paper Corp,-2.81,8.28,,,,,-9.2,27.1,5,327.9,20.28,2026-10-05,16.2,USD,USD,427.7,0.77,POINTS_NOT_COMPUTABLE — owner earnings -9.2 .. 27.1 (zero or negative)
CSGS,,,,,,,,,,,,,,,,,,,"NOT_AN_SEC_FILER — use the evidence ladder (IR site, exchange)"
SITM,SITIME Corp,-0.35,-0.27,,,,,-62.1,-48.5,5,17750.3,710.95,2026-10-05,25.0,USD,USD,4729.0,3.75,POINTS_NOT_COMPUTABLE — owner earnings -62.1 .. -48.5 (zero or negative)
TTMI,TTM TECHNOLOGIES INC,,,,,,,29.0,78.3,5,14306.8,135.67,2026-10-05,105.5,USD,USD,4165937.6,0.0,CAP_BELOW_FLOAT 0.00x — bad share count or cover-page typo
KE,"Kimball Electronics, Inc.",-2.93,0.71,,,,,-20.8,5.0,5,707.1,28.55,2026-10-05,24.8,USD,USD,667.3,1.06,POINTS_NOT_COMPUTABLE — owner earnings -20.8 .. 5.0 (zero or negative)
RELL,"RICHARDSON ELECTRONICS, LTD.",-1.49,-0.99,,,,,-3.6,-2.4,5,241.4,19.025,2026-10-05,12.7,USD,USD,126.2,1.91,POINTS_NOT_COMPUTABLE — owner earnings -3.6 .. -2.4 (zero or negative)
AOSL,ALPHA & OMEGA SEMICONDUCTOR Ltd,-6.62,-1.86,,,,,-58.0,-16.3,5,876.7,29.27,2026-10-05,30.0,USD,USD,487.0,1.8,POINTS_NOT_COMPUTABLE — owner earnings -58.0 .. -16.3 (zero or negative)
DDI,"DoubleDown Interactive Co., Ltd.",,,,,,,51.4,68.6,5,32.8,13.25,2026-10-05,2.5,USD,USD,,,IMPLAUSIBLE_YIELD 209.1% — units or share-count fault
USAC,"USA Compression Partners, LP",,,,,,,,,,,,,,USD,USD,,,NO_SHARE_COUNT_IN_XBRL
NGL,NGL Energy Partners LP,,,,,,,,,,,,,,USD,USD,,,NO_SHARE_COUNT_IN_XBRL
DRQ,,,,,,,,,,,,,,,,,,,"NOT_AN_SEC_FILER — use the evidence ladder (IR site, exchange)"
HLX,,,,,,,,,,,,,,,,,,,"NOT_AN_SEC_FILER — use the evidence ladder (IR site, exchange)"
NINE,"Nine Energy Service, Inc.",-11.42,-5.37,,,,,-36.9,-17.4,5,323.3,7.9,2026-10-05,40.9,USD,USD,28.4,11.37,POINTS_NOT_COMPUTABLE — owner earnings -36.9 .. -17.4 (zero or negative)
PUMP,ProPetro Holding Corp.,-0.25,8.5,,,,,-2.6,87.1,5,1024.5,9.72,2026-10-05,105.4,USD,USD,513.6,1.99,POINTS_NOT_COMPUTABLE — owner earnings -2.6 .. 87.1 (zero or negative)
KLX,,,,,,,,,,,,,,,,,,,"NOT_AN_SEC_FILER — use the evidence ladder (IR site, exchange)"
VAL,Valaris Ltd,-4.41,1.24,,,,,-263.4,74.2,5,5970.0,84.203,2026-10-05,70.9,USD,USD,2500.0,2.39,POINTS_NOT_COMPUTABLE — owner earnings -263.4 .. 74.2 (zero or negative)
RIG,Transocean Ltd.,-5.3,1.78,,,,,-283.0,95.0,5,5337.6,5.56,2026-10-05,960.0,USD,USD,2340.0,2.28,POINTS_NOT_COMPUTABLE — owner earnings -283.0 .. 95.0 (zero or negative)
BOOM,DMC Global Inc.,-1.84,13.87,,,,,-2.2,16.3,5,117.7,5.91,2026-10-05,19.9,USD,USD,155.8,0.76,POINTS_NOT_COMPUTABLE — owner earnings -2.2 .. 16.3 (zero or negative)
BRID,BRIDGFORD FOODS CORP,-19.26,-14.24,,,,,-9.8,-7.2,5,50.7,5.59,2026-10-01,9.1,USD,USD,13.8,3.69,POINTS_NOT_COMPUTABLE — owner earnings -9.8 .. -7.2 (zero or negative)
SENEA,Seneca Foods Corp,-0.5,1.11,,,,,-6.2,13.7,5,1241.9,177.95,2026-10-05,7.0,USD,USD,324.0,3.83,POINTS_NOT_COMPUTABLE — owner earnings -6.2 .. 13.7 (zero or negative)
MGEE,MGE ENERGY INC,,,,,,,,,,,,,,,,,,NO_OVERLAPPING_OCF_DA_CAPEX_FACTS
AVA,AVISTA CORP,-4.85,3.42,,,,,-138.5,97.7,5,2856.2,35.24,2026-10-05,81.1,USD,USD,3078.1,0.93,POINTS_NOT_COMPUTABLE — owner earnings -138.5 .. 97.7 (zero or negative)
NWN,Northwest Natural Holding Co,-7.91,4.12,,,,,-152.8,79.6,5,1931.5,47.165,2026-10-05,41.0,USD,USD,1610.5,1.2,POINTS_NOT_COMPUTABLE — owner earnings -152.8 .. 79.6 (zero or negative)
UTL,UNITIL CORP,,,,,,,,,,,,,,,,,,NO_OVERLAPPING_OCF_DA_CAPEX_FACTS
RWE,,,,,,,,,,,,,,,,,,,"NOT_AN_SEC_FILER — use the evidence ladder (IR site, exchange)"
