Symbol,Name,Sector,SubIndustry,Universe,MktCap_M,NI_latest_M,NI_lowest5yr_M,YieldOnLowest,Passes_610,cap_src,ni_err,cap_err
MAN,ManpowerGroup,Industrials,Human Resource & Employment Services,SMALL,1814.7,556.7,419.2,23.1,YES,barchart,,
WU,Western Union,Financials,Transaction & Payment Processing Services,SMALL,2512.0,499.6,499.6,19.89,YES,barchart,,
VSNT,"Versant Media Group, Inc.",Communication Services,Cable & Satellite,SMALL,5084.6,930.0,930.0,18.29,YES,barchart,,
EFOR,Everforth Inc.,Information Technology,IT Consulting & Other Services,SMALL,709.4,113.5,113.5,16.0,YES,zacks,,
BBWI,"Bath & Body Works, Inc.",Consumer Discretionary,Other Specialty Retail,MID,4260.0,649.0,649.0,15.23,YES,finviz,,
ASO,Academy Sports + Outdoors,Consumer Discretionary,Specialty Stores,SMALL,2930.2,376.8,376.8,12.86,YES,zacks,,
KBH,KB Home,Consumer Discretionary,Homebuilding,MID,3540.1,428.8,428.8,12.11,YES,finviz,,
RITM,Rithm Capital,Financials,Mortgage REITs,SMALL,5153.5,697.1,622.3,12.08,YES,barchart,,
HOG,Harley-Davidson,Consumer Discretionary,Motorcycle Manufacturers,MID,2819.7,338.7,338.7,12.01,YES,finviz,,
RDN,"Radian Group, Inc.",Financials,Property & Casualty Insurance,SMALL,5015.5,582.6,582.6,11.62,YES,barchart,,
ESNT,Essent Group Ltd.,Financials,Commercial & Residential Mortgage Finance,MID,6110.2,690.0,681.8,11.16,YES,finviz,,
SBH,"Sally Beauty Holdings, Inc.",Consumer Discretionary,Specialty Stores,SMALL,1411.9,195.9,153.4,10.86,YES,barchart,,
ABG,Asbury Automotive Group,Consumer Discretionary,Automotive Retail,SMALL,4070.0,492.0,430.3,10.57,YES,zacks,,
HRB,H&R Block,Consumer Discretionary,Specialized Consumer Services,MID,5300.2,605.8,553.7,10.45,YES,finviz,,
MHO,"M/I Homes, Inc.",Consumer Discretionary,Homebuilding,SMALL,3829.1,402.9,396.9,10.37,YES,barchart,,
LAD,Lithia Motors,Consumer Discretionary,Automotive Retail,MID,7730.0,819.6,796.7,10.31,YES,finviz,,
MTG,MGIC Investment Corporation,Financials,Reinsurance,MID,6180.2,738.3,635.0,10.27,YES,finviz,,
TMHC,Taylor Morrison,Consumer Discretionary,Homebuilding,MID,6709.7,782.5,663.0,9.88,YES,zacks,,
SLM,SLM Corp,Financials,Consumer Finance,MID,4829.9,744.8,469.0,9.71,YES,finviz,,
LKQ,LKQ Corporation,Consumer Discretionary,Distributors,SMALL,6349.4,608.0,608.0,9.58,YES,barchart,,
AN,AutoNation,Consumer Discretionary,Automotive Retail,MID,6990.0,649.1,649.1,9.29,YES,finviz,,
MTH,Meritage Homes Corporation,Consumer Discretionary,Homebuilding,SMALL,5013.8,453.0,453.0,9.03,YES,barchart,,
MTDR,Matador Resources,Energy,Oil & Gas Exploration & Production,MID,6590.4,759.2,585.0,8.88,YES,finviz,,
BKE,"The Buckle, Inc.",Consumer Discretionary,Apparel Retail,SMALL,2230.4,209.7,195.5,8.77,YES,zacks,,
CPB,The Campbell's Company,Consumer Staples,Packaged Foods & Meats,SMALL,6530.0,602.0,567.0,8.68,YES,zacks,,
GPI,"Group 1 Automotive, Inc.",Consumer Discretionary,Automotive Retail,SMALL,3800.0,325.2,325.2,8.56,YES,zacks,,
EPAM,EPAM Systems,Information Technology,IT Consulting & Other Services,SMALL,4490.3,377.7,377.7,8.41,YES,zacks,,
DFH,"Dream Finders Homes, Inc.",Consumer Discretionary,Homebuilding,SMALL,1479.6,217.2,121.1,8.18,YES,zacks,,
SLVM,Sylvamo Corp.,Materials,Paper Products,SMALL,1493.3,132.0,118.0,7.9,YES,barchart,,
CRC,California Resources Corporation,Energy,Oil & Gas Exploration & Production,SMALL,4640.0,363.0,363.0,7.82,YES,zacks,,
CCS,"Century Communities, Inc.",Consumer Discretionary,Homebuilding,SMALL,1910.0,147.6,147.6,7.73,YES,zacks,,
AMSF,"Amerisafe, Inc.",Financials,Property & Casualty Insurance,SMALL,612.3,47.1,47.1,7.69,YES,zacks,,
PRKS,United Parks & Resorts,Consumer Discretionary,Leisure Facilities,SMALL,2234.9,168.4,168.4,7.54,YES,barchart,,
NMIH,"NMI Holdings, Inc.",Financials,Commercial & Residential Mortgage Finance,SMALL,3121.3,388.9,231.1,7.4,YES,barchart,,
AMPH,"Amphstar Pharmaceuticals, Inc.",Health Care,Pharmaceuticals,SMALL,855.2,98.1,62.1,7.26,YES,zacks,,
AFG,American Financial Group,Financials,Multi-line Insurance,MID,11630.0,842.0,842.0,7.24,YES,finviz,,
OVV,Ovintiv,Energy,Oil & Gas Exploration & Production,MID,15860.0,1242.0,1125.0,7.09,YES,finviz,,
BYD,Boyd Gaming,Consumer Discretionary,Casinos & Gaming,MID,6669.3,1843.3,463.8,6.95,YES,finviz,,
PAG,Penske Automotive Group,Consumer Discretionary,Automotive Retail,MID,13460.0,935.4,935.4,6.95,YES,finviz,,
G,Genpact,Industrials,Data Processing & Outsourced Services,MID,5289.9,552.5,353.4,6.68,YES,finviz,,
THO,Thor Industries,Consumer Discretionary,Leisure Products,MID,3900.6,258.6,258.6,6.63,YES,zacks,,
MGY,"Magnolia Oil & Gas, Corp.",Energy,Oil & Gas Exploration & Production,SMALL,4944.4,325.3,325.3,6.58,YES,barchart,,
CRI,"Carter's, Inc.",Consumer Discretionary,"Apparel, Accessories & Luxury Goods",SMALL,1410.1,91.8,91.8,6.51,YES,zacks,,
LZB,"La-Z-Boy, Inc.",Consumer Discretionary,Home Furnishings,SMALL,1593.8,102.0,99.6,6.25,YES,barchart,,
IIPR,"Innovative Industrial Properties, Inc.",Real Estate,Industrial REITs,SMALL,1830.2,118.2,114.0,6.23,YES,zacks,,
FBIN,Fortune Brands Innovations,Industrials,Building Products,MID,6280.0,686.7,389.6,6.2,YES,finviz,,
GPK,Graphic Packaging,Materials,Paper & Plastic Packaging Products & Materials,MID,3290.0,444.0,204.0,6.2,YES,finviz,,
UFPI,UFP Industries,Industrials,Building Products,MID,4800.1,294.8,294.8,6.14,YES,zacks,,
EMN,Eastman Chemical Company,Materials,Specialty Chemicals,SMALL,7760.0,474.0,474.0,6.11,YES,zacks,,
JBSS,"John B. Sanfilippo & Son, Inc.",Consumer Staples,Packaged Foods & Meats,SMALL,972.7,58.9,58.9,6.06,no,barchart,,
GNTX,Gentex,Consumer Discretionary,Automotive Parts & Equipment,MID,5300.7,384.8,318.8,6.01,no,finviz,,
MKTX,MarketAxess,Financials,Financial Exchanges & Data,SMALL,4108.9,246.6,246.6,6.0,no,barchart,,
GRBK,"Green Brick Partners, Inc.",Consumer Discretionary,Homebuilding,SMALL,3169.8,313.2,190.2,6.0,no,zacks,,
ORI,Old Republic International,Financials,Property & Casualty Insurance,MID,10100.0,935.4,598.6,5.93,no,finviz,,
ACT,"Enact Holdings, Inc.",Financials,Commercial & Residential Mortgage Finance,SMALL,6269.6,674.2,370.4,5.91,no,zacks,,
TOL,Toll Brothers,Consumer Discretionary,Homebuilding,MID,14319.5,1346.5,833.6,5.82,no,zacks,,
VOYA,Voya Financial,Financials,Multi-Sector Holdings,MID,8930.0,654.0,510.0,5.71,no,zacks,,
EXP,Eagle Materials,Materials,Construction Materials,MID,6609.2,423.8,374.2,5.66,no,finviz,,
KOP,"Koppers Holdings, Inc.",Materials,Commodity Chemicals,SMALL,932.2,56.0,52.4,5.62,no,barchart,,
BFH,"Bread Financial Holdings, Inc.",Financials,Consumer Finance,SMALL,4010.0,518.0,223.0,5.56,no,zacks,,
SLGN,Silgan Holdings,Materials,"Metal, Glass & Plastic Containers",MID,5010.4,288.4,276.4,5.52,no,finviz,,
POOL,Pool Corporation,Consumer Discretionary,Distributors,SMALL,7374.9,406.4,406.4,5.51,no,barchart,,
STWD,Starwood Property Trust,Financials,Mortgage REITs,MID,6179.8,411.5,339.2,5.49,no,zacks,,
PRG,"PROG Holdings, Inc.",Financials,Consumer Finance,SMALL,1863.3,146.8,98.7,5.3,no,barchart,,
OGN,Organon & Co.,Health Care,Pharmaceuticals,SMALL,3542.6,187.0,187.0,5.28,no,barchart,,
LGIH,LGI Homes,Consumer Discretionary,Homebuilding,SMALL,1379.5,72.6,72.6,5.26,no,barchart,,
MMS,Maximus Inc.,Industrials,Data Processing & Outsourced Services,MID,3100.2,319.0,161.8,5.22,no,finviz,,
UNM,Unum,Financials,Life & Health Insurance,MID,14220.0,738.5,738.5,5.19,no,zacks,,
CHH,Choice Hotels,Consumer Discretionary,"Hotels, Resorts & Cruise Lines",MID,5059.9,369.9,258.5,5.11,no,finviz,,
RLI,RLI Corp.,Financials,Property & Casualty Insurance,MID,5480.9,403.3,279.4,5.1,no,finviz,,
MAT,Mattel,Consumer Discretionary,Leisure Products,MID,4261.0,397.6,214.4,5.03,no,finviz,,
OLED,Universal Display,Information Technology,Semiconductors,MID,3729.7,242.1,184.2,4.94,no,finviz,,
WS,Worthington Steel,Materials,Steel,SMALL,1767.5,110.7,87.1,4.93,no,barchart,,
FIZZ,National Beverage Corp.,Consumer Staples,Soft Drinks & Non-alcoholic Beverages,SMALL,2890.7,183.6,142.2,4.92,no,zacks,,
TNL,Travel + Leisure Co.,Consumer Discretionary,"Hotels, Resorts & Cruise Lines",MID,4680.0,230.0,230.0,4.91,no,zacks,,
DBX,Dropbox,Information Technology,Application Software,MID,6850.0,508.4,335.8,4.9,no,finviz,,
LOPE,Grand Canyon Education,Consumer Discretionary,Education Services,MID,3800.5,216.2,184.7,4.86,no,finviz,,
PATK,"Patrick Industries, Inc.",Consumer Discretionary,Automotive Parts & Equipment,SMALL,2783.7,135.1,135.1,4.85,no,barchart,,
CXT,Crane NXT,Information Technology,Electronic Equipment & Instruments,MID,2990.0,145.1,145.1,4.85,no,finviz,,
VRRM,Verra Mobility Corporation,Industrials,Data Processing & Outsourced Services,SMALL,650.7,136.6,31.4,4.83,no,barchart,,
FLO,Flowers Foods,Consumer Staples,Packaged Foods & Meats,SMALL,1749.5,83.8,83.8,4.79,no,zacks,,
FCN,FTI Consulting,Industrials,Research & Consulting Services,MID,4960.7,270.9,235.0,4.74,no,finviz,,
PRDO,Perdoceo Education Corp.,Consumer Discretionary,Education Services,SMALL,2028.8,159.9,95.9,4.73,no,barchart,,
SCI,Service Corp Intl,Consumer Discretionary,Specialized Consumer Services,MID,11009.0,542.6,518.6,4.71,no,finviz,,
MATX,"Matson, Inc.",Industrials,Marine Transportation,SMALL,6321.9,444.8,297.1,4.7,no,barchart,,
REYN,Reynolds Consumer Products,Consumer Staples,Household Products,SMALL,5522.1,301.0,258.0,4.67,no,barchart,,
OTTR,Otter Tail Corporation,Utilities,Electric Utilities,SMALL,3786.8,275.9,176.8,4.67,no,barchart,,
ALLY,Ally Financial,Financials,Consumer Finance,MID,14350.0,852.0,668.0,4.66,no,finviz,,
PLUS,"ePlus, Inc.",Information Technology,Technology Distributors,SMALL,2262.1,132.6,104.6,4.62,no,barchart,,
ALSN,Allison Transmission,Industrials,Construction Machinery & Heavy Transportation Equipment,MID,9580.0,623.0,442.0,4.61,no,finviz,,
SR,Spire,Utilities,Gas Utilities,MID,4740.0,271.7,217.5,4.59,no,zacks,,
CNO,CNO Financial Group,Financials,Life & Health Insurance,MID,5000.0,229.3,229.3,4.59,no,finviz,,
CENTA,Central Garden & Pet Company (Class A),Consumer Staples,Household Products,SMALL,2360.4,162.8,108.0,4.58,no,zacks,,
LEA,Lear,Consumer Discretionary,Automotive Parts & Equipment,MID,7200.0,436.8,327.7,4.55,no,finviz,,
NSIT,"Insight Enterprises, Inc.",Industrials,Technology Distributors,SMALL,3461.9,157.3,157.3,4.54,no,barchart,,
ALV,Autoliv,Consumer Discretionary,Automotive Parts & Equipment,MID,9360.0,735.0,423.0,4.52,no,finviz,,
CBT,Cabot Corp,Materials,Diversified Chemicals,MID,4720.0,331.0,209.0,4.43,no,finviz,,
KFY,Korn/Ferry International,Industrials,Human Resource & Employment Services,SMALL,3821.4,277.4,169.2,4.43,no,barchart,,
MDU,"MDU Resources Group, Inc.",Utilities,Multi-Utilities,SMALL,4317.4,190.4,190.4,4.41,no,barchart,,
BCC,Boise Cascade,Industrials,Building Products,SMALL,2669.2,132.8,116.9,4.38,no,zacks,,
BFS,"Saul Centers, Inc.",Real Estate,Retail REITs,SMALL,871.5,37.5,37.5,4.3,no,zacks,,
SAIC,Science Applications Intl Corp,Industrials,Diversified Support Services,MID,4860.0,362.0,209.0,4.3,no,finviz,,
AVA,Avista Corporation,Utilities,Multi-Utilities,SMALL,3429.2,193.0,147.3,4.3,no,zacks,,
PRGS,Progress Software Corporation,Information Technology,Systems Software,SMALL,1595.7,73.1,68.4,4.29,no,barchart,,
EVTC,"EVERTEC, Inc.",Financials,Transaction & Payment Processing Services,SMALL,1859.5,141.6,79.7,4.29,no,zacks,,
AEO,American Eagle Outfitters,Consumer Discretionary,Apparel Retail,SMALL,2919.2,192.0,125.1,4.29,no,zacks,,
CON,"Concentra Group Holdings Parent, Inc.",Health Care,Health Care Services,SMALL,3909.6,166.4,166.4,4.26,no,zacks,,
FUL,H.B. Fuller Company,Materials,Specialty Chemicals,SMALL,3071.0,152.0,130.3,4.24,no,zacks,,
KTB,Kontoor Brands,Consumer Discretionary,"Apparel, Accessories & Luxury Goods",SMALL,4652.8,227.5,195.4,4.2,no,barchart,,
VVV,Valvoline,Consumer Discretionary,Automotive Retail,MID,5020.0,210.7,210.7,4.2,no,zacks,,
POST,Post Holdings,Consumer Staples,Packaged Foods & Meats,MID,3980.0,335.7,166.7,4.19,no,finviz,,
GLPI,Gaming and Leisure Properties,Real Estate,Other Specialized REITs,MID,12788.9,825.1,534.0,4.18,no,finviz,,
CHDN,Churchill Downs Inc.,Consumer Discretionary,Casinos & Gaming,MID,6010.0,383.0,249.1,4.14,no,finviz,,
OGS,One Gas,Utilities,Gas Utilities,MID,5009.2,264.2,206.4,4.12,no,finviz,,
BKH,Black Hills Corporation,Utilities,Multi-Utilities,MID,5770.0,291.6,236.7,4.1,no,finviz,,
OGE,OGE Energy,Utilities,Multi-Utilities,MID,10180.0,470.7,416.8,4.09,no,finviz,,
RUSHA,Rush Enterprises,Industrials,Construction Machinery & Heavy Transportation Equipment,SMALL,5919.7,263.8,241.4,4.08,no,barchart,,
TREX,Trex,Industrials,Building Products,MID,4529.4,190.4,184.6,4.08,no,zacks,,
ALG,Alamo Group,Industrials,Construction Machinery & Heavy Transportation Equipment,SMALL,1978.9,103.8,80.2,4.05,no,zacks,,
ATMU,Atmus Filtration Technologies Inc.,Industrials,Industrial Machinery & Supplies & Components,SMALL,4210.0,207.4,170.1,4.04,no,zacks,,
OPCH,Option Care Health,Health Care,Health Care Facilities,MID,3470.0,207.6,139.9,4.03,no,finviz,,
NWE,NorthWestern Energy,Utilities,Multi-Utilities,MID,4510.2,181.1,181.1,4.02,no,finviz,,
CENT,Central Garden & Pet Company,Consumer Staples,Household Products,SMALL,2690.4,162.8,108.0,4.01,no,zacks,,
WTRG,Essential Utilities,Utilities,Water Utilities,MID,10759.7,616.4,431.6,4.01,no,zacks,,
LPG,Dorian LPG Ltd.,Energy,Oil & Gas Storage & Transportation,SMALL,1797.3,193.7,71.9,4.0,no,barchart,,
PRI,Primerica,Financials,Life & Health Insurance,MID,9750.9,470.5,386.2,3.96,no,finviz,,
DLB,Dolby,Information Technology,Application Software,MID,4730.3,255.0,184.1,3.89,no,finviz,,
SMPL,Simply Good Foods Company,Consumer Staples,Packaged Foods & Meats,SMALL,1051.4,103.6,40.9,3.89,no,barchart,,
MOH,Molina Healthcare,Health Care,Managed Health Care,SMALL,12158.1,472.0,472.0,3.88,no,barchart,,
CNH,CNH Industrial,Industrials,Agricultural & Farm Machinery,MID,13140.0,510.0,510.0,3.88,no,finviz,,
R,Ryder,Industrials,Cargo Ground Transportation,MID,10560.0,499.0,406.0,3.84,no,finviz,,
CACC,Credit Acceptance,Financials,Specialized Finance,SMALL,6450.0,423.9,247.9,3.84,no,zacks,,
UTL,Unitil Corporation,Utilities,Electric Utilities,SMALL,957.5,50.2,36.1,3.77,no,barchart,,
ARW,Arrow Electronics,Information Technology,Technology Distributors,MID,10440.7,571.3,392.1,3.76,no,finviz,,
CHE,Chemed Corp.,Health Care,Health Care Services,MID,6659.4,265.2,249.6,3.75,no,finviz,,
ANDE,"The Andersons, Inc.",Consumer Staples,Food Distributors,SMALL,2559.7,95.7,95.7,3.74,no,zacks,,
NWN,NW Natural,Utilities,Gas Utilities,SMALL,2119.6,113.3,78.7,3.71,no,barchart,,
FNF,Fidelity National Financial,Financials,Property & Casualty Insurance,MID,13990.0,602.0,517.0,3.7,no,finviz,,
ESAB,ESAB,Industrials,Industrial Machinery & Supplies & Components,MID,5590.4,226.8,205.3,3.67,no,finviz,,
CNXN,"PC Connection, Inc.",Information Technology,Technology Distributors,SMALL,1919.8,83.7,69.9,3.64,no,zacks,,
SIGI,Selective Insurance Group,Financials,Property & Casualty Insurance,MID,5699.7,466.4,207.0,3.63,no,finviz,,
LNN,Lindsay Corporation,Materials,Agricultural & Farm Machinery,SMALL,1176.8,74.1,42.6,3.62,no,barchart,,
CVCO,"Cavco Industries, Inc.",Consumer Discretionary,Homebuilding,SMALL,4389.5,190.6,157.8,3.59,no,zacks,,
MLI,Mueller Industries,Industrials,Industrial Machinery & Supplies & Components,MID,13039.4,765.2,468.5,3.59,no,finviz,,
BJ,BJ's Wholesale Club,Consumer Staples,Consumer Staples Merchandise Retail,MID,11881.3,578.4,426.7,3.59,no,finviz,,
CACI,CACI International,Industrials,Diversified Support Services,MID,10220.2,499.8,366.8,3.59,no,finviz,,
MUSA,Murphy USA,Consumer Discretionary,Automotive Retail,MID,11060.0,470.6,396.9,3.59,no,finviz,,
MGEE,"MGE Energy, Inc.",Utilities,Electric Utilities,SMALL,2959.9,135.9,105.8,3.57,no,barchart,,
CBRL,Cracker Barrel,Consumer Discretionary,Restaurants,SMALL,1149.2,46.4,40.9,3.56,no,zacks,,
RHI,Robert Half,Industrials,Human Resource & Employment Services,SMALL,3754.5,133.0,133.0,3.54,no,barchart,,
TTC,Toro,Industrials,Agricultural & Farm Machinery,MID,8950.0,316.1,316.1,3.53,no,zacks,,
RPM,RPM International,Materials,Specialty Chemicals,MID,13570.3,688.7,478.7,3.53,no,finviz,,
SFM,Sprouts Farmers Market,Consumer Staples,Food Retail,MID,6931.2,523.7,244.2,3.52,no,finviz,,
WOR,Worthington Enterprises,Industrials,Building Products,SMALL,2749.7,96.1,96.1,3.49,no,barchart,,
GGG,Graco Inc.,Industrials,Industrial Machinery & Supplies & Components,MID,12641.0,521.8,439.9,3.48,no,finviz,,
BAH,Booz Allen Hamilton,Industrials,Research & Consulting Services,MID,7830.0,851.0,272.0,3.47,no,finviz,,
KRC,Kilroy Realty Corp,Real Estate,Office REITs,MID,4739.7,195.4,164.6,3.47,no,finviz,,
SSD,Simpson Manufacturing,Industrials,Building Products,MID,7798.6,345.1,266.4,3.42,no,zacks,,
AGO,Assured Guaranty Ltd.,Financials,Property & Casualty Insurance,SMALL,3650.0,503.0,124.0,3.4,no,zacks,,
JJSF,J&J Snack Foods Corp.,Consumer Staples,Packaged Foods & Meats,SMALL,1417.6,65.6,47.2,3.33,no,barchart,,
WD,"Walker & Dunlop, Inc.",Financials,Commercial & Residential Mortgage Finance,SMALL,1695.6,56.2,56.2,3.31,no,barchart,,
RGA,Reinsurance Group of America,Financials,Reinsurance,MID,15720.0,1182.0,517.0,3.29,no,finviz,,
COLM,Columbia Sportswear,Consumer Discretionary,"Apparel, Accessories & Luxury Goods",MID,3289.6,177.2,108.0,3.28,no,finviz,,
WH,Wyndham Hotels & Resorts,Consumer Discretionary,"Hotels, Resorts & Cruise Lines",MID,5920.0,193.0,193.0,3.26,no,zacks,,
FND,Floor & Decor,Consumer Discretionary,Home Improvement Retail,MID,6320.9,208.6,205.9,3.26,no,finviz,,
SMP,"Standard Motor Products, Inc.",Consumer Discretionary,Automotive Parts & Equipment,SMALL,847.3,41.3,27.5,3.25,no,barchart,,
EXPO,"Exponent, Inc.",Industrials,Research & Consulting Services,MID,3118.8,106.0,100.3,3.22,no,finviz,,
GTM,ZoomInfo,Communication Services,Interactive Media & Services,SMALL,907.7,124.2,29.1,3.21,no,zacks,,
FA,First Advantage Corporation,Industrials,Human Resource & Employment Services,SMALL,3628.9,122.6,116.0,3.2,no,zacks,,
LW,Lamb Weston,Consumer Staples,Packaged Foods & Meats,SMALL,6289.2,357.2,200.9,3.19,no,barchart,,
SKY,"Champion Homes, Inc.",Consumer Discretionary,Homebuilding,SMALL,4595.3,206.9,146.7,3.19,no,barchart,,
FELE,Franklin Electric,Industrials,Industrial Machinery & Supplies & Components,SMALL,4610.3,147.1,147.1,3.19,no,zacks,,
PLAB,"Photronics, Inc.",Information Technology,Semiconductor Materials & Equipment,SMALL,1753.8,136.4,55.4,3.16,no,barchart,,
BOOT,"Boot Barn Holdings, Inc.",Consumer Discretionary,Apparel Retail,SMALL,4680.1,225.9,147.0,3.14,no,zacks,,
RRC,Range Resources,Energy,Oil & Gas Exploration & Production,MID,8538.7,658.0,266.3,3.12,no,finviz,,
NNN,NNN Reit,Real Estate,Retail REITs,MID,9359.6,389.8,290.1,3.1,no,finviz,,
MSEX,Middlesex Water Company,Utilities,Water Utilities,SMALL,1019.1,42.8,31.5,3.09,no,barchart,,
FCPT,"Four Corners Property Trust, Inc.",Real Estate,Other Specialized REITs,SMALL,2770.6,112.4,85.6,3.09,no,zacks,,
MCRI,"Monarch Casino & Resort, Inc.",Consumer Discretionary,Casinos & Gaming,SMALL,2244.3,101.4,68.5,3.05,no,barchart,,
SCL,Stepan Company,Materials,Specialty Chemicals,SMALL,1331.8,46.9,40.2,3.02,no,barchart,,
AYI,Acuity Brands,Industrials,Electrical Components & Equipment,MID,10190.0,396.6,306.3,3.01,no,finviz,,
BRC,Brady Corporation,Industrials,Commercial Printing,SMALL,4331.4,189.3,129.7,2.99,no,zacks,,
ABM,"ABM Industries, Inc.",Industrials,Environmental & Facilities Services,SMALL,2720.0,162.4,81.4,2.99,no,zacks,,
ENVA,"Enova International, Inc.",Financials,Consumer Finance,SMALL,5859.3,308.4,175.1,2.99,no,zacks,,
TNC,Tennant Company,Industrials,Industrial Machinery & Supplies & Components,SMALL,1468.2,43.8,43.8,2.98,no,barchart,,
MZTI,The Marzetti Company,Consumer Staples,Packaged Foods & Meats,MID,3010.5,167.3,89.6,2.98,no,finviz,,
TKR,Timken,Industrials,Industrial Machinery & Supplies & Components,MID,9690.0,288.4,288.4,2.98,no,zacks,,
DORM,"Dorman Products, Inc.",Consumer Discretionary,Automotive Parts & Equipment,SMALL,4108.3,204.2,121.5,2.96,no,zacks,,
KMX,"CarMax, Inc.",Consumer Discretionary,Automotive Retail,SMALL,8364.6,247.3,247.3,2.96,no,barchart,,
CSL,Carlisle Companies,Industrials,Industrial Conglomerates,MID,14270.0,740.7,421.7,2.96,no,finviz,,
ACI,Albertsons,Consumer Staples,Food Retail,MID,7360.0,217.4,217.4,2.95,no,finviz,,
TEX,Terex,Industrials,Construction Machinery & Heavy Transportation Equipment,MID,7480.0,221.0,220.9,2.95,no,zacks,,
IDA,Idacorp,Utilities,Electric Utilities,MID,8371.7,323.5,245.6,2.93,no,finviz,,
WINA,Winmark,Consumer Discretionary,Other Specialty Retail,SMALL,1347.1,41.7,39.4,2.92,no,barchart,,
HIW,Highwoods Properties,Real Estate,Office REITs,SMALL,3571.6,162.7,104.3,2.92,no,zacks,,
GTY,Getty Realty Corp.,Real Estate,Retail REITs,SMALL,2081.7,79.2,60.2,2.89,no,zacks,,
PZZA,Papa John's Pizza,Consumer Discretionary,Restaurants,SMALL,1055.7,30.5,30.5,2.89,no,barchart,,
GTES,Gates Corporation,Industrials,Industrial Machinery & Supplies & Components,SMALL,6750.0,251.4,194.9,2.89,no,zacks,,
PAYC,Paycom,Industrials,Human Resource & Employment Services,SMALL,6895.0,453.4,196.0,2.84,no,barchart,,
MSM,MSC Industrial Direct,Industrials,Trading Companies & Distributors,MID,7019.0,199.3,199.3,2.84,no,finviz,,
WCC,WESCO International,Industrials,Trading Companies & Distributors,MID,16400.0,640.2,465.4,2.84,no,zacks,,
SAH,"Sonic Automotive, Inc.",Consumer Discretionary,Automotive Retail,SMALL,3151.9,118.7,88.5,2.81,no,barchart,,
GEF,"Greif, Inc.",Materials,"Metal, Glass & Plastic Containers",MID,3880.0,268.8,108.8,2.8,no,finviz,,
ATR,AptarGroup,Materials,"Metal, Glass & Plastic Containers",MID,8600.4,392.8,239.3,2.78,no,finviz,,
DOCS,Doximity,Health Care,Health Care Technology,MID,4059.4,196.1,112.8,2.78,no,finviz,,
AVT,Avnet,Information Technology,Technology Distributors,MID,6949.5,240.2,193.1,2.78,no,finviz,,
AWI,"Armstrong World Industries, Inc.",Industrials,Building Products,SMALL,6650.0,308.7,183.2,2.75,no,zacks,,
AXTA,Axalta,Materials,Specialty Chemicals,MID,7040.0,378.0,192.0,2.73,no,finviz,,
LTC,"LTC Properties, Inc.",Real Estate,Health Care REITs,SMALL,2051.7,118.0,55.9,2.72,no,barchart,,
STRA,"Strategic Education, Inc.",Consumer Discretionary,Education Services,SMALL,1715.3,126.6,46.7,2.72,no,barchart,,
LPX,Louisiana-Pacific,Industrials,Building Products,MID,5370.0,146.0,146.0,2.72,no,finviz,,
DCI,Donaldson Company,Industrials,Industrial Machinery & Supplies & Components,MID,10560.0,367.0,286.9,2.72,no,finviz,,
ACLS,"Axcelis Technologies, Inc.",Information Technology,Semiconductor Materials & Equipment,SMALL,4458.6,120.2,120.2,2.7,no,zacks,,
NEU,NewMarket Corporation,Materials,Specialty Chemicals,MID,7099.7,418.7,190.9,2.69,no,finviz,,
PHIN,"PHINIA, Inc.",Consumer Discretionary,Automotive Retail,SMALL,2944.3,130.0,79.0,2.68,no,barchart,,
GOLF,Acushnet Company,Consumer Discretionary,Leisure Products,SMALL,6701.0,188.5,178.9,2.67,no,zacks,,
CPK,Chesapeake Utilities Corp.,Utilities,Gas Utilities,SMALL,3131.3,140.3,83.5,2.67,no,zacks,,
WSO,Watsco,Industrials,Trading Companies & Distributors,MID,15738.3,497.0,418.9,2.66,no,zacks,,
DFIN,"Donnelley Financial Solutions, Inc.",Financials,Financial Exchanges & Data,SMALL,1220.0,32.4,32.4,2.66,no,zacks,,
FR,First Industrial Realty Trust,Real Estate,Industrial REITs,MID,9408.4,247.4,247.4,2.63,no,finviz,,
EXLS,EXL Service,Industrials,Data Processing & Outsourced Services,MID,4381.6,251.0,114.8,2.62,no,finviz,,
USPH,"U.S. Physical Therapy, Inc.",Health Care,Health Care Facilities,SMALL,1084.8,39.6,28.2,2.6,no,barchart,,
UVV,Universal Corporation,Consumer Staples,Tobacco,SMALL,1261.8,32.6,32.6,2.58,no,barchart,,
CRUS,Cirrus Logic,Information Technology,Semiconductors,MID,6909.9,414.4,176.7,2.56,no,finviz,,
URBN,"Urban Outfitters, Inc.",Consumer Discretionary,Apparel Retail,SMALL,6247.1,464.9,159.7,2.56,no,barchart,,
WPC,W. P. Carey,Real Estate,Diversified REITs,MID,16060.5,466.4,410.0,2.55,no,zacks,,
OSIS,"OSI Systems, Inc.",Information Technology,Electronic Equipment & Instruments,SMALL,3598.9,149.6,91.8,2.55,no,barchart,,
XPEL,"XPEL, Inc.",Consumer Discretionary,Automotive Parts & Equipment,SMALL,1241.3,51.2,31.6,2.55,no,barchart,,
LCII,LCI Industries,Consumer Discretionary,Automotive Parts & Equipment,SMALL,2528.7,188.2,64.2,2.54,no,barchart,,
OLLI,Ollie's Bargain Outlet,Consumer Discretionary,Broadline Retail,MID,4050.4,240.6,102.8,2.54,no,finviz,,
HAYW,"Hayward Holdings, Inc.",Industrials,Electrical Components & Equipment,SMALL,3200.5,151.6,80.7,2.52,no,zacks,,
HUBG,"Hub Group, Inc.",Industrials,Air Freight & Logistics,SMALL,2921.6,104.0,73.6,2.52,no,zacks,,
OSK,Oshkosh,Industrials,Construction Machinery & Heavy Transportation Equipment,MID,9150.0,229.5,229.5,2.51,no,finviz,,
WEX,WEX Inc.,Financials,Transaction & Payment Processing Services,MID,5470.0,304.1,135.3,2.47,no,zacks,,
YELP,"Yelp, Inc.",Communication Services,Interactive Media & Services,SMALL,1472.4,145.6,36.3,2.47,no,barchart,,
KNF,Knife River Corporation,Materials,Construction Materials,MID,4739.2,157.1,116.2,2.45,no,finviz,,
YETI,Yeti Holdings,Consumer Discretionary,Leisure Products,MID,3660.3,165.4,89.7,2.45,no,zacks,,
SOLS,Solstice Advanced Materials,Materials,Specialty Chemicals,MID,9690.0,237.0,237.0,2.45,no,zacks,,
EHC,Encompass Health,Health Care,Health Care Facilities,MID,11160.0,566.2,271.0,2.43,no,finviz,,
MTN,Vail Resorts,Consumer Discretionary,"Hotels, Resorts & Cruise Lines",MID,5307.9,280.0,127.8,2.41,no,finviz,,
KAI,Kadant Inc.,Industrials,Industrial Machinery & Supplies & Components,SMALL,3550.9,102.0,84.0,2.37,no,barchart,,
AWR,American States Water Company,Utilities,Water Utilities,SMALL,3320.2,130.4,78.4,2.36,no,zacks,,
PRIM,Primoris Services Corporation,Industrials,Construction & Engineering,SMALL,4917.6,274.9,115.7,2.35,no,barchart,,
WRLD,World Acceptance Corporation,Financials,Consumer Finance,SMALL,901.4,34.6,21.2,2.35,no,barchart,,
MBC,"MasterBrand, Inc.",Industrials,Building Products,SMALL,1139.1,26.7,26.7,2.34,no,barchart,,
NPK,"National Presto Industries, Inc.",Industrials,Aerospace & Defense,SMALL,883.2,33.1,20.7,2.34,no,barchart,,
WMS,Advanced Drainage Systems,Industrials,Building Products,MID,11588.7,426.5,271.3,2.34,no,zacks,,
STAG,STAG Industrial,Real Estate,Industrial REITs,MID,7628.9,273.5,178.3,2.34,no,zacks,,
SGI,Somnigroup International,Consumer Discretionary,Home Furnishings,MID,15820.0,384.1,368.1,2.33,no,finviz,,
FBRT,"Franklin BSP Realty Trust, Inc.",Real Estate,Mortgage REITs,SMALL,620.5,82.3,14.4,2.32,no,zacks,,
FIVE,Five Below,Consumer Discretionary,Specialty Stores,MID,10929.5,358.6,253.6,2.32,no,finviz,,
BNL,"Broadstone Net Lease, Inc.",Real Estate,Industrial REITs,SMALL,4180.2,96.5,96.5,2.31,no,zacks,,
HTO,H2O America,Utilities,Water Utilities,SMALL,2621.0,102.6,60.5,2.31,no,zacks,,
IOSP,"Innospec, Inc.",Materials,Specialty Chemicals,SMALL,2044.9,119.5,47.1,2.3,no,barchart,,
EEFT,Euronet Worldwide,Financials,Transaction & Payment Processing Services,MID,3110.0,309.5,70.7,2.27,no,finviz,,
IPAR,"Inter Parfums, Inc.",Consumer Staples,Household Products,SMALL,3853.8,168.4,87.4,2.27,no,barchart,,
AMKR,Amkor Technology,Information Technology,Semiconductors,MID,15619.5,373.9,354.0,2.27,no,finviz,,
TR,"Tootsie Roll Industries, Inc.",Consumer Staples,Packaged Foods & Meats,SMALL,2909.5,100.1,65.3,2.24,no,barchart,,
RRR,"Red Rock Resorts, Inc.",Consumer Discretionary,Casinos & Gaming,SMALL,6882.5,188.1,154.1,2.24,no,barchart,,
RHP,Ryman Hospitality Properties,Real Estate,Hotel & Resort REITs,SMALL,7888.0,243.4,176.1,2.23,no,barchart,,
DLX,Deluxe Corporation,Industrials,Commercial Printing,SMALL,1170.0,82.1,26.1,2.23,no,zacks,,
GATX,GATX,Industrials,Construction Machinery & Heavy Transportation Equipment,MID,6430.0,333.3,143.1,2.23,no,finviz,,
HALO,Halozyme,Health Care,Biotechnology,MID,9198.7,316.9,202.1,2.2,no,finviz,,
LAMR,Lamar Advertising Company,Real Estate,Other Specialized REITs,MID,16481.5,587.2,361.9,2.2,no,finviz,,
ABR,Arbor Realty Trust,Financials,Mortgage REITs,SMALL,971.5,53.4,21.3,2.19,no,zacks,,
ADUS,Addus HomeCare Corp.,Health Care,Health Care Services,SMALL,2058.8,95.9,45.1,2.19,no,zacks,,
GBX,"The Greenbrier Companies, Inc.",Industrials,Construction Machinery & Heavy Transportation Equipment,SMALL,1490.0,204.1,32.4,2.17,no,zacks,,
AVNT,Avient,Materials,Specialty Chemicals,MID,3490.0,81.9,75.7,2.17,no,finviz,,
SAIA,Saia,Industrials,Cargo Ground Transportation,MID,11688.4,255.0,253.2,2.17,no,finviz,,
ZD,Ziff Davis,Communication Services,Advertising,SMALL,1919.0,47.4,41.5,2.16,no,barchart,,
BWA,BorgWarner,Consumer Discretionary,Automotive Parts & Equipment,MID,12880.0,277.0,277.0,2.15,no,finviz,,
UTHR,United Therapeutics,Health Care,Biotechnology,MID,22570.0,1334.7,475.8,2.11,no,zacks,,
CRVL,CorVel Corporation,Health Care,Health Care Services,SMALL,3161.7,110.3,66.4,2.1,no,zacks,,
TRN,"Trinity Industries, Inc.",Industrials,Construction Machinery & Heavy Transportation Equipment,SMALL,2867.0,253.1,60.1,2.1,no,barchart,,
SANM,Sanmina Corporation,Information Technology,Electronic Manufacturing Services,MID,10618.3,245.9,222.5,2.1,no,finviz,,
ACIW,ACI Worldwide,Information Technology,Application Software,SMALL,5799.6,226.7,121.5,2.09,no,zacks,,
ELS,Equity Lifestyle Properties,Real Estate,Single-Family Residential REITs,MID,13220.0,402.1,276.0,2.09,no,finviz,,
EPR,EPR Properties,Real Estate,Other Specialized REITs,MID,4759.7,274.9,98.6,2.07,no,finviz,,
WMG,Warner Music Group,Communication Services,Movies & Entertainment,MID,14770.0,365.0,304.0,2.06,no,zacks,,
KMT,Kennametal,Industrials,Industrial Machinery & Supplies & Components,SMALL,2647.4,93.1,54.4,2.05,no,barchart,,
DTM,DT Midstream,Energy,Oil & Gas Storage & Transportation,MID,14960.0,441.0,307.0,2.05,no,finviz,,
HCSG,"Healthcare Services Group, Inc.",Industrials,Environmental & Facilities Services,SMALL,1667.9,59.1,34.2,2.05,no,zacks,,
ITGR,Integer Holdings Corporation,Health Care,Health Care Equipment,SMALL,3245.9,102.8,66.4,2.05,no,barchart,,
GNW,"Genworth Financial, Inc.",Financials,Multi-line Insurance,SMALL,3730.0,223.0,76.0,2.04,no,zacks,,
UNF,UniFirst Corporation,Industrials,Diversified Support Services,SMALL,5085.8,148.3,103.4,2.03,no,barchart,,
CR,Crane,Industrials,Industrial Machinery & Supplies & Components,MID,12650.0,366.6,255.9,2.02,no,finviz,,
RH,RH,Consumer Discretionary,Homefurnishing Retail,MID,3579.4,124.8,72.4,2.02,no,finviz,,
ENS,EnerSys,Industrials,Electrical Components & Equipment,MID,7119.5,293.6,143.9,2.02,no,finviz,,
LRN,"Stride, Inc.",Consumer Discretionary,Education Services,SMALL,3548.6,287.9,71.5,2.01,no,barchart,,
JOE,St. Joe Company,Real Estate,Real Estate Development,SMALL,3529.9,115.6,70.9,2.01,no,barchart,,
EPC,Edgewell Personal Care,Consumer Staples,Household Products,SMALL,1280.0,25.4,25.4,1.98,no,zacks,,
SNX,TD Synnex,Information Technology,Technology Distributors,MID,20001.6,827.7,395.1,1.98,no,zacks,,
KNSL,Kinsale Capital Group,Financials,Property & Casualty Insurance,MID,7742.1,503.6,152.7,1.97,no,finviz,,
WDFC,WD-40 Company,Consumer Staples,Household Products,SMALL,3347.6,91.0,66.0,1.97,no,barchart,,
NJR,New Jersey Resources,Utilities,Gas Utilities,MID,5980.5,335.6,117.9,1.97,no,finviz,,
LECO,Lincoln Electric,Industrials,Industrial Machinery & Supplies & Components,MID,14211.0,520.5,276.6,1.95,no,finviz,,
SXT,Sensient Technologies,Materials,Specialty Chemicals,SMALL,4833.2,134.5,93.4,1.93,no,barchart,,
IBP,"Installed Building Products, Inc.",Consumer Discretionary,Homebuilding,SMALL,6160.0,265.4,118.8,1.93,no,zacks,,
ENSG,Ensign Group,Health Care,Health Care Facilities,MID,10102.5,344.0,194.7,1.93,no,finviz,,
NXST,Nexstar Media Group,Communication Services,Broadcasting,MID,5660.0,109.0,109.0,1.93,no,finviz,,
SPSC,"SPS Commerce, Inc.",Information Technology,Application Software,SMALL,2353.8,93.3,44.6,1.89,no,barchart,,
CNM,Core & Main,Industrials,Trading Companies & Distributors,MID,8860.0,441.0,166.0,1.87,no,finviz,,
BCPC,Balchem Corporation,Materials,Specialty Chemicals,SMALL,5229.8,154.8,96.1,1.84,no,zacks,,
ARCB,ArcBest Corp.,Industrials,Cargo Ground Transportation,SMALL,3280.1,60.1,60.1,1.83,no,zacks,,
INGR,Ingredion,Consumer Staples,Agricultural Products & Services,MID,6450.0,729.0,117.0,1.81,no,finviz,,
ITT,ITT Inc.,Industrials,Industrial Machinery & Supplies & Components,MID,17460.0,488.0,316.3,1.81,no,finviz,,
BFAM,Bright Horizons Family Solutions Inc.,Consumer Discretionary,Specialized Consumer Services,SMALL,3892.3,193.1,70.5,1.81,no,zacks,,
MWA,Mueller Water Products,Industrials,Industrial Machinery & Supplies & Components,SMALL,3891.4,191.7,70.4,1.81,no,barchart,,
BCO,Brink's,Industrials,Security & Alarm Services,MID,4850.0,199.7,87.7,1.81,no,finviz,,
NHI,"National Health Investors, Inc.",Real Estate,Health Care REITs,SMALL,3675.9,142.2,66.4,1.81,no,barchart,,
SIG,Signet Jewelers,Consumer Discretionary,Specialty Stores,SMALL,3422.9,294.4,61.2,1.79,no,barchart,,
FAF,First American Financial Corporation,Financials,Property & Casualty Insurance,MID,7340.0,621.8,131.1,1.79,no,finviz,,
CVSA,Covista Inc.,Consumer Discretionary,Education Services,SMALL,3938.5,237.1,70.0,1.78,no,zacks,,
ENPH,Enphase Energy,Information Technology,Semiconductor Materials & Equipment,SMALL,5812.4,172.1,102.7,1.77,no,zacks,,
ECG,"Everus Construction Group, Inc.",Industrials,Construction & Engineering,SMALL,7071.1,201.8,124.8,1.76,no,zacks,,
SAFT,"Safety Insurance Group, Inc.",Financials,Property & Casualty Insurance,SMALL,1074.9,99.3,18.9,1.76,no,barchart,,
CWT,California Water Service Group,Utilities,Water Utilities,SMALL,2979.4,128.2,51.9,1.74,no,zacks,,
HWKN,"Hawkins, Inc.",Materials,Commodity Chemicals,SMALL,2977.6,81.5,51.5,1.73,no,zacks,,
POR,Portland General Electric,Utilities,Electric Utilities,MID,6110.0,193.0,105.0,1.72,no,finviz,,
HRMY,"Harmony Biosciences Holdings, Inc.",Health Care,Biotechnology,SMALL,2020.2,158.7,34.6,1.71,no,zacks,,
HNI,HNI Corporation,Industrials,Office Services & Supplies,SMALL,2880.0,54.2,49.2,1.71,no,zacks,,
AMH,American Homes 4 Rent,Real Estate,Single-Family Residential REITs,MID,12362.4,513.4,210.6,1.7,no,finviz,,
PSMT,PriceSmart,Consumer Staples,Consumer Staples Merchandise Retail,SMALL,5822.0,147.9,98.0,1.68,no,barchart,,
PLXS,Plexus Corp.,Information Technology,Electronic Manufacturing Services,SMALL,6798.1,172.9,111.8,1.64,no,barchart,,
VSXY,Victoria's Secret,Consumer Discretionary,Apparel Retail,SMALL,6702.0,161.0,109.0,1.63,no,barchart,,
SNDR,Schneider National,Industrials,Cargo Ground Transportation,SMALL,6381.5,103.6,103.6,1.62,no,barchart,,
BDC,Belden Inc.,Information Technology,Electronic Components,MID,3938.5,237.5,63.9,1.62,no,finviz,,
DV,"DoubleVerify Holdings, Inc.",Communication Services,Advertising,SMALL,1809.5,50.6,29.3,1.62,no,zacks,,
LQDT,"Liquidity Services, Inc.",Industrials,Diversified Support Services,SMALL,1236.9,28.1,20.0,1.62,no,barchart,,
UE,Urban Edge Properties,Real Estate,Retail REITs,SMALL,2868.8,93.5,46.2,1.61,no,barchart,,
LSTR,Landstar System,Industrials,Cargo Ground Transportation,MID,7189.6,115.0,115.0,1.6,no,finviz,,
RYN,Rayonier,Real Estate,Timber REITs,MID,6701.4,474.4,107.1,1.6,no,finviz,,
COKE,Coca-Cola Consolidated,Consumer Staples,Soft Drinks & Non-alcoholic Beverages,MID,12141.3,570.6,189.6,1.56,no,finviz,,
ATEN,"A10 Networks, Inc.",Information Technology,Systems Software,SMALL,2612.0,42.1,40.0,1.53,no,zacks,,
REXR,Rexford Industrial Realty,Real Estate,Industrial REITs,MID,8477.3,212.0,128.2,1.51,no,finviz,,
VIRT,"Virtu Financial, Inc.",Financials,Financial Exchanges & Data,SMALL,9394.3,468.4,142.0,1.51,no,barchart,,
WGO,"Winnebago Industries, Inc.",Consumer Discretionary,Automobile Manufacturers,SMALL,862.2,25.7,13.0,1.51,no,barchart,,
BWXT,BWX Technologies,Industrials,Aerospace & Defense,MID,15920.6,328.9,238.2,1.5,no,finviz,,
RGLD,Royal Gold,Materials,Gold,MID,16221.2,466.3,239.0,1.47,no,finviz,,
ULS,UL Solutions,Industrials,Research & Consulting Services,MID,17690.0,325.0,260.0,1.47,no,zacks,,
STC,Stewart Information Services Corporation,Financials,Property & Casualty Insurance,SMALL,2085.5,115.5,30.4,1.46,no,barchart,,
VC,Visteon,Consumer Discretionary,Automotive Parts & Equipment,MID,2820.0,201.0,41.0,1.45,no,zacks,,
JLL,Jones Lang LaSalle,Real Estate,Real Estate Services,MID,15580.0,792.1,225.4,1.45,no,finviz,,
BMI,"Badger Meter, Inc.",Information Technology,Electronic Equipment & Instruments,SMALL,4211.1,141.6,60.9,1.45,no,zacks,,
VMI,Valmont Industries,Industrials,Industrial Machinery & Supplies & Components,MID,10566.6,350.3,150.8,1.43,no,zacks,,
FLS,Flowserve,Industrials,Industrial Machinery & Supplies & Components,MID,8856.6,346.2,125.9,1.42,no,finviz,,
WTS,Watts Water Technologies,Industrials,Building Products,MID,11660.0,340.8,165.7,1.42,no,zacks,,
EPRT,"Essential Properties Realty Trust, Inc.",Real Estate,Diversified REITs,SMALL,6768.2,253.0,95.7,1.41,no,zacks,,
FSS,Federal Signal Corporation,Industrials,Construction Machinery & Heavy Transportation Equipment,SMALL,7180.0,246.6,100.6,1.4,no,zacks,,
NYT,New York Times Company,Communication Services,Publishing,MID,12419.6,344.0,173.9,1.4,no,finviz,,
CSW,"CSW Industrials, Inc.",Industrials,Industrial Conglomerates,SMALL,4801.1,112.0,66.4,1.38,no,zacks,,
HXL,Hexcel,Industrials,Aerospace & Defense,MID,7670.0,109.4,105.7,1.38,no,finviz,,
FTDR,"Frontdoor, Inc.",Consumer Discretionary,Specialized Consumer Services,SMALL,5250.0,255.0,71.0,1.35,no,zacks,,
EAT,"Brinker International, Inc.",Consumer Discretionary,Restaurants,SMALL,7660.0,383.1,102.6,1.34,no,zacks,,
BRX,Brixmor Property Group,Real Estate,Retail REITs,MID,9943.7,386.2,132.9,1.34,no,finviz,,
LAUR,"Laureate Education, Inc.",Consumer Discretionary,Education Services,SMALL,5217.6,281.6,69.6,1.33,no,barchart,,
HCC,"Warrior Met Coal, Inc.",Materials,Steel,SMALL,4320.2,57.0,57.0,1.32,no,zacks,,
FCFS,FirstCash,Financials,Consumer Finance,MID,9489.3,330.4,124.9,1.32,no,finviz,,
PLMR,"Palomar Holdings, Inc.",Financials,Property & Casualty Insurance,SMALL,3486.7,197.1,45.8,1.31,no,barchart,,
EXEL,Exelixis,Health Care,Biotechnology,MID,14001.4,782.6,182.3,1.3,no,finviz,,
GHC,Graham Holdings,Consumer Discretionary,Education Services,MID,5181.6,292.3,67.1,1.29,no,finviz,,
MOG.A,Moog Inc.,Industrials,Aerospace & Defense,MID,12121.8,235.0,155.2,1.28,no,finviz,,
QLYS,Qualys,Information Technology,Systems Software,MID,5553.1,198.3,71.0,1.28,no,finviz,,
AAT,American Assets Trust,Real Estate,Diversified REITs,SMALL,1561.1,27.7,19.7,1.26,no,zacks,,
ADC,Agree Realty,Real Estate,Retail REITs,MID,9702.1,204.3,122.3,1.26,no,finviz,,
MRTN,"Marten Transport, Ltd.",Industrials,Cargo Ground Transportation,SMALL,1397.3,17.4,17.4,1.25,no,barchart,,
CLH,Clean Harbors,Industrials,Environmental & Facilities Services,MID,16406.2,391.0,203.2,1.24,no,finviz,,
WSR,Whitestone REIT,Real Estate,Retail REITs,SMALL,972.1,49.9,12.0,1.23,no,barchart,,
USLM,"United States Lime & Minerals, Inc.",Materials,Construction Materials,SMALL,3001.6,134.3,37.0,1.23,no,barchart,,
EIG,"Employers Holdings, Inc.",Financials,Property & Casualty Insurance,SMALL,887.5,10.8,10.8,1.22,no,zacks,,
HAE,Haemonetics,Health Care,Health Care Supplies,MID,3572.1,97.3,43.4,1.21,no,finviz,,
NSSC,Napco Security Technologies,Information Technology,Electronic Equipment & Instruments,SMALL,1269.4,43.4,15.4,1.21,no,barchart,,
NSA,National Storage Affiliates Trust,Real Estate,Self-Storage REITs,MID,6111.3,73.8,73.8,1.21,no,finviz,,
PGNY,Progyny,Health Care,Health Care Services,SMALL,2536.8,58.5,30.4,1.2,no,barchart,,
MORN,"Morningstar, Inc.",Financials,Financial Exchanges & Data,MID,6610.0,183.0,78.3,1.18,no,finviz,,
MEDP,Medpace,Health Care,Life Sciences Tools & Services,MID,15355.9,451.1,181.8,1.18,no,finviz,,
AIT,Applied Industrial Technologies,Industrials,Trading Companies & Distributors,MID,12283.6,393.0,144.8,1.18,no,finviz,,
WHD,"Cactus, Inc.",Energy,Oil & Gas Equipment & Services,SMALL,4249.2,166.0,49.6,1.17,no,barchart,,
HGV,Hilton Grand Vacations,Consumer Discretionary,"Hotels, Resorts & Cruise Lines",MID,4040.0,81.0,47.0,1.16,no,finviz,,
OHI,Omega Healthcare Investors,Real Estate,Health Care REITs,MID,14848.2,590.2,172.5,1.16,no,finviz,,
CMC,Commercial Metals,Materials,Steel,MID,7353.3,84.7,84.7,1.15,no,finviz,,
MANH,Manhattan Associates,Information Technology,Application Software,MID,9652.4,219.9,110.5,1.14,no,finviz,,
SHO,"Sunstone Hotel Investors, Inc.",Real Estate,Hotel & Resort REITs,SMALL,2150.7,24.6,24.6,1.14,no,barchart,,
TRNO,Terreno Realty Corporation,Real Estate,Industrial REITs,SMALL,7641.1,403.0,87.3,1.14,no,barchart,,
DEA,"Easterly Government Properties, Inc.",Real Estate,Office REITs,SMALL,1149.7,13.0,13.0,1.13,no,zacks,,
DINO,HF Sinclair,Energy,Oil & Gas Refining & Marketing,MID,15660.0,579.0,177.0,1.13,no,finviz,,
TDC,Teradata,Information Technology,IT Consulting & Other Services,SMALL,2946.3,130.0,33.0,1.12,no,barchart,,
MMSI,"Merit Medical Systems, Inc.",Health Care,Health Care Supplies,SMALL,4361.3,128.5,48.5,1.11,no,barchart,,
JEF,Jefferies,Financials,Multi-Sector Holdings,MID,11326.6,1667.4,125.9,1.11,no,finviz,,
NVT,nVent Electricplc,Industrials,Electrical Components & Equipment,MID,24850.0,710.2,272.9,1.1,no,finviz,,
ALK,Alaska Air Group,Industrials,Passenger Airlines,MID,5310.0,100.0,58.0,1.09,no,finviz,,
CAKE,"The Cheesecake Factory, Inc.",Consumer Discretionary,Restaurants,SMALL,3987.9,148.4,43.1,1.08,no,zacks,,
WING,Wingstop,Consumer Discretionary,Restaurants,MID,3973.9,174.3,42.7,1.07,no,zacks,,
PCTY,Paylocity,Industrials,Human Resource & Employment Services,MID,6788.2,227.1,70.8,1.04,no,finviz,,
CORT,Corcept Therapeutics Incorporated,Health Care,Pharmaceuticals,SMALL,9624.6,99.7,99.7,1.04,no,zacks,,
PSN,Parsons Corporation,Industrials,Aerospace & Defense,MID,6192.7,241.1,64.1,1.04,no,finviz,,
BURL,Burlington Stores,Consumer Discretionary,Apparel Retail,MID,22417.8,610.2,230.1,1.03,no,finviz,,
PLNT,Planet Fitness,Consumer Discretionary,Leisure Facilities,MID,4202.6,219.1,42.8,1.02,no,finviz,,
TILE,"Interface, Inc.",Industrials,Office Services & Supplies,SMALL,1943.6,116.1,19.6,1.01,no,barchart,,
NFG,National Fuel Gas,Utilities,Gas Utilities,MID,7758.7,518.5,77.5,1.0,no,finviz,,
CGNX,Cognex,Information Technology,Electronic Equipment & Instruments,MID,10632.9,114.4,106.2,1.0,no,finviz,,
SCSC,"ScanSource, Inc.",Information Technology,Technology Distributors,SMALL,1084.6,71.5,10.8,1.0,no,barchart,,
CW,Curtiss-Wright,Industrials,Aerospace & Defense,MID,26437.1,484.2,262.8,0.99,no,finviz,,
DIOD,Diodes Incorporated,Information Technology,Semiconductors,SMALL,4447.6,66.1,44.0,0.99,no,zacks,,
SXI,Standex International Corporation,Industrials,Industrial Machinery & Supplies & Components,SMALL,3727.8,55.8,36.5,0.98,no,barchart,,
ACA,"Arcosa, Inc.",Industrials,Construction & Engineering,SMALL,7110.0,208.4,69.6,0.98,no,zacks,,
ORA,Ormat Technologies,Utilities,Renewable Electricity,MID,6440.8,123.9,62.1,0.96,no,finviz,,
HMN,Horace Mann Educators Corporation,Financials,Multi-line Insurance,SMALL,2060.0,162.1,19.8,0.96,no,zacks,,
NOVT,Novanta,Information Technology,Electronic Equipment & Instruments,MID,5326.7,53.8,50.3,0.94,no,finviz,,
GMED,Globus Medical,Health Care,Health Care Equipment,MID,10981.7,537.9,103.0,0.94,no,finviz,,
BSY,Bentley Systems,Information Technology,Application Software,MID,10060.9,277.9,93.2,0.93,no,finviz,,
LXP,Lexington Realty Trust,Real Estate,Diversified REITs,SMALL,3306.2,113.2,30.4,0.92,no,barchart,,
LMAT,LeMaitre Vascular,Health Care,Health Care Equipment,SMALL,2276.3,57.7,20.6,0.9,no,barchart,,
FN,Fabrinet,Information Technology,Electronic Manufacturing Services,MID,16485.4,332.5,148.3,0.9,no,finviz,,
EPAC,Enerpac Tool Group,Industrials,Industrial Machinery & Supplies & Components,SMALL,1761.6,92.7,15.7,0.89,no,zacks,,
ENTG,Entegris,Information Technology,Semiconductor Materials & Equipment,MID,20530.0,235.6,180.7,0.88,no,finviz,,
SKYW,"SkyWest, Inc.",Industrials,Passenger Airlines,SMALL,3940.6,428.3,34.3,0.87,no,barchart,,
ONTO,Onto Innovation,Information Technology,Semiconductor Materials & Equipment,MID,14014.7,136.8,121.2,0.86,no,finviz,,
ASTH,"Astrana Health, Inc.",Health Care,Health Care Facilities,SMALL,2621.5,22.5,22.5,0.86,no,zacks,,
THRM,Gentherm Incorporated,Consumer Discretionary,Automotive Parts & Equipment,SMALL,1130.7,95.4,9.7,0.86,no,barchart,,
BHE,"Benchmark Electronics, Inc.",Information Technology,Electronic Manufacturing Services,SMALL,2935.7,24.9,24.9,0.85,no,zacks,,
HASI,"Hannon Armstrong Sustainable Infrastructure Capital, Inc.",Financials,Specialized Finance,SMALL,4929.8,184.5,41.5,0.84,no,zacks,,
PR,Permian Resources,Energy,Oil & Gas Exploration & Production,MID,16513.0,935.2,138.2,0.84,no,finviz,,
UFPT,"UFP Technologies, Inc.",Health Care,Health Care Equipment,SMALL,1904.4,68.3,15.9,0.83,no,barchart,,
IDCC,InterDigital,Information Technology,Communications Equipment,MID,6860.6,406.6,55.3,0.81,no,finviz,,
GEO,"GEO Group, Inc.",Industrials,Environmental & Facilities Services,SMALL,3984.2,254.4,32.0,0.8,no,zacks,,
SN,SharkNinja,Consumer Discretionary,Household Appliances,MID,21242.8,701.4,167.1,0.79,no,zacks,,
XPO,"XPO, Inc.",Industrials,Cargo Ground Transportation,MID,24050.0,316.0,189.0,0.79,no,zacks,,
ZWS,Zurn Elkay Water Solutions Corp.,Industrials,Industrial Machinery & Supplies & Components,SMALL,7948.1,198.0,61.7,0.78,no,barchart,,
CUZ,Cousins Properties,Real Estate,Office REITs,MID,5269.6,40.5,40.5,0.77,no,finviz,,
USFD,US Foods,Consumer Staples,Food Distributors,MID,21370.0,676.0,164.0,0.77,no,zacks,,
SAM,Boston Beer Company,Consumer Staples,Brewers,MID,1906.1,108.5,14.6,0.77,no,finviz,,
ESE,ESCO Technologies Inc.,Industrials,Industrial Machinery & Supplies & Components,SMALL,8500.5,299.2,63.5,0.75,no,zacks,,
RS,"Reliance, Inc.",Materials,Steel,MID,20225.7,739.4,148.2,0.73,no,finviz,,
CWEN,"Clearway Energy, Inc. (Class C)",Utilities,Renewable Electricity,SMALL,7070.0,169.0,51.0,0.72,no,zacks,,
RBA,RB Global,Industrials,Diversified Support Services,MID,21080.0,428.4,151.9,0.72,no,finviz,,
WWD,"Woodward, Inc.",Industrials,Electrical Components & Equipment,MID,23950.3,442.1,171.7,0.72,no,zacks,,
M,Macy's,Consumer Discretionary,Broadline Retail,MID,6340.0,642.0,45.0,0.71,no,finviz,,
HSTM,"HealthStream, Inc.",Health Care,Health Care Technology,SMALL,819.0,18.3,5.8,0.71,no,zacks,,
DKS,Dick's Sporting Goods,Consumer Discretionary,Specialty Stores,MID,19415.9,849.2,135.4,0.7,no,finviz,,
PVH,PVH Corp.,Consumer Discretionary,"Apparel, Accessories & Luxury Goods",MID,3680.0,25.3,25.3,0.69,no,finviz,,
ACMR,"ACM Research, Inc.",Information Technology,Semiconductor Materials & Equipment,SMALL,5636.4,94.1,37.8,0.67,no,zacks,,
NHC,"National Healthcare, Corp.",Health Care,Health Care Facilities,SMALL,3369.8,120.0,22.4,0.66,no,barchart,,
CARG,CarGurus,Communication Services,Interactive Media & Services,SMALL,3224.3,155.9,21.0,0.65,no,zacks,,
DAR,Darling Ingredients,Consumer Staples,Agricultural Products & Services,MID,9719.4,62.8,62.8,0.65,no,finviz,,
DXPE,"DXP Enterprises, Inc.",Industrials,Trading Companies & Distributors,SMALL,2570.6,88.7,16.5,0.64,no,zacks,,
CHRD,Chord Energy,Energy,Oil & Gas Exploration & Production,MID,6996.4,44.5,44.5,0.64,no,finviz,,
AAON,AAON,Industrials,Building Products,MID,9276.6,107.6,58.8,0.63,no,finviz,,
ACM,AECOM,Industrials,Construction & Engineering,MID,8984.8,561.8,55.3,0.62,no,finviz,,
AKR,Acadia Realty Trust,Real Estate,Retail REITs,SMALL,2860.7,16.9,16.9,0.59,no,zacks,,
FORM,"FormFactor, Inc.",Information Technology,Semiconductor Materials & Equipment,SMALL,9023.2,54.4,50.7,0.56,no,zacks,,
POWI,Power Integrations,Information Technology,Semiconductors,SMALL,3958.5,22.1,22.1,0.56,no,barchart,,
UTI,Universal Technical Institute,Consumer Discretionary,Education Services,SMALL,2216.6,63.0,12.3,0.55,no,barchart,,
RES,"RPC, Inc.",Energy,Oil & Gas Equipment & Services,SMALL,1302.4,32.1,7.2,0.55,no,barchart,,
RYAN,Ryan Specialty,Financials,Insurance Brokers,MID,11153.2,63.4,61.0,0.55,no,finviz,,
KNX,Knight-Swift,Industrials,Cargo Ground Transportation,MID,12551.2,65.9,65.9,0.53,no,finviz,,
NBIX,Neurocrine Biosciences,Health Care,Biotechnology,MID,17250.0,478.6,89.6,0.52,no,finviz,,
ATI,ATI Inc.,Industrials,Aerospace & Defense,MID,25320.0,404.3,130.9,0.52,no,finviz,,
GXO,GXO Logistics,Industrials,Air Freight & Logistics,MID,6280.0,32.0,32.0,0.51,no,finviz,,
SM,SM Energy Company,Energy,Oil & Gas Exploration & Production,SMALL,7169.9,648.0,36.2,0.5,no,barchart,,
AEIS,Advanced Energy,Information Technology,Semiconductor Materials & Equipment,MID,10867.2,54.2,54.2,0.5,no,finviz,,
ELF,e.l.f. Beauty,Consumer Staples,Personal Care Products,MID,4396.0,26.3,21.8,0.5,no,finviz,,
THG,Hanover Insurance,Financials,Property & Casualty Insurance,MID,7240.0,662.5,35.3,0.49,no,zacks,,
APLE,"Apple Hospitality REIT, Inc.",Real Estate,Hotel & Resort REITs,SMALL,3934.1,175.4,18.8,0.48,no,zacks,,
MYRG,"MYR Group, Inc.",Industrials,Construction & Engineering,SMALL,6469.6,118.4,30.3,0.47,no,barchart,,
PPC,Pilgrim's Pride,Consumer Staples,Packaged Foods & Meats,MID,6900.0,1082.4,31.0,0.45,no,finviz,,
DGII,Digi International Inc.,Information Technology,Communications Equipment,SMALL,2417.9,40.8,10.4,0.43,no,zacks,,
AROC,"Archrock, Inc.",Energy,Oil & Gas Equipment & Services,SMALL,6566.0,322.3,28.2,0.43,no,zacks,,
EZPW,"EZCORP, Inc.",Financials,Consumer Finance,SMALL,2017.2,109.6,8.6,0.43,no,zacks,,
APOG,"Apogee Enterprises, Inc.",Industrials,Building Products,SMALL,822.4,54.1,3.5,0.43,no,zacks,,
DT,Dynatrace,Information Technology,Application Software,MID,13022.2,162.7,52.5,0.4,no,finviz,,
ALRM,"Alarm.Com, Inc.",Financials,Application Software,SMALL,2591.7,53.5,10.2,0.39,no,zacks,,
DY,Dycom Industries,Industrials,Construction & Engineering,MID,12406.6,281.2,48.6,0.39,no,finviz,,
AGX,"Argan, Inc.",Industrials,Construction & Engineering,SMALL,8551.1,137.8,32.4,0.38,no,zacks,,
CDP,COPT Defense Properties,Real Estate,Office REITs,MID,8522.9,97.4,28.9,0.34,no,finviz,,
KGS,"Kodiak Gas Services, Inc.",Energy,Oil & Gas Equipment & Services,SMALL,6010.2,80.5,20.1,0.33,no,barchart,,
NPO,"EnPro Industries, Inc.",Industrials,Industrial Machinery & Supplies & Components,SMALL,6942.3,40.5,22.2,0.32,no,barchart,,
MSA,MSA Safety,Industrials,Office Services & Supplies,MID,6677.5,278.9,21.3,0.32,no,finviz,,
JXN,"Jackson Financial, Inc.",Financials,Life & Health Insurance,SMALL,8667.0,27.0,27.0,0.31,no,barchart,,
STRL,Sterling Infrastructure,Industrials,Construction & Engineering,MID,20505.3,290.2,62.6,0.31,no,zacks,,
RBC,RBC Bearings,Industrials,Industrial Machinery & Supplies & Components,MID,18360.0,287.6,54.7,0.3,no,finviz,,
CURB,Curbline Properties Corp.,Real Estate,Retail REITs,SMALL,3469.1,39.9,10.3,0.3,no,zacks,,
NOG,"Northern Oil and Gas, Inc.",Energy,Oil & Gas Exploration & Production,SMALL,2228.4,38.8,6.4,0.29,no,barchart,,
PECO,Phillips Edison & Company,Real Estate,Retail REITs,SMALL,5313.9,111.3,15.1,0.28,no,barchart,,
CUBE,CubeSmart,Real Estate,Industrial REITs,MID,9577.6,163.9,26.4,0.28,no,finviz,,
APG,APi Group,Industrials,Construction & Engineering,MID,17850.0,302.0,47.0,0.26,no,finviz,,
TXRH,Texas Roadhouse,Consumer Discretionary,Restaurants,MID,12498.0,269.8,31.3,0.25,no,zacks,,
TXNM,TXNM Energy,Utilities,Electric Utilities,MID,6303.8,79.9,15.6,0.25,no,zacks,,
GTLS,Chart Industries,Industrials,Industrial Machinery & Supplies & Components,MID,10050.0,40.7,24.0,0.24,no,finviz,,
AIR,AAR CORP.,Industrials,Aerospace & Defense,SMALL,5400.0,12.5,12.5,0.23,no,zacks,,
PFGC,Performance Food Group,Consumer Staples,Food Distributors,MID,17780.0,340.2,40.7,0.23,no,finviz,,
AGYS,"Agilysys, Inc.",Information Technology,Application Software,SMALL,3010.2,38.8,6.5,0.22,no,zacks,,
CVI,"CVR Energy, Inc.",Energy,Oil & Gas Refining & Marketing,SMALL,3270.0,27.0,7.0,0.21,no,zacks,,
REX,REX American Resources Corporation,Energy,Oil & Gas Refining & Marketing,SMALL,1511.7,60.9,3.0,0.2,no,barchart,,
GVA,"Granite Construction, Inc.",Industrials,Construction & Engineering,SMALL,5452.2,193.0,10.1,0.19,no,zacks,,
COCO,The Vita Coco Company,Consumer Staples,Soft Drinks & Non-alcoholic Beverages,SMALL,4262.3,71.3,7.8,0.18,no,zacks,,
PAHC,Phibro Animal Health,Health Care,Pharmaceuticals,SMALL,1359.6,48.3,2.4,0.18,no,barchart,,
THC,Tenet Health,Health Care,Health Care Facilities,MID,16570.0,1119.0,25.0,0.15,no,zacks,,
VSEC,VSE Corporation,Industrials,Aerospace & Defense,SMALL,5746.6,11.7,8.0,0.14,no,barchart,,
CWST,"Casella Waste Systems, Inc.",Industrials,Environmental & Facilities Services,SMALL,6152.6,7.9,7.9,0.13,no,zacks,,
MTRN,Materion Corp.,Materials,Diversified Metals & Mining,SMALL,5231.7,74.8,5.9,0.11,no,barchart,,
ANF,Abercrombie & Fitch,Consumer Discretionary,Apparel Retail,MID,4305.4,506.9,2.8,0.07,no,finviz,,
VICR,Vicor Corporation,Industrials,Electrical Components & Equipment,MID,11803.9,118.6,6.1,0.05,no,zacks,,
CALM,"Cal-Maine Foods, Inc.",Consumer Staples,Packaged Foods & Meats,SMALL,4118.4,1220.0,2.1,0.05,no,zacks,,
GSHD,"Goosehead Insurance, Inc.",Financials,Insurance Brokers,SMALL,1954.0,27.8,0.6,0.03,no,zacks,,
LSCC,Lattice Semiconductor,Information Technology,Semiconductors,MID,17148.5,3.1,3.1,0.02,no,finviz,,
AM,Antero Midstream,Energy,Oil & Gas Storage & Transportation,MID,11114.0,4.9,0.8,0.01,no,finviz,,
POWL,"Powell Industries, Inc.",Industrials,Electrical Components & Equipment,SMALL,8557.0,180.7,0.6,0.01,no,barchart,,
SPXC,SPX Technologies,Industrials,Industrial Machinery & Supplies & Components,MID,10890.0,244.0,0.2,0.0,no,zacks,,
NXT,Nextpower,Industrials,Electrical Components & Equipment,MID,,585.9,0.0,0.0,no,finviz,,
KNTK,"Kinetik Holdings, Inc.",Energy,Oil & Gas Storage & Transportation,SMALL,8460.4,178.3,-0.2,-0.0,no,barchart,,
ASTE,"Astec Industries, Inc.",Industrials,Construction Machinery & Heavy Transportation Equipment,SMALL,1300.0,38.8,-0.1,-0.01,no,zacks,,
PEN,"Penumbra, Inc.",Health Care,Health Care Equipment,MID,12557.4,177.7,-2.0,-0.02,no,finviz,,
ST,Sensata Technologies,Industrials,Electrical Components & Equipment,MID,6490.0,31.3,-3.9,-0.06,no,zacks,,
CTRE,CareTrust REIT,Real Estate,Health Care REITs,MID,9902.1,320.5,-7.5,-0.08,no,finviz,,
BRKR,Bruker,Health Care,Health Care Equipment,MID,9020.0,-8.6,-8.6,-0.1,no,finviz,,
BROS,Dutch Bros Inc.,Consumer Discretionary,Restaurants,MID,10787.8,79.8,-12.7,-0.12,no,finviz,,
CHEF,"Chefs' Warehouse, Inc.",Consumer Staples,Food Distributors,SMALL,3961.4,72.4,-4.9,-0.12,no,zacks,,
TTMI,TTM Technologies,Information Technology,Electronic Manufacturing Services,MID,14895.7,177.4,-18.7,-0.13,no,zacks,,
RMBS,Rambus,Information Technology,Semiconductors,MID,10962.3,230.5,-14.3,-0.13,no,finviz,,
MTUS,Metallus Inc,Materials,Steel,SMALL,819.7,-1.2,-1.2,-0.15,no,barchart,,
IRDM,Iridium Communications,Communication Services,Alternative Carriers,SMALL,5135.3,114.4,-9.3,-0.18,no,barchart,,
MTZ,MasTec,Industrials,Construction & Engineering,MID,26903.6,399.0,-49.9,-0.19,no,finviz,,
IVT,InvenTrust Properties,Real Estate,Retail REITs,SMALL,2774.0,111.4,-5.4,-0.19,no,barchart,,
DOCN,DigitalOcean,Information Technology,Internet Services & Infrastructure,MID,12208.2,259.3,-27.8,-0.23,no,finviz,,
MSGS,Madison Square Garden Sports Corp.,Communication Services,Movies & Entertainment,SMALL,9374.2,-22.4,-22.4,-0.24,no,barchart,,
MTSI,MACOM Technology Solutions,Information Technology,Semiconductors,MID,21016.1,-54.2,-54.2,-0.26,no,finviz,,
VIAV,Viavi Solutions,Information Technology,Communications Equipment,MID,9380.0,34.8,-25.8,-0.28,no,zacks,,
BJRI,"BJ's Restaurants, Inc.",Consumer Discretionary,Restaurants,SMALL,1267.9,48.8,-3.6,-0.28,no,zacks,,
RGEN,Repligen,Health Care,Biotechnology,MID,8375.4,48.9,-25.5,-0.3,no,finviz,,
FTI,TechnipFMC,Energy,Oil & Gas Equipment & Services,MID,28710.0,963.9,-107.2,-0.37,no,finviz,,
NSP,Insperity,Industrials,Human Resource & Employment Services,SMALL,1821.4,-7.0,-7.0,-0.38,no,barchart,,
RDNT,"RadNet, Inc.",Health Care,Health Care Services,SMALL,4841.3,-18.7,-18.7,-0.39,no,barchart,,
SARO,StandardAero,Industrials,Aerospace & Defense,MID,8859.8,277.4,-35.1,-0.4,no,finviz,,
UPBD,"Upbound Group, Inc.",Consumer Discretionary,Computer & Electronics Retail,SMALL,1285.3,73.2,-5.2,-0.4,no,barchart,,
RRX,Regal Rexnord,Industrials,Electrical Components & Equipment,MID,14110.0,279.5,-57.4,-0.41,no,finviz,,
KTOS,Kratos Defense & Security Solutions,Industrials,Aerospace & Defense,MID,8810.0,22.0,-36.9,-0.42,no,finviz,,
IRT,IRT Living,Real Estate,Multi-Family Residential REITs,MID,4093.6,56.6,-17.2,-0.42,no,finviz,,
VNOM,Viper Energy,Energy,Oil & Gas Storage & Transportation,MID,15550.0,-68.0,-68.0,-0.44,no,zacks,,
RSI,"Rush Street Interactive, Inc.",Consumer Discretionary,Casinos & Gaming,SMALL,7656.6,33.3,-38.6,-0.5,no,barchart,,
HQY,HealthEquity,Health Care,Managed Health Care,MID,8252.0,215.2,-44.3,-0.54,no,finviz,,
WERN,Werner Enterprises,Industrials,Cargo Ground Transportation,SMALL,2614.6,-14.4,-14.4,-0.55,no,barchart,,
BMRN,BioMarin Pharmaceutical,Health Care,Biotechnology,MID,11603.6,348.9,-64.1,-0.55,no,finviz,,
LGND,"Ligand Pharmaceuticals, Inc.",Health Care,Biotechnology,SMALL,5944.3,124.5,-33.4,-0.56,no,barchart,,
VSH,Vishay Intertechnology,Information Technology,Electronic Components,SMALL,5496.7,-9.0,-31.1,-0.57,no,barchart,,
CVLT,CommVault Systems,Information Technology,Systems Software,MID,6204.5,70.7,-35.8,-0.58,no,finviz,,
SHOO,"Steven Madden, Ltd.",Consumer Discretionary,Footwear,SMALL,3162.2,-18.4,-18.4,-0.58,no,barchart,,
KWR,Quaker Chemical Corporation,Materials,Specialty Chemicals,SMALL,2634.3,-2.5,-15.9,-0.6,no,barchart,,
ARMK,Aramark,Consumer Discretionary,Distributors,MID,14984.6,326.4,-90.8,-0.61,no,finviz,,
SITM,SiTime,Information Technology,Semiconductors,MID,14899.8,-42.9,-93.6,-0.63,no,finviz,,
P,Everpure,Information Technology,"Technology Hardware, Storage & Peripherals",MID,22736.5,188.2,-143.3,-0.63,no,finviz,,
CDE,Coeur Mining,Materials,Gold,MID,15238.2,585.9,-103.6,-0.68,no,finviz,,
AHR,American Healthcare REIT,Real Estate,Health Care REITs,MID,11809.7,69.8,-81.3,-0.69,no,finviz,,
VCEL,Vericel,Health Care,Biotechnology,SMALL,2384.6,16.5,-16.7,-0.7,no,barchart,,
LFUS,Littelfuse,Information Technology,Electronic Components,MID,10170.0,-71.7,-71.7,-0.71,no,finviz,,
JBTM,JBT Marel Corporation,Industrials,Industrial Machinery & Supplies & Components,SMALL,7005.2,-50.5,-50.5,-0.72,no,barchart,,
PINS,Pinterest,Communication Services,Interactive Home Entertainment,MID,12923.7,416.9,-96.0,-0.74,no,finviz,,
CAVA,Cava Group,Consumer Discretionary,Restaurants,MID,7931.7,63.7,-59.0,-0.74,no,finviz,,
MTX,Minerals Technologies,Materials,Specialty Chemicals,SMALL,2290.0,-18.4,-18.4,-0.8,no,barchart,,
SHAK,"Shake Shack, Inc.",Consumer Discretionary,Restaurants,SMALL,2563.4,45.7,-21.2,-0.83,no,barchart,,
ALGM,Allegro MicroSystems,Information Technology,Semiconductors,MID,8778.8,-14.9,-73.0,-0.83,no,finviz,,
CRS,Carpenter Technology,Industrials,Industrial Machinery & Supplies & Components,MID,27550.0,376.0,-229.6,-0.83,no,finviz,,
DMC,Del Monte Corporation,Consumer Staples,Packaged Foods & Meats,SMALL,1360.0,90.7,-11.4,-0.84,no,zacks,,
CHWY,Chewy,Consumer Discretionary,Other Specialty Retail,MID,8809.2,222.8,-75.2,-0.85,no,finviz,,
HL,Hecla Mining,Materials,Silver,MID,9738.0,321.7,-84.2,-0.86,no,finviz,,
VECO,Veeco Instruments Inc.,Information Technology,Semiconductor Materials & Equipment,SMALL,3480.1,35.4,-30.4,-0.87,no,barchart,,
YOU,"Clear Secure, Inc.",Information Technology,Application Software,SMALL,7289.0,109.2,-65.6,-0.9,no,barchart,,
ASH,Ashland Global,Materials,Diversified Chemicals,MID,3150.0,505.0,-29.0,-0.92,no,finviz,,
QRVO,Qorvo,Information Technology,Semiconductors,SMALL,7358.6,339.0,-70.3,-0.96,no,barchart,,
DOCU,Docusign,Information Technology,Application Software,MID,10194.8,309.1,-97.5,-0.96,no,finviz,,
OMCL,Omnicell,Health Care,Health Care Technology,SMALL,2132.4,2.1,-20.4,-0.96,no,barchart,,
KSS,Kohl's Corp.,Consumer Discretionary,Broadline Retail,SMALL,1939.1,272.0,-19.0,-0.98,no,barchart,,
BOX,"Box, Inc.",Information Technology,Application Software,SMALL,4224.2,115.4,-41.5,-0.98,no,zacks,,
DUOL,Duolingo,Consumer Discretionary,Education Services,MID,6006.5,414.1,-60.1,-1.0,no,finviz,,
PDFS,"PDF Solutions, Inc.",Information Technology,Semiconductor Materials & Equipment,SMALL,2134.2,-0.6,-21.5,-1.01,no,barchart,,
SYNA,Synaptics,Information Technology,Semiconductors,MID,4700.0,-47.8,-47.8,-1.02,no,zacks,,
LNTH,Lantheus Holdings,Health Care,Health Care Supplies,MID,6842.0,233.6,-71.3,-1.04,no,finviz,,
APPF,AppFolio,Information Technology,Application Software,MID,6418.2,140.9,-68.1,-1.06,no,finviz,,
MP,MP Materials,Materials,Diversified Metals & Mining,MID,8092.4,-85.9,-85.9,-1.06,no,finviz,,
WSC,WillScot Holdings Corp.,Industrials,Office Services & Supplies,SMALL,4929.2,-53.0,-53.0,-1.08,no,barchart,,
SCHL,Scholastic Corporation,Consumer Discretionary,Publishing,SMALL,1015.1,-1.9,-11.0,-1.08,no,barchart,,
CWK,Cushman & Wakefield plc,Real Estate,Real Estate Services,SMALL,3240.0,88.2,-35.4,-1.09,no,zacks,,
KALU,Kaiser Aluminum Corporation,Materials,Aluminum,SMALL,2659.5,112.5,-29.6,-1.11,no,barchart,,
BTSG,"BrightSpring Health Services, Inc.",Health Care,Health Care Services,SMALL,13469.7,190.7,-154.6,-1.15,no,zacks,,
PI,"Impinj, Inc.",Information Technology,Electronic Equipment & Instruments,SMALL,4405.1,-10.8,-51.3,-1.16,no,barchart,,
AZZ,"AZZ, Inc.",Industrials,Heavy Electrical Equipment,SMALL,4522.2,317.3,-53.0,-1.17,no,zacks,,
FOUR,Shift4,Financials,Transaction & Payment Processing Services,MID,4100.0,119.0,-48.2,-1.18,no,finviz,,
CROX,Crocs,Consumer Discretionary,Footwear,MID,6900.2,-81.2,-81.2,-1.18,no,finviz,,
CALX,Calix,Information Technology,Application Software,SMALL,2516.0,17.9,-29.7,-1.18,no,zacks,,
WAY,Waystar Holding Corp,Health Care,Health Care Technology,SMALL,4356.0,112.1,-51.5,-1.18,no,barchart,,
SEZL,Sezzle,Financials,Transaction & Payment Processing Services,SMALL,6343.0,133.1,-75.2,-1.19,no,barchart,,
VTOL,Bristow Group Inc.,Energy,Oil & Gas Equipment & Services,SMALL,1299.9,129.1,-15.8,-1.22,no,barchart,,
KLIC,"Kulicke and Soffa Industries, Inc.",Information Technology,Semiconductor Materials & Equipment,SMALL,5621.1,0.2,-69.0,-1.23,no,barchart,,
H,Hyatt,Consumer Discretionary,"Hotels, Resorts & Cruise Lines",MID,17770.0,-52.0,-222.0,-1.25,no,finviz,,
KRG,Kite Realty Group Trust,Real Estate,Retail REITs,MID,5989.6,298.7,-80.8,-1.35,no,finviz,,
KRYS,"Krystal Biotech, Inc.",Health Care,Biotechnology,SMALL,10326.9,204.8,-140.0,-1.36,no,barchart,,
TRU,TransUnion,Industrials,Research & Consulting Services,MID,14960.0,455.4,-206.2,-1.38,no,zacks,,
HIMS,Hims & Hers Health,Health Care,Health Care Services,MID,7803.0,128.4,-107.7,-1.38,no,finviz,,
SUPN,"Supernus Pharmaceuticals, Inc.",Health Care,Pharmaceuticals,SMALL,2766.7,-38.5,-38.5,-1.39,no,barchart,,
FG,"F&G Annuities & Life, Inc.",Financials,Life & Health Insurance,SMALL,4120.0,265.0,-58.0,-1.41,no,zacks,,
PAYO,Payoneer Global Inc.,Financials,Transaction & Payment Processing Services,SMALL,2381.2,73.2,-34.0,-1.43,no,barchart,,
MUR,Murphy Oil,Energy,Oil & Gas Exploration & Production,MID,5082.5,104.2,-73.7,-1.45,no,finviz,,
GWRE,Guidewire Software,Information Technology,Application Software,MID,12397.9,69.8,-180.4,-1.46,no,finviz,,
PTGX,"Protagonist Therapeutics, Inc.",Health Care,Biotechnology,SMALL,8708.3,-130.1,-130.1,-1.49,no,barchart,,
LAZ,Lazard,Financials,Diversified Capital Markets,SMALL,5030.7,236.8,-75.5,-1.5,no,barchart,,
CSR,Centerspace Trust,Real Estate,Multi-Family Residential REITs,SMALL,926.8,17.1,-14.1,-1.52,no,zacks,,
VCYT,"Veracyte, Inc.",Health Care,Health Care Services,SMALL,4750.8,66.4,-75.6,-1.59,no,barchart,,
SON,Sonoco,Materials,Paper & Plastic Packaging Products & Materials,MID,5311.4,1003.0,-85.5,-1.61,no,zacks,,
ICHR,"Ichor Holdings, Ltd.",Information Technology,Semiconductor Materials & Equipment,SMALL,3251.2,-52.8,-52.8,-1.62,no,zacks,,
CXW,CoreCivic,Industrials,Diversified Support Services,SMALL,3070.2,122.3,-51.9,-1.69,no,zacks,,
TMDX,"TransMedics Group, Inc.",Health Care,Health Care Equipment,SMALL,2604.3,190.3,-44.2,-1.7,no,barchart,,
TLN,Talen Energy,Utilities,Independent Power Producers & Energy Traders,MID,19160.0,-219.0,-341.0,-1.78,no,zacks,,
ALKS,Alkermes plc,Health Care,Pharmaceuticals,SMALL,8661.8,241.7,-158.3,-1.83,no,zacks,,
LQDA,Liquidia Corporation,Health Care,Pharmaceuticals,SMALL,6914.6,-68.9,-128.3,-1.86,no,barchart,,
NABL,"N-able, Inc.",Information Technology,Systems Software,SMALL,893.1,-17.0,-17.0,-1.9,no,barchart,,
TRUP,Trupanion,Financials,Life & Health Insurance,SMALL,1112.2,-21.2,-21.2,-1.91,no,barchart,,
VSTS,Vestis,Industrials,Diversified Support Services,SMALL,2047.8,-40.2,-40.2,-1.96,no,barchart,,
LIF,Life360,Information Technology,Application Software,SMALL,4500.7,150.8,-91.6,-2.04,no,barchart,,
GKOS,Glaukos Corp.,Health Care,Health Care Equipment,SMALL,9210.4,-187.7,-187.7,-2.04,no,zacks,,
DEI,Douglas Emmett,Real Estate,Office REITs,SMALL,2089.7,16.3,-42.7,-2.04,no,zacks,,
COLL,"Collegium Pharmaceutical, Inc.",Health Care,Pharmaceuticals,SMALL,1189.9,62.9,-25.0,-2.1,no,zacks,,
EXTR,"Extreme Networks, Inc.",Information Technology,Communications Equipment,SMALL,3991.7,-7.5,-86.0,-2.15,no,zacks,,
FRPT,Freshpet,Consumer Staples,Packaged Foods & Meats,SMALL,2760.3,139.1,-59.5,-2.16,no,zacks,,
ITRI,"Itron, Inc.",Information Technology,Electronic Equipment & Instruments,SMALL,3726.1,301.1,-81.3,-2.18,no,barchart,,
PARR,"Par Pacific Holdings, Inc.",Energy,Oil & Gas Refining & Marketing,SMALL,3671.2,369.4,-81.3,-2.21,no,barchart,,
MRCY,Mercury Systems,Industrials,Electrical Components & Equipment,SMALL,6180.8,-37.9,-137.6,-2.23,no,barchart,,
SBRA,Sabra Health CareREIT,Real Estate,Health Care REITs,MID,5082.0,155.6,-113.3,-2.23,no,finviz,,
RELY,Remitly,Financials,Transaction & Payment Processing Services,SMALL,5253.8,67.9,-117.8,-2.24,no,barchart,,
DAVE,"Dave, Inc.",Financials,Consumer Finance,SMALL,5569.7,195.9,-128.9,-2.31,no,zacks,,
JAZZ,Jazz Pharmaceuticals,Health Care,Pharmaceuticals,MID,15208.0,-356.1,-356.1,-2.34,no,finviz,,
UFCS,"United Fire Group, Inc.",Financials,Property & Casualty Insurance,SMALL,1256.9,118.2,-29.7,-2.36,no,barchart,,
CELH,Celsius Holdings,Consumer Staples,Soft Drinks & Non-alcoholic Beverages,MID,7660.7,108.0,-187.3,-2.44,no,finviz,,
CTS,CTS Corporation,Information Technology,Electronic Manufacturing Services,SMALL,1701.4,65.3,-41.9,-2.46,no,zacks,,
ROG,Rogers Corporation,Information Technology,Electronic Components,SMALL,2470.1,-61.8,-61.8,-2.5,no,barchart,,
INDV,Indivior,Health Care,Pharmaceuticals,SMALL,4990.0,210.0,-126.0,-2.53,no,zacks,,
MLKN,"MillerKnoll, Inc.",Industrials,Office Services & Supplies,SMALL,1453.0,-36.9,-36.9,-2.54,no,barchart,,
OSW,OneSpaWorld Holdings Limited,Consumer Discretionary,Leisure Facilities,SMALL,2682.5,71.6,-68.5,-2.55,no,barchart,,
BC,Brunswick,Consumer Discretionary,Leisure Products,MID,5330.0,-137.3,-137.3,-2.58,no,finviz,,
AORT,Artivion,Health Care,Health Care Equipment,SMALL,1180.4,9.8,-30.7,-2.6,no,zacks,,
ANIP,"ANI Pharmaceuticals, Inc.",Health Care,Pharmaceuticals,SMALL,1840.2,78.3,-47.9,-2.6,no,zacks,,
HCI,"HCI Group, Inc.",Financials,Property & Casualty Insurance,SMALL,2219.6,299.0,-58.5,-2.64,no,zacks,,
SLAB,Silicon Labs,Information Technology,Semiconductors,MID,7199.6,-64.9,-191.0,-2.65,no,finviz,,
DCH,Dauch Corporation,Consumer Discretionary,Automotive Parts & Equipment,SMALL,1260.0,-19.7,-33.6,-2.67,no,zacks,,
AIN,Albany International Corp.,Industrials,Industrial Machinery & Supplies & Components,SMALL,2108.5,-57.3,-57.3,-2.72,no,zacks,,
GAP,Gap Inc.,Consumer Discretionary,Apparel Retail,MID,7380.0,816.0,-202.0,-2.74,no,finviz,,
AR,Antero Resources,Energy,Oil & Gas Exploration & Production,MID,10331.1,675.8,-285.1,-2.76,no,finviz,,
AESI,"Atlas Energy Solutions, Inc.",Energy,Oil & Gas Equipment & Services,SMALL,1789.9,-50.3,-50.3,-2.81,no,zacks,,
GNL,"Global Net Lease, Inc.",Real Estate,Diversified REITs,SMALL,1890.2,47.1,-53.6,-2.84,no,zacks,,
COHU,"Cohu, Inc.",Information Technology,Semiconductor Materials & Equipment,SMALL,2600.9,-74.3,-74.3,-2.86,no,zacks,,
MMI,"Marcus & Millichap, Inc.",Real Estate,Real Estate Services,SMALL,1177.7,-1.9,-34.0,-2.89,no,barchart,,
ICUI,ICU Medical,Health Care,Health Care Supplies,SMALL,3950.4,0.7,-117.7,-2.98,no,zacks,,
UNIT,Uniti Group,Communication Services,Alternative Carriers,SMALL,2717.1,1304.7,-81.7,-3.01,no,barchart,,
AGNT,"eXp World Holdings, Inc.",Real Estate,Real Estate Services,SMALL,748.9,-22.7,-22.7,-3.03,no,zacks,,
INSW,"International Seaways, Inc.",Energy,Oil & Gas Storage & Transportation,SMALL,4388.9,309.3,-133.5,-3.04,no,barchart,,
HLIT,Harmonic Inc.,Information Technology,Communications Equipment,SMALL,1409.7,-43.3,-43.3,-3.07,no,zacks,,
SWX,Southwest Gas Corp,Utilities,Gas Utilities,MID,6600.3,439.8,-203.3,-3.08,no,zacks,,
MXL,"MaxLinear, Inc.",Information Technology,Semiconductors,SMALL,7955.3,-136.7,-245.2,-3.08,no,barchart,,
INSP,"Inspire Medical Systems, Inc.",Health Care,Health Care Equipment,SMALL,1455.7,145.4,-44.9,-3.08,no,barchart,,
AMR,"Alpha Metallurgical Resources, Inc.",Materials,Steel,SMALL,1940.4,-61.7,-61.7,-3.18,no,zacks,,
KEX,Kirby Corporation,Industrials,Marine Transportation,MID,7671.4,354.6,-247.0,-3.22,no,finviz,,
OKTA,"Okta, Inc.",Information Technology,Application Software,MID,25680.0,235.0,-848.0,-3.3,no,finviz,,
ROKU,"Roku, Inc.",Communication Services,Movies & Entertainment,MID,21331.2,88.4,-709.6,-3.33,no,finviz,,
ROCK,"Gibraltar Industries, Inc.",Industrials,Building Products,SMALL,1311.6,-44.4,-44.4,-3.39,no,barchart,,
ESI,Element Solutions,Materials,Specialty Chemicals,SMALL,9520.0,190.8,-324.4,-3.41,no,zacks,,
CRGY,Crescent Energy Company,Energy,Oil & Gas Exploration & Production,SMALL,3359.9,132.9,-114.6,-3.41,no,zacks,,
QTWO,"Q2 Holdings, Inc.",Information Technology,Application Software,SMALL,3292.7,52.0,-112.7,-3.42,no,barchart,,
TDW,"Tidewater, Inc.",Energy,Oil & Gas Equipment & Services,SMALL,3724.3,334.7,-129.0,-3.46,no,barchart,,
AVAV,AeroVironment,Industrials,Aerospace & Defense,MID,7559.4,-265.1,-265.1,-3.51,no,finviz,,
CNR,"Core Natural Resources, Inc.",Energy,Coal & Consumable Fuels,SMALL,4349.5,-153.2,-153.2,-3.52,no,zacks,,
OPLN,"OPENLANE, Inc.",Industrials,Diversified Support Services,SMALL,4360.7,177.7,-154.1,-3.53,no,barchart,,
ADMA,"ADMA Biologics, Inc.",Health Care,Biotechnology,SMALL,2008.7,146.9,-71.6,-3.56,no,zacks,,
NOV,NOV Inc.,Energy,Oil & Gas Equipment & Services,MID,6990.0,145.0,-250.0,-3.58,no,finviz,,
DNOW,NOW Inc,Industrials,Trading Companies & Distributors,SMALL,2480.0,-89.0,-89.0,-3.59,no,zacks,,
PBH,Prestige Consumer Healthcare,Health Care,Pharmaceuticals,SMALL,2290.7,190.3,-82.3,-3.59,no,barchart,,
SONO,"Sonos, Inc.",Consumer Discretionary,Consumer Electronics,SMALL,1642.8,-61.1,-61.1,-3.72,no,barchart,,
MAC,Macerich,Real Estate,Retail REITs,SMALL,7138.1,-197.1,-274.1,-3.84,no,barchart,,
CENX,Century Aluminum Company,Materials,Aluminum,SMALL,4350.0,41.8,-167.1,-3.84,no,zacks,,
GME,GameStop,Consumer Discretionary,Computer & Electronics Retail,MID,9840.0,418.4,-381.3,-3.88,no,finviz,,
TWLO,Twilio,Information Technology,Systems Software,MID,32108.8,33.8,-1256.1,-3.91,no,zacks,,
SPHR,Sphere Entertainment,Communication Services,Movies & Entertainment,SMALL,5090.5,33.4,-200.6,-3.94,no,barchart,,
UCTT,"Ultra Clean Holdings, Inc.",Information Technology,Semiconductor Materials & Equipment,SMALL,4577.4,-181.2,-181.2,-3.96,no,barchart,,
EYE,National Vision Holdings,Consumer Discretionary,Specialty Stores,SMALL,1650.0,29.6,-65.9,-3.99,no,zacks,,
CLSK,"CleanSpark, Inc.",Information Technology,Internet Services & Infrastructure,SMALL,3630.6,364.5,-145.8,-4.02,no,zacks,,
UNFI,United Natural Foods Inc,Consumer Staples,Food Retail,SMALL,2936.4,-118.0,-118.0,-4.02,no,barchart,,
OLN,Olin Corporation,Materials,Diversified Chemicals,MID,2510.0,-101.1,-101.1,-4.03,no,finviz,,
TGTX,"TG Therapeutics, Inc.",Health Care,Biotechnology,SMALL,8635.4,447.2,-348.1,-4.03,no,barchart,,
ARLO,Arlo Technologies,Information Technology,Communications Equipment,SMALL,1389.4,14.9,-56.6,-4.07,no,zacks,,
HZO,"MarineMax, Inc.",Consumer Discretionary,Specialty Stores,SMALL,765.4,-31.6,-31.6,-4.13,no,zacks,,
IPGP,IPG Photonics,Information Technology,Electronic Manufacturing Services,MID,4389.4,31.1,-181.5,-4.13,no,finviz,,
ROIV,Roivant Sciences,Health Care,Biotechnology,MID,24399.3,-299.8,-1009.0,-4.14,no,finviz,,
CCK,Crown Holdings,Materials,Paper & Plastic Packaging Products & Materials,MID,13080.0,738.0,-560.0,-4.28,no,finviz,,
LBRT,"Liberty Energy, Inc.",Energy,Oil & Gas Equipment & Services,SMALL,4100.0,147.9,-179.2,-4.37,no,barchart,,
NATL,NCR Atleos,Financials,Transaction & Payment Processing Services,SMALL,3409.5,162.0,-150.0,-4.4,no,barchart,,
MIDD,Middleby,Industrials,Industrial Machinery & Supplies & Components,MID,6249.3,-277.7,-277.7,-4.44,no,finviz,,
SHC,Sotera Health,Health Care,Health Care Services,MID,5210.7,77.9,-233.6,-4.48,no,finviz,,
OC,Owens Corning,Industrials,Building Products,MID,11640.0,-522.0,-522.0,-4.48,no,finviz,,
ALHC,"Alignment Healthcare, Inc.",Health Care,Health Care Services,SMALL,4330.3,-0.7,-195.3,-4.51,no,zacks,,
GFF,Griffon Corporation,Industrials,Building Products,SMALL,4200.9,51.1,-191.6,-4.56,no,zacks,,
VNO,Vornado Realty Trust,Real Estate,Office REITs,MID,7500.0,905.0,-346.5,-4.62,no,zacks,,
SAFE,"Safehold, Inc.",Real Estate,Other Specialized REITs,SMALL,1190.0,114.5,-55.0,-4.62,no,barchart,,
HTLD,"Heartland Express, Inc.",Industrials,Cargo Ground Transportation,SMALL,1131.0,-52.5,-52.5,-4.64,no,zacks,,
MD,Pediatrix Medical Group,Health Care,Health Care Services,SMALL,2126.0,165.4,-99.1,-4.66,no,barchart,,
NXRT,"NexPoint Residential Trust, Inc.",Real Estate,Multi-Family Residential REITs,SMALL,684.4,-32.0,-32.0,-4.68,no,barchart,,
WRBY,Warby Parker,Consumer Discretionary,"Apparel, Accessories & Luxury Goods",SMALL,2989.6,1.6,-144.3,-4.83,no,barchart,,
ACAD,Acadia Pharmaceuticals,Health Care,Pharmaceuticals,SMALL,4440.5,391.0,-216.0,-4.86,no,zacks,,
SHEN,Shenandoah Telecommunications Co,Communication Services,Wireless Telecommunication Services,SMALL,674.6,-32.9,-32.9,-4.88,no,barchart,,
AMRX,Amneal Pharmaceuticals,Health Care,Pharmaceuticals,SMALL,5490.3,72.1,-270.6,-4.93,no,zacks,,
EFC,"Ellington Financial, Inc.",Financials,Specialized Finance,SMALL,1719.2,118.7,-85.3,-4.96,no,zacks,,
PENG,"Penguin Solutions, Inc.",Information Technology,Semiconductors,SMALL,3732.5,25.4,-187.5,-5.02,no,barchart,,
CERT,"Certara, Inc.",Health Care,Health Care Technology,SMALL,1100.9,-1.6,-55.4,-5.03,no,zacks,,
AGCO,AGCO,Industrials,Agricultural & Farm Machinery,MID,8350.0,726.5,-424.8,-5.09,no,finviz,,
RAMP,"LiveRamp Holdings, Inc.",Information Technology,Application Software,SMALL,2295.2,146.0,-118.7,-5.17,no,barchart,,
AA,Alcoa,Materials,Aluminum,MID,12360.0,1157.0,-651.0,-5.27,no,finviz,,
PRVA,"Privia Health Group, Inc.",Health Care,Health Care Services,SMALL,3540.4,22.9,-188.2,-5.32,no,barchart,,
LIVN,LivaNova,Health Care,Health Care Equipment,MID,4490.5,-242.5,-242.5,-5.4,no,finviz,,
MRP,"Millrose Properties, Inc.",Real Estate,Single-Family Residential REITs,SMALL,4433.7,379.9,-246.2,-5.55,no,barchart,,
PRLB,Protolabs,Industrials,Industrial Machinery & Supplies & Components,SMALL,1836.6,21.2,-103.5,-5.64,no,barchart,,
STAA,STAAR Surgical Company,Health Care,Health Care Equipment,SMALL,1418.1,-80.4,-80.4,-5.67,no,barchart,,
KBR,"KBR, Inc.",Industrials,Diversified Support Services,MID,4590.0,415.0,-265.0,-5.77,no,finviz,,
ARWR,Arrowhead Pharmaceuticals,Health Care,Biotechnology,MID,10050.1,-1.6,-599.5,-5.97,no,finviz,,
AMTM,Amentum,Industrials,Diversified Support Services,SMALL,5070.0,66.0,-314.0,-6.19,no,zacks,,
LTH,"Life Time Group Holdings, Inc.",Consumer Discretionary,Leisure Facilities,SMALL,9349.8,373.7,-579.4,-6.2,no,barchart,,
CNMD,CONMED Corporation,Health Care,Health Care Equipment,SMALL,1290.3,47.1,-80.6,-6.25,no,zacks,,
PEGA,Pegasystems,Information Technology,Application Software,MID,5500.3,393.4,-345.6,-6.28,no,finviz,,
HLX,"Helix Energy Solutions Group, Inc.",Energy,Oil & Gas Equipment & Services,SMALL,1390.3,30.8,-87.8,-6.32,no,zacks,,
FLR,Fluor,Industrials,Construction & Engineering,MID,6920.0,-51.0,-440.0,-6.36,no,finviz,,
RXO,"RXO, Inc.",Industrials,Cargo Ground Transportation,SMALL,4464.4,-100.0,-290.0,-6.5,no,barchart,,
PRSU,"Pursuit Attractions & Hospitality, Inc.",Consumer Discretionary,"Hotels, Resorts & Cruise Lines",SMALL,1426.4,22.7,-92.7,-6.5,no,barchart,,
MHK,Mohawk Industries,Consumer Discretionary,Home Furnishings,SMALL,6796.9,369.9,-449.0,-6.61,no,barchart,,
BL,"BlackLine Systems, Inc.",Information Technology,Application Software,SMALL,1730.6,24.5,-115.2,-6.66,no,zacks,,
CRK,"Comstock Resources, Inc.",Energy,Oil & Gas Exploration & Production,SMALL,3839.6,395.6,-259.2,-6.75,no,zacks,,
MIR,"Mirion Technologies, Inc.",Information Technology,Electronic Equipment & Instruments,SMALL,4089.4,28.8,-276.9,-6.77,no,barchart,,
QNST,"QuinStreet, Inc.",Communication Services,Interactive Media & Services,SMALL,1008.7,-31.3,-68.9,-6.83,no,barchart,,
NTNX,Nutanix,Information Technology,Systems Software,MID,15100.2,188.4,-1035.6,-6.86,no,finviz,,
ADT,ADT Inc.,Consumer Discretionary,Specialized Consumer Services,SMALL,4959.7,596.0,-340.8,-6.87,no,zacks,,
AVTR,Avantor,Health Care,Life Sciences Tools & Services,MID,7690.0,-530.2,-530.2,-6.89,no,finviz,,
BXMT,"Blackstone Mortgage Trust, Inc.",Financials,Mortgage REITs,SMALL,2890.2,109.6,-204.1,-7.06,no,zacks,,
LFST,Lifestance Health,Health Care,Health Care Services,SMALL,4254.6,9.7,-307.2,-7.22,no,barchart,,
INVX,"Innovex International, Inc.",Energy,Oil & Gas Equipment & Services,SMALL,1779.6,83.3,-128.5,-7.22,no,barchart,,
OUT,Outfront Media,Real Estate,Other Specialized REITs,SMALL,5864.7,147.0,-425.2,-7.25,no,barchart,,
BILL,Bill Holdings,Information Technology,Application Software,MID,4450.5,23.8,-326.4,-7.33,no,finviz,,
PBF,PBF Energy,Energy,Oil & Gas Refining & Marketing,MID,7210.0,-158.5,-533.8,-7.4,no,finviz,,
XHR,"Xenia Hotels & Resorts, Inc.",Real Estate,Hotel & Resort REITs,SMALL,1900.0,63.1,-143.5,-7.55,no,barchart,,
NEO,"NeoGenomics Laboratories, Inc.",Health Care,Health Care Services,SMALL,1887.4,-108.0,-144.2,-7.64,no,barchart,,
WFRD,Weatherford International,Energy,Oil & Gas Equipment & Services,MID,5870.0,431.0,-450.0,-7.67,no,zacks,,
DRH,DiamondRock Hospitality Company,Real Estate,Hotel & Resort REITs,SMALL,2520.2,101.4,-194.6,-7.72,no,zacks,,
CYTK,Cytokinetics,Health Care,Biotechnology,MID,10000.6,-785.0,-785.0,-7.85,no,finviz,,
UPWK,"Upwork, Inc.",Industrials,Human Resource & Employment Services,SMALL,1141.5,115.4,-89.9,-7.88,no,barchart,,
RNR,RenaissanceRe,Financials,Reinsurance,MID,13440.0,2682.3,-1061.2,-7.9,no,finviz,,
WLY,John Wiley & Sons,Communication Services,Publishing,SMALL,2512.9,221.6,-200.3,-7.97,no,barchart,,
DAN,Dana Incorporated,Consumer Discretionary,Automotive Parts & Equipment,SMALL,3000.0,85.0,-242.0,-8.07,no,zacks,,
LZ,"LegalZoom.com, Inc.",Industrials,Research & Consulting Services,SMALL,1339.3,15.4,-108.7,-8.12,no,barchart,,
MKSI,MKS Instruments,Information Technology,Semiconductor Materials & Equipment,MID,22420.0,295.0,-1841.0,-8.21,no,finviz,,
CXM,"Sprinklr, Inc.",Information Technology,Application Software,SMALL,1350.4,22.9,-111.5,-8.26,no,zacks,,
CRSR,Corsair Gaming,Information Technology,"Technology Hardware, Storage & Peripherals",SMALL,1010.2,-16.2,-85.2,-8.43,no,zacks,,
PATH,UiPath,Information Technology,Systems Software,MID,6230.2,282.3,-525.6,-8.44,no,finviz,,
ETSY,Etsy,Consumer Discretionary,Broadline Retail,SMALL,8140.1,163.0,-694.3,-8.53,no,zacks,,
PMT,PennyMac Mortgage Investment Trust,Real Estate,Mortgage REITs,SMALL,857.3,127.9,-73.3,-8.55,no,barchart,,
PEB,Pebblebrook Hotel Trust,Real Estate,Hotel & Resort REITs,SMALL,2134.1,-65.8,-184.9,-8.66,no,barchart,,
SMTC,Semtech,Information Technology,Semiconductors,MID,12599.7,-40.4,-1092.0,-8.67,no,zacks,,
TRIP,TripAdvisor,Communication Services,Interactive Media & Services,SMALL,1698.9,40.0,-148.0,-8.71,no,barchart,,
MCY,Mercury General,Financials,Property & Casualty Insurance,SMALL,5830.6,541.1,-512.7,-8.79,no,barchart,,
HR,Healthcare Realty Trust,Real Estate,Health Care REITs,MID,7380.2,-246.1,-654.5,-8.87,no,finviz,,
GIII,"G-III Apparel Group, Ltd.",Consumer Discretionary,"Apparel, Accessories & Luxury Goods",SMALL,1490.4,67.4,-133.1,-8.93,no,zacks,,
OI,"O-I Glass, Inc.",Materials,"Metal, Glass & Plastic Containers",SMALL,1439.5,-129.0,-129.0,-8.96,no,barchart,,
VAC,Marriott Vacations Worldwide,Consumer Discretionary,"Hotels, Resorts & Cruise Lines",SMALL,3421.2,-308.0,-308.0,-9.0,no,barchart,,
AOSL,"Alpha and Omega Semiconductor, Ltd.",Information Technology,Semiconductors,SMALL,1060.3,-97.0,-97.0,-9.15,no,zacks,,
ELAN,Elanco,Health Care,Pharmaceuticals,MID,12960.0,-232.0,-1231.0,-9.5,no,finviz,,
NLY,Annaly Capital Management,Financials,Mortgage REITs,MID,17160.3,2027.3,-1643.2,-9.58,no,finviz,,
PTCT,"PTC Therapeutics, Inc.",Health Care,Pharmaceuticals,SMALL,6539.7,682.6,-626.6,-9.58,no,barchart,,
LNC,Lincoln Financial,Financials,Multi-line Insurance,SMALL,7832.1,1177.0,-752.0,-9.6,no,barchart,,
ADEA,"Adeia, Inc.",Information Technology,IT Consulting & Other Services,SMALL,3050.2,111.1,-295.9,-9.7,no,zacks,,
HP,"Helmerich & Payne, Inc.",Energy,Oil & Gas Drilling,SMALL,3339.5,-163.7,-326.1,-9.76,no,zacks,,
REZI,"Resideo Technologies, Inc.",Industrials,Trading Companies & Distributors,SMALL,5374.1,-527.0,-527.0,-9.81,no,barchart,,
BLFS,"BioLife Solutions, Inc.",Health Care,Health Care Supplies,SMALL,1419.9,-4.6,-139.8,-9.85,no,zacks,,
PCRX,"Pacira BioSciences, Inc.",Health Care,Pharmaceuticals,SMALL,997.1,7.0,-99.6,-9.99,no,barchart,,
RCUS,"Arcus Biosciences, Inc.",Health Care,Biotechnology,SMALL,3524.2,-353.0,-353.0,-10.02,no,barchart,,
NAVI,Navient,Financials,Consumer Finance,SMALL,796.1,-80.0,-80.0,-10.05,no,barchart,,
EQH,Equitable Holdings,Financials,Diversified Financial Services,MID,13370.0,-1380.0,-1380.0,-10.32,no,finviz,,
MTCH,Match Group,Communication Services,Interactive Media & Services,SMALL,9356.1,99.4,-978.8,-10.46,no,barchart,,
CNX,CNX Resources,Energy,Oil & Gas Exploration & Production,MID,4729.6,633.2,-498.6,-10.54,no,finviz,,
AAP,"Advance Auto Parts, Inc.",Consumer Discretionary,Automotive Retail,SMALL,3150.0,44.0,-336.0,-10.67,no,zacks,,
ARR,Armour Residential REIT,Real Estate,Mortgage REITs,SMALL,2149.7,322.7,-229.9,-10.69,no,zacks,,
ECPG,"Encore Capital Group, Inc.",Financials,Consumer Finance,SMALL,1930.1,256.8,-206.5,-10.7,no,zacks,,
SMG,Scotts Miracle-Gro Company,Materials,Fertilizers & Agricultural Chemicals,MID,3960.0,145.2,-437.5,-11.05,no,zacks,,
PII,Polaris,Consumer Discretionary,Leisure Products,MID,4200.0,-465.5,-465.5,-11.08,no,finviz,,
VSAT,"Viasat, Inc.",Information Technology,Communications Equipment,SMALL,9619.9,-34.1,-1068.9,-11.11,no,barchart,,
AMN,"Amn Healthcare Services, Inc.",Health Care,Health Care Services,SMALL,1250.2,-95.7,-147.0,-11.76,no,zacks,,
MATW,Matthews International Corporation,Consumer Discretionary,Specialized Consumer Services,SMALL,833.9,-24.5,-99.8,-11.97,no,barchart,,
ALGT,Allegiant Travel Company,Industrials,Passenger Airlines,SMALL,1989.7,-44.7,-240.2,-12.07,no,zacks,,
CNK,"Cinemark Holdings, Inc.",Communication Services,Movies & Entertainment,SMALL,3480.0,138.2,-422.8,-12.15,no,zacks,,
NTCT,"NETSCOUT Systems, Inc.",Information Technology,Communications Equipment,SMALL,2996.2,95.5,-366.9,-12.25,no,barchart,,
WWW,"Wolverine World Wide, Inc.",Consumer Discretionary,Footwear,SMALL,1487.3,95.8,-188.3,-12.66,no,barchart,,
TDS,"Telephone and Data Systems, Inc.",Communication Services,Integrated Telecommunication Services,SMALL,3878.2,-6.2,-500.0,-12.89,no,barchart,,
AZTA,"Azenta, Inc.",Health Care,Life Sciences Tools & Services,SMALL,1230.0,-55.8,-164.9,-13.41,no,zacks,,
SPNT,SiriusPoint Ltd.,Financials,Reinsurance,SMALL,2848.0,459.6,-386.8,-13.58,no,barchart,,
CC,Chemours,Materials,Diversified Chemicals,SMALL,2780.0,-386.0,-386.0,-13.88,no,zacks,,
KN,Knowles Corporation,Information Technology,Electronic Components,SMALL,3078.5,44.2,-430.1,-13.97,no,barchart,,
VFC,VF Corporation,Consumer Discretionary,"Apparel, Accessories & Luxury Goods",MID,6760.1,254.9,-968.9,-14.33,no,zacks,,
CART,Maplebear Inc.,Consumer Staples,Food Retail,MID,10870.0,447.0,-1622.0,-14.92,no,finviz,,
WLK,Westlake Corporation,Materials,Specialty Chemicals,MID,9870.0,-1508.0,-1508.0,-15.28,no,zacks,,
ILMN,"Illumina, Inc.",Health Care,Life Sciences Tools & Services,MID,28780.0,850.0,-4404.0,-15.3,no,finviz,,
TFX,Teleflex,Health Care,Health Care Equipment,SMALL,5832.3,-905.6,-905.6,-15.53,no,barchart,,
SLG,SL Green Realty,Real Estate,Office REITs,SMALL,3628.0,-96.9,-564.6,-15.56,no,barchart,,
SDGR,"Schrödinger, Inc.",Health Care,Health Care Services,SMALL,1201.0,-103.3,-187.1,-15.58,no,barchart,,
PK,Park Hotels & Resorts,Real Estate,Hotel & Resort REITs,MID,2940.0,-283.0,-459.0,-15.61,no,finviz,,
PBI,"Pitney Bowes, Inc.",Industrials,Office Services & Supplies,SMALL,2463.5,144.7,-385.6,-15.65,no,barchart,,
SIRI,SiriusXM,Communication Services,Broadcasting,MID,10510.0,805.0,-1665.0,-15.84,no,finviz,,
RAL,Ralliant Corp,Information Technology,Electronic Equipment & Instruments,SMALL,7558.8,-1222.5,-1222.5,-16.17,no,barchart,,
ENR,Energizer,Consumer Staples,Household Products,SMALL,1420.0,239.0,-231.5,-16.3,no,zacks,,
JBGS,JBG Smith,Real Estate,Office REITs,SMALL,864.9,-139.1,-143.5,-16.59,no,barchart,,
CZR,Caesars Entertainment,Consumer Discretionary,Casinos & Gaming,SMALL,6140.0,-502.0,-1019.0,-16.6,no,zacks,,
NGVT,"Ingevity, Corp.",Materials,Specialty Chemicals,SMALL,2590.9,-167.1,-430.3,-16.61,no,barchart,,
UAA,Under Armour(Class A),Consumer Discretionary,"Apparel, Accessories & Luxury Goods",SMALL,2920.1,-495.6,-495.6,-16.97,no,barchart,,
UA,Under Armour(Class C),Consumer Discretionary,"Apparel, Accessories & Luxury Goods",SMALL,2856.1,-495.6,-495.6,-17.35,no,barchart,,
COTY,Coty,Consumer Staples,Personal Care Products,SMALL,2090.0,-367.9,-367.9,-17.6,no,zacks,,
NWL,Newell Brands,Consumer Discretionary,Housewares & Specialties,SMALL,2192.5,-285.0,-388.0,-17.7,no,barchart,,
KMPR,Kemper Corporation,Financials,Multi-line Insurance,SMALL,1599.6,143.3,-286.6,-17.92,no,barchart,,
ADNT,Adient,Consumer Discretionary,Automotive Parts & Equipment,SMALL,1560.0,-281.0,-281.0,-18.01,no,zacks,,
AAL,American Airlines Group,Industrials,Passenger Airlines,MID,10320.0,111.0,-1993.0,-19.31,no,finviz,,
UGI,UGI Corp,Utilities,Gas Utilities,MID,7770.0,678.0,-1502.0,-19.33,no,zacks,,
DBD,Diebold Nixdorf,Information Technology,Electronic Equipment & Instruments,SMALL,2920.0,94.6,-581.4,-19.91,no,zacks,,
BLKB,Blackbaud,Information Technology,Application Software,SMALL,1449.9,115.0,-299.5,-20.66,no,zacks,,
XNCR,Xencor Inc,Health Care,Biotechnology,SMALL,1110.6,-91.9,-232.6,-20.94,no,barchart,,
TALO,"Talos Energy, Inc.",Energy,Oil & Gas Exploration & Production,SMALL,2333.7,-494.3,-494.3,-21.18,no,barchart,,
TNDM,Tandem Diabetes Care,Health Care,Health Care Equipment,SMALL,1047.1,-204.7,-222.6,-21.26,no,barchart,,
GO,Grocery Outlet,Consumer Staples,Food Retail,SMALL,958.0,-224.9,-224.9,-23.48,no,zacks,,
NVST,Envista Holdings,Health Care,Health Care Supplies,MID,4390.0,47.0,-1118.6,-25.48,no,finviz,,
LYFT,"Lyft, Inc.",Industrials,Passenger Ground Transportation,SMALL,6162.2,2844.0,-1584.5,-25.71,no,barchart,,
RNG,"RingCentral, Inc.",Information Technology,Application Software,SMALL,3412.4,43.4,-879.2,-25.77,no,barchart,,
PTEN,"Patterson-UTI Energy, Inc.",Energy,Oil & Gas Drilling,SMALL,3735.3,-93.6,-968.0,-25.91,no,barchart,,
CLF,Cleveland-Cliffs,Materials,Steel,MID,5440.0,-1478.0,-1478.0,-27.17,no,finviz,,
MARA,"MARA Holdings, Inc.",Information Technology,Internet Services & Infrastructure,SMALL,4685.9,-1311.5,-1311.5,-27.99,no,barchart,,
CAG,Conagra Brands,Consumer Staples,Packaged Foods & Meats,SMALL,6740.0,-1916.2,-1916.2,-28.43,no,zacks,,
BHF,Brighthouse Financial,Financials,Life & Health Insurance,MID,3760.0,433.0,-1112.0,-29.57,no,finviz,,
CE,Celanese,Materials,Specialty Chemicals,SMALL,5180.0,-1165.0,-1542.0,-29.77,no,zacks,,
PENN,Penn Entertainment,Consumer Discretionary,Casinos & Gaming,SMALL,2826.8,-843.1,-843.1,-29.83,no,barchart,,
NX,Quanex Building Products Corporation,Industrials,Building Products,SMALL,810.2,-250.8,-250.8,-30.96,no,barchart,,
WKC,World Kinect Corporation,Energy,Oil & Gas Refining & Marketing,SMALL,1895.0,-614.4,-614.4,-32.42,no,barchart,,
CCOI,"Cogent Communications Holdings, Inc.",Communication Services,Alternative Carriers,SMALL,627.0,-182.2,-204.1,-32.55,no,zacks,,
CAR,Avis Budget Group,Industrials,Passenger Ground Transportation,MID,5520.0,-889.0,-1821.0,-32.99,no,finviz,,
AVNS,"Avanos Medical, Inc.",Health Care,Health Care Supplies,SMALL,1170.0,-72.9,-392.1,-33.51,no,zacks,,
LEG,Leggett & Platt,Consumer Discretionary,Home Furnishings,SMALL,1491.2,235.4,-511.5,-34.3,no,barchart,,
IART,Integra Lifesciences Holdings,Health Care,Health Care Equipment,SMALL,1460.1,-516.5,-516.5,-35.37,no,zacks,,
XRAY,Dentsply Sirona,Health Care,Health Care Supplies,MID,2680.0,-598.0,-950.0,-35.45,no,zacks,,
TWO,Two Harbors Investment Corp.,Financials,Mortgage REITs,SMALL,1270.0,-454.3,-454.3,-35.77,no,barchart,,
ADAM,"Adamas Trust, Inc.",Real Estate,Mortgage REITs,SMALL,831.2,149.0,-298.6,-35.92,no,zacks,,
ACHC,Acadia Healthcare,Health Care,Health Care Facilities,SMALL,2970.1,-1102.8,-1102.8,-37.13,no,zacks,,
PPLI,People Inc.,Communication Services,Interactive Media & Services,SMALL,3142.6,-104.0,-1170.2,-37.24,no,barchart,,
DXC,DXC Technology,Information Technology,IT Consulting & Other Services,SMALL,1520.0,18.0,-568.0,-37.37,no,zacks,,
NE,Noble Corporation,Energy,Oil & Gas Drilling,SMALL,6474.4,-1512.0,-2441.0,-37.7,no,barchart,,
VIR,"Vir Biotechnology, Inc.",Health Care,Biotechnology,SMALL,1620.8,-438.0,-615.1,-37.95,no,barchart,,
JBLU,JetBlue,Industrials,Passenger Airlines,SMALL,2079.6,-602.0,-795.0,-38.23,no,barchart,,
SRPT,Sarepta Therapeutics,Health Care,Biotechnology,SMALL,1859.2,-713.4,-713.4,-38.37,no,barchart,,
VYX,NCR Voyix,Information Technology,IT Consulting & Other Services,SMALL,1098.3,62.0,-428.0,-38.97,no,barchart,,
CALY,Callaway Golf Company,Consumer Discretionary,Leisure Products,SMALL,3530.0,-409.3,-1447.7,-41.01,no,zacks,,
BIO,Bio-Rad Laboratories,Health Care,Life Sciences Tools & Services,MID,8100.0,759.9,-3627.5,-44.78,no,finviz,,
AHCO,AdaptHealth Corp.,Health Care,Health Care Equipment,SMALL,1440.0,-70.8,-678.9,-47.15,no,zacks,,
NEOG,Neogen,Health Care,Health Care Supplies,SMALL,2172.3,-1092.0,-1092.0,-50.27,no,barchart,,
SEDG,SolarEdge,Information Technology,Semiconductor Materials & Equipment,SMALL,3319.5,-405.4,-1806.4,-54.42,no,barchart,,
FTRE,Fortrea,Health Care,Biotechnology,SMALL,1690.0,-986.2,-986.2,-58.36,no,zacks,,
GPOR,Gulfport Energy Corporation,Energy,Oil & Gas Exploration & Production,SMALL,2749.9,427.8,-1625.1,-59.1,no,zacks,,
WHR,Whirlpool Corporation,Consumer Discretionary,Household Appliances,MID,2500.0,318.0,-1519.0,-60.76,no,zacks,,
CPRI,Capri Holdings,Consumer Discretionary,"Apparel, Accessories & Luxury Goods",MID,1940.0,137.0,-1182.0,-60.93,no,finviz,,
HE,"Hawaiian Electric Industries, Inc.",Utilities,Electric Utilities,SMALL,2330.0,126.3,-1424.1,-61.12,no,zacks,,
BTU,"Peabody Energy, Inc.",Energy,Coal & Consumable Fuels,SMALL,2870.0,-211.3,-1996.0,-69.55,no,zacks,,
FOXF,Fox Factory,Consumer Discretionary,Automotive Parts & Equipment,SMALL,755.7,-544.6,-544.6,-72.06,no,zacks,,
ENOV,Enovis,Health Care,Health Care Equipment,SMALL,1470.0,-1184.4,-1184.4,-80.57,no,zacks,,
FUN,Six Flags,Consumer Discretionary,Leisure Facilities,SMALL,1980.0,-1599.1,-1599.1,-80.76,no,zacks,,
CNXC,Concentrix,Industrials,Data Processing & Outsourced Services,SMALL,1520.0,-1278.9,-1278.9,-84.14,no,zacks,,
MPT,Medical Properties Trust,Real Estate,Health Care REITs,SMALL,2805.1,-277.0,-2410.3,-85.92,no,barchart,,
GT,Goodyear Tire and Rubber Company,Consumer Discretionary,Tires & Rubber,SMALL,1940.0,-1721.0,-1721.0,-88.71,no,zacks,,
VAL,Valaris,Energy,Oil & Gas Drilling,MID,5330.0,982.8,-4855.5,-91.1,no,zacks,,
RUN,Sunrun,Industrials,Building Products,SMALL,3046.3,449.9,-2846.2,-93.43,no,barchart,,
PRGO,Perrigo,Health Care,Pharmaceuticals,SMALL,1404.4,-1425.4,-1425.4,-101.49,no,barchart,,
PTON,"Peloton Interactive, Inc.",Consumer Discretionary,Leisure Products,SMALL,2740.8,-118.9,-2827.7,-103.17,no,barchart,,
SABR,Sabre,Consumer Discretionary,"Hotels, Resorts & Cruise Lines",SMALL,695.8,524.6,-928.5,-133.45,no,barchart,,
LUMN,Lumen Technologies,Communication Services,Alternative Carriers,SMALL,6645.5,-1739.0,-10298.0,-154.96,no,barchart,,
QDEL,QuidelOrtho,Health Care,Health Care Supplies,SMALL,1243.1,-1131.8,-2052.0,-165.07,no,barchart,,
FMC,FMC Corporation,Materials,Fertilizers & Agricultural Chemicals,SMALL,1350.0,-2238.9,-2238.9,-165.84,no,zacks,,
HTZ,Hertz,Industrials,Passenger Ground Transportation,SMALL,600.0,-747.0,-2862.0,-477.04,no,zacks,,
BLD,TopBuild Corp.,Consumer Discretionary,Homebuilding,MID,,,,,NO DATA,finviz,no CIK,http 404
EGP,EastGroup Properties,Real Estate,Industrial REITs,MID,,,,,NO DATA,finviz,no annual 10-K NI entries,
KD,Kyndryl,Information Technology,IT Consulting & Other Services,MID,,,,,NO DATA,finviz,no annual 10-K NI entries,
TTEK,Tetra Tech,Industrials,Construction & Engineering,MID,,,,,NO DATA,zacks,no annual 10-K NI entries,
VNT,Vontier,Information Technology,Electronic Equipment & Instruments,MID,,,,,NO DATA,zacks,no annual 10-K NI entries,
CPRX,"Catalyst Pharmaceuticals Partners, Inc.",Health Care,Biotechnology,SMALL,,214.3,39.5,,NO DATA,zacks,,market cap not found
CWEN.A,"Clearway Energy, Inc. (Class A)",Utilities,Renewable Electricity,SMALL,,169.0,51.0,,NO DATA,zacks,,market cap not found
INVA,"Innoviva, Inc.",Health Care,Pharmaceuticals,SMALL,,,,,NO DATA,barchart,no annual 10-K NI entries,
MBGL,"Mobility Global, Inc.",Industrials,Data Processing & Outsourced Services,SMALL,,,,,NO DATA,barchart,no NI tag,
MFP,"Midera Food Processing, Inc.",Industrials,Industrial Machinery & Supplies & Components,SMALL,,,,,NO DATA,barchart,no NI tag,
NTST,NETSTREIT Corp.,Real Estate,Retail REITs,SMALL,,,,,NO DATA,barchart,no annual 10-K NI entries,
OII,"Oceaneering International, Inc.",Energy,Oil & Gas Equipment & Services,SMALL,,,,,NO DATA,barchart,no annual 10-K NI entries,
SKT,"Tanger Factory Outlet Centers, Inc.",Real Estate,Retail REITs,SMALL,,,,,NO DATA,barchart,no annual 10-K NI entries,
VGNT,Versigent PLC,Consumer Discretionary,Other Specialty Retail,SMALL,,,,,NO DATA,barchart,no annual 10-K NI entries,
WEN,The Wendy's Company,Consumer Discretionary,Restaurants,SMALL,,,,,NO DATA,barchart,edgar http 404,
