Symbol,Security Name,Tier,Price,Change %,Vol,Sec Type,Country,State
WELX,WINLAND HOLDINGS CORP,OTCID,2.300000,0.000000,163,Common Stock,USA,Minnesota
WTBFA,W T B FINANCIAL CRP A,OTCID,700.000000,,0,Common Stock,USA,Washington
WTBFB,W T B FINANCIAL CRP B,OTCID,406.250000,0.004351,2,Common Stock,USA,Washington
TRCY,TRI CITY BANKSHARES CORP,OTCID,19.002500,0.000132,16730,Common Stock,USA,Wisconsin
SOMC,STHN MICH BANCORP INC,OTCID,31.860000,0.000000,100,Common Stock,USA,Michigan
SOBS,SOLVAY BANK SOLVAY NY,OTCID,32.010000,,0,Common Stock,USA,New York
SKAS,SAKER AVIATION SVCS,OTCID,6.600000,,0,Common Stock,USA,New York
AASP,AGASSI SPORTS ENTERTMT,OTCID,6.250000,,0,Common Stock,USA,Nevada
PGNT,PARAGON TECHS INC,OTCID,4.787360,-0.032857,2393,Common Stock,USA,Pennsylvania
RSRV,RESERVE PETROLEUM CO,OTCID,210.000000,0.000000,125,Common Stock,USA,Oklahoma
REOP,REO PLASTICS INC,OTCID,52.010000,,0,Common Stock,USA,Minnesota
RAFI,REGENCY AFFILIATES INC,OTCID,4.300000,-0.009217,1800,Common Stock,USA,New York
GOGYD,GOLDEN GRAIL TECH NEW,OTCID,9.500000,,4,Common Stock,USA,Florida
RCBC,RIVER CITY BANK CALIF,OTCID,44.000000,,0,Common Stock,USA,California
PRPH,PROPHASE LABS INC,OTCID,0.066900,-0.047009,81823,Common Stock,USA,New York
PONT,PONTIAC BANCORP INC,OTCID,639.311200,,0,Common Stock,USA,Illinois
PPLL,PEOPLES LTD,OTCID,58.660000,0.000853,100,Common Stock,USA,Pennsylvania
PKIN,PEKIN LIFE INS CO CAP,OTCID,11.750000,,0,Common Stock,USA,Illinois
OXBC,OXFORD BANK CORP,OTCID,44.000000,,0,Common Stock,USA,Michigan
ORBT,ORBIT INTL CORP,OTCID,4.100000,0.012346,3953,Common Stock,USA,New York
NODB,NORTH DALLAS BK&TR CO TEX,OTCID,64.550000,0.007020,260,Common Stock,USA,Texas
NTBP,NEW TRIPOLI BANCORP INC,OTCID,1100.000000,,0,Common Stock,USA,Pennsylvania
NEFB,NEFFS BANCORP INC,OTCID,380.000000,,0,Common Stock,USA,Pennsylvania
NSYC,NATL STK YDS CO,OTCID,390.000000,,0,Common Stock,USA,Oklahoma
NACB,NATIONAL CAP BANCORP INC,OTCID,78.000000,,0,Common Stock,USA,Washington DC
MUEL,MUELLER PAUL CO,OTCID,444.000000,0.009091,3,Common Stock,USA,Missouri
MGAG,MORTGAGE OIL CORP,OTCID,280.000000,,0,Common Stock,USA,California
STLE,STEELE BANCORP INC,OTCID,43.050000,-0.000928,1470,Common Stock,USA,Pennsylvania
MBKL,MBT BANCSHARES INC,OTCID,27.100000,,0,Common Stock,USA,Louisiana
MCCK,MESTEK INC,OTCID,71.000000,,58,Common Stock,USA,Massachusetts
MNPP,MERCHANTS NATL PROPERTIES,OTCID,2150.000000,,0,Common Stock,USA,New York
MFGI,MERCHANTS FINCL GRP INC,OTCID,40.590000,,0,Common Stock,USA,Minnesota
MFBP,M&F BANCORP INC,OTCID,29.980000,,0,Common Stock,USA,North Carolina
MCRAA,MCRAE INDUS INC A,OTCID,48.750000,,0,Common Stock,USA,North Carolina
MCRAB,MCRAE INDUS INC B,OTCID,44.000000,,0,Common Stock,USA,North Carolina
MCHT,MAUCH CHUNK TR FINCL CORP,OTCID,6.250000,,0,Common Stock,USA,Pennsylvania
MLGF,MALAGA FINANCIAL CORP,OTCID,21.570000,-0.006906,4489,Common Stock,USA,California
LINS,LIFE INS CO ALA,OTCID,55.000000,,0,Common Stock,USA,Alabama
LINSA,LIFE INS CO ALA A,OTCID,12.500000,,0,Common Stock,USA,Alabama
KSBI,KS BANCORP INC,OTCID,77.700000,0.001289,100,Common Stock,USA,North Carolina
ITEX,ITEX CORP,OTCID,3.040630,,0,Common Stock,USA,Washington
HONT,HONAT BANCORP INC,OTCID,139.250000,,0,Common Stock,USA,Pennsylvania
HFBK,HARFORD BK ABERDEEN MD,OTCID,45.750000,0.000000,100,Common Stock,USA,Maryland
HMLN,HAMLIN BK&TR SMETHPORT PA,OTCID,240.000000,0.000000,93,Common Stock,USA,Pennsylvania
HFBA,HFB FINANCIAL CORP,OTCID,35.500000,0.028492,999,Common Stock,USA,Kentucky
ABIT,ATHENA BITCOIN GLOBAL,OTCID,0.003500,0.166667,10425,Common Stock,USA,Florida
FLEW,FLEETWOOD BANK CORP,OTCID,72.000000,,0,Common Stock,USA,Pennsylvania
FINN,FIRST NATL OF NEB INC,OTCID,18750.000000,-0.014455,4,Common Stock,USA,Nebraska
FKYS,FIRST KEYSTONE CORP,OTCID,18.990000,-0.000526,5185,Common Stock,USA,Pennsylvania
FHRT,FIRST HARTFORD CORP,OTCID,26.500000,,0,Common Stock,USA,Connecticut
FSCR,FEDERAL SCREW WORKS,OTCID,7.600000,,4,Common Stock,USA,Michigan
EACO,EACO CORP,OTCID,101.010000,,2,Common Stock,USA,California
FIDS,FNB INC,OTCID,29.919000,,0,Common Stock,USA,Ohio
FFWC,FFW CORPORATION,OTCID,52.050000,0.009503,1300,Common Stock,USA,Indiana
EXSR,EXCHANGE BK SANTA ROSA,OTCID,166.000000,-0.005988,700,Common Stock,USA,California
ETCC,ENVIRONMENTAL TECTONICS,OTCID,1.780000,0.040936,11710,Common Stock,USA,Pennsylvania
DLMI,DIAMOND LAKE MIN INC,OTCID,13.500000,0.000000,110,Common Stock,USA,Utah
BIOQ,BIOQUAL INC,OTCID,32.500000,,0,Common Stock,USA,Maryland
CYAN,CYANOTECH CORP,OTCID,0.529900,0.081429,1125,Common Stock,USA,Hawaii
CMPD,COMPUMED INC,OTCID,6.500000,0.011044,521,Common Stock,USA,California
CAWW,CCA INDUS INC,OTCID,0.450000,,0,Common Stock,USA,Pennsylvania
BURCA,BURNHAM HLDGS INC A,OTCID,24.000000,0.043478,295,Common Stock,USA,Pennsylvania
BURCB,BURNHAM HLDGS INC B,OTCID,11.060000,,0,Common Stock,USA,Pennsylvania
WNMLA,WINMILL&CO INC A,OTCID,5.150000,-0.019048,100,Common Stock,USA,New Hampshire
BRRE,BLUE RIDGE REAL ESTATE CO,OTCID,9.250000,,0,Common Stock,USA,Pennsylvania
BMBN,BENCHMARK BANKSHARES INC,OTCID,42.980000,,0,Common Stock,USA,Virginia
BKUT,BANK OF UTICA NY,OTCID,650.000000,-0.012158,1,Common Stock,USA,New York
BKUTK,BANK OF UTICA NY NON VTG,OTCID,630.510000,-0.005473,80,Common Stock,USA,New York
BKFG,BKF CAPITAL GROUP INC,OTCID,94.000000,,0,Common Stock,USA,California
BBBK,BAKER BOYER BANCORP WALLA,OTCID,42.500000,-0.034091,393,Common Stock,USA,Washington
AVOA,AVOCA LLC,OTCID,1200.000000,,0,Common Stock,USA,Louisiana
CFNBD,CALIFORNIA FIRST LSNG NEW,OTCID,0.000000,,44,Common Stock,USA,California
APTL,ALASKA PWR & TEL CO,OTCID,88.000000,,0,Common Stock,USA,Alaska
ACMT,ACMAT CORP,OTCID,23.000000,,0,Common Stock,USA,Connecticut
ACMTA,ACMAT CORP A,OTCID,18.250000,,0,Common Stock,USA,Connecticut
PYYX,PYXUS INTL INC NEW,OTCID,3.500000,-0.005682,4400,Common Stock,USA,North Carolina
GTPS,GREAT AMER BANCORP INC,OTCID,72.000000,,0,Common Stock,USA,Illinois
HBIA,HILLS BANCORP OF IOWA,OTCID,44.550000,,0,Common Stock,USA,Iowa
REDW,REDWOOD FINANCIAL INC,OTCID,195.500000,,0,Common Stock,USA,Minnesota
SNLC,SECURITY NATL CP SIOUX CY,OTCID,205.000000,,0,Common Stock,USA,South Dakota
SRNN,STHN BANC CO INC,OTCID,16.497500,,0,Common Stock,USA,Alabama
TAIT,TAITRON COMPONENTS INC A,OTCID,1.660000,0.000000,3156,Common Stock,USA,California
WSTL,WESTELL TECHS INC A NEW,OTCID,7.190000,0.007003,18619,Common Stock,USA,Illinois
SMAL,SUMMIT BANCSHS CALIF,OTCID,58.050000,0.000862,1700,Common Stock,USA,California
CIWV,CITZNS FINCL CORP W VA,OTCID,45.490000,0.007084,100,Common Stock,USA,West Virginia
CEFC,COMML NATL FINCL CRP MICH,OTCID,15.050000,0.000000,4520,Common Stock,USA,Michigan
PHSE,PRIDE HOLDINGS GROUP,OTCID,0.034800,-0.005714,211603,Common Stock,USA,Florida
UNPA,UNB CORP (PA),OTCID,88.000000,,0,Common Stock,USA,Pennsylvania
AMFC,AMB FINANCIAL CORP,OTCID,34.500000,,0,Common Stock,USA,Indiana
CRZY,CRAZY WOMAN CREEK BANCORP,OTCID,32.050000,,0,Common Stock,USA,Wyoming
FFDF,FFD FINANCIAL CORP,OTCID,45.450000,,0,Common Stock,USA,Ohio
KLIB,KILLBUCK BANCSHARES INC,OTCID,158.000000,-0.018634,897,Common Stock,USA,Ohio
EBSH,EMPIRE BANCSHARES INC,OTCID,40.750000,,0,Common Stock,USA,Ohio
FXLG,F S BANCORP LAGRANGE IN,OTCID,47.990000,-0.000208,200,Common Stock,USA,Indiana
OICT,OICINTRA INC,OTCID,11.250000,,0,Common Stock,USA,Florida
MCAP,MCAP INC,OTCID,8.000000,,0,Common Stock,USA,Florida
DVTC,DEVELOPMENT TECHNOLOGIES,OTCID,5.000000,,0,Common Stock,USA,New York
AMTY,AMERITYRE CORP,OTCID,0.031000,-0.107914,200,Common Stock,USA,Nevada
BXLC,BEXIL CORP,OTCID,65.000000,,0,Common Stock,USA,New Hampshire
SEBC,SOESTRN BANKING CORP,OTCID,29.990000,,0,Common Stock,USA,Georgia
AWCA,AWAYSIS CAPITAL INC,OTCID,0.044000,0.294118,1500,Common Stock,USA,Florida
PCLB,PINNACLE BANCSHARES INC,OTCID,42.910000,,0,Common Stock,USA,Alabama
CSBB,CSB BANCORP INC OH,OTCID,72.500000,,34,Common Stock,USA,Ohio
ANDC,ANDOVER BANCORP INC OH,OTCID,20.100000,,0,Common Stock,USA,Ohio
DHTI,DALRADA TECHNOLOGY GROUP,OTCID,0.019700,,0,Common Stock,USA,California
FRFC,FIRST ROBINSON FNCL CORP,OTCID,67.250000,,70,Common Stock,USA,Illinois
SCYT,SECURITY BANCRP INC TN,OTCID,123.000000,,0,Common Stock,USA,Tennessee
SVIN,SCHEID VINEYARDS INC A,OTCID,0.688600,,0,Common Stock,USA,California
AMEN,AMEN PROPERTIES INC,OTCID,594.000000,,0,Common Stock,USA,Texas
BAOB,BARABOO BNCRPTN INC,OTCID,6.550000,,0,Common Stock,USA,Wisconsin
CFTN,CLIFTON MINING CO,OTCID,0.161000,0.000000,25250,Common Stock,USA,Utah
FSGB,FIRST FED SO CAROLINA FSB,OTCID,9.700000,,0,Common Stock,USA,South Carolina
PBCO,PBCO FINANCIAL CORP,OTCID,24.500000,0.000000,423,Common Stock,USA,Oregon
HLFN,HOME LOAN FINCL CORP,OTCID,43.430000,,1,Common Stock,USA,Ohio
ORPB,OREGON PACIFIC BNCRP,OTCID,11.300000,0.000000,300,Common Stock,USA,Oregon
PTBS,POTOMAC BNCSHS INC,OTCID,23.610000,0.004681,136,Common Stock,USA,West Virginia
CYFL,CENTURY FINCL CORP MI,OTCID,47.500000,,0,Common Stock,USA,Michigan
BWMG,BROWNIE'S MARINE GRP INC,OTCID,0.005400,0.687500,1500,Common Stock,USA,Florida
IDXG,INTERPACE BIOSCIENCES INC,OTCID,1.620000,0.080000,1035,Common Stock,USA,New Jersey
CNRD,CONRAD INDUS INC,OTCID,27.200000,0.022556,2846,Common Stock,USA,Louisiana
THVB,THOMASVILLE BNCSHS INC,OTCID,104.000000,-0.009524,200,Common Stock,USA,Georgia
CMLSQ,CUMULUS MEDIA INC A,OTCID,0.006500,0.065574,28341,Common Stock,USA,Georgia
LSFG,LIFESTORE FINCL GRP INC,OTCID,63.000000,,28,Common Stock,USA,North Carolina
FRMO,FRMO CORP,OTCID,7.125000,0.010638,1226,Common Stock,USA,New York
ENDI,ENDI CORP,OTCID,15.350000,0.013201,1600,Common Stock,USA,Virginia
FNFI,FIRST NILES FINCL INC,OTCID,8.800000,,0,Common Stock,USA,Ohio
EFSG,ENTERPRISE FINL SVCS GP A,OTCID,32.000000,,0,Common Stock,USA,Pennsylvania
PNBI,PIONEER BANKSHARES INC,OTCID,44.500000,,0,Common Stock,USA,Virginia
MSBC,MISSION BANCORP,OTCID,105.000000,,25,Common Stock,USA,California
FBPI,FIRST BANCORP INDIANA,OTCID,14.578000,0.019441,250,Common Stock,USA,Indiana
WNDW,SOLARWINDOW TECH INC,OTCID,0.270000,-0.035714,8869,Common Stock,USA,Arizona
CZBS,CITZNS BANCSHARES CORP,OTCID,55.250000,0.002562,240,Common Stock,USA,Georgia
FBVI,FCN BANC (BROOKSVLLE IN),OTCID,36.110000,,0,Common Stock,USA,Indiana
BYLB,BOYLE BNCRP (BOYLE KY),OTCID,122.000000,0.000000,100,Common Stock,USA,Kentucky
FXBY,FOXBY CORP,OTCID,22.422000,-0.012247,400,Common Stock,USA,New Hampshire
RITE,MINERALRITE CORP,OTCID,0.002800,0.166667,13680856,Common Stock,USA,Texas
ASCN,ABSECON BANCORP,OTCID,116.000000,,0,Common Stock,USA,New Jersey
FCPB,FIRST CAPITAL BNCSHS SC,OTCID,13.100000,0.018663,500,Common Stock,USA,South Carolina
FOTB,FIRST OTTOWA BANKSHARES,OTCID,219.980000,0.004475,25,Common Stock,USA,Illinois
JTNB,JTNB BANCORP INC,OTCID,20.394800,0.008146,100,Common Stock,USA,Pennsylvania
HRBK,HARBOR BANKSHARES CORP,OTCID,23.000000,0.045455,100,Common Stock,USA,Maryland
CZNL,CITZNS NATIONAL CORP KY,OTCID,85.000000,,0,Common Stock,USA,Kentucky
MDVT,MIDDLEBURY NATL CORP,OTCID,46.400000,,0,Common Stock,USA,Vermont
QIND,QUALITY INDUSTRIAL CORP,OTCID,0.007100,,0,Common Stock,USA,California
SGMOQ,SANGAMO THERAPEUTICS INC,OTCID,0.076000,0.041096,1820185,Common Stock,USA,California
FMBN,FRMRS&MER BNCSHS IOWA,OTCID,37.000000,,0,Common Stock,USA,Iowa
CZBC,CITZNS BNCRP CORVALLIS OR,OTCID,14.770000,0.000000,5501,Common Stock,USA,Oregon
CNBZ,CNB CORP MI,OTCID,27.000000,,0,Common Stock,USA,Michigan
BHDB,BANK OF LABOR BANCSHARES,OTCID,120.000100,,0,Common Stock,USA,Kansas
CCBC,CHINO COMML BANCORP (CA),OTCID,17.350000,-0.022535,544,Common Stock,USA,California
CMHF,COMMUNITY HERITAGE FINCL,OTCID,35.650000,,0,Common Stock,USA,Maryland
ELMA,ELMER BANCORP INC,OTCID,25.650000,-0.013462,150,Common Stock,USA,New Jersey
BWTL,BOWLIN TRAVEL CENTERS INC,OTCID,3.390000,,0,Common Stock,USA,New Mexico
BORT,BANK OF BOTETOURT BUCH VA,OTCID,52.100000,,75,Common Stock,USA,Virginia
RSCF,REFLECT SCIENTIFIC INC,OTCID,0.042770,0.062609,50332,Common Stock,USA,Utah
WDFN,WOODLANDS FINL SVCS CO,OTCID,31.530000,-0.029846,1100,Common Stock,USA,Pennsylvania
ORBN,OREGON BANCORP INC (OR),OTCID,27.000000,,0,Common Stock,USA,Oregon
CTYP,COMMUTY BANKERS PA,OTCID,10.060000,-0.081279,1325,Common Stock,USA,Pennsylvania
MAAL,MARKETING ALLIANCE INC,OTCID,1.850000,,0,Common Stock,USA,Missouri
JFWV,JSB FINCL INC,OTCID,122.000000,,0,Common Stock,USA,West Virginia
DWNX,DELHI BANK CORP,OTCID,21.000000,0.012048,36700,Common Stock,USA,New York
CZBT,CITZNS BANCORP OF VA INC,OTCID,39.000000,,43,Common Stock,USA,Virginia
APLO,APOLLO BANCORP INC,OTCID,54.000000,,6,Common Stock,USA,Pennsylvania
FMFG,FARMERS & MER BANCSHARES,OTCID,18.800000,,26,Common Stock,USA,Maryland
TMAK,TOUCHMARK BANCSHARES INC,OTCID,9.270000,-0.003226,900,Common Stock,USA,Georgia
MKIN,MCNB BANKS INC,OTCID,19.450000,,0,Common Stock,USA,West Virginia
SFDL,SECURITY FEDERAL CORP,OTCID,40.500000,,0,Common Stock,USA,South Carolina
SBNC,STHN BANCSHARES INC NC,OTCID,12600.000000,,0,Common Stock,USA,North Carolina
TYBT,TRINITY BANK NA,OTCID,96.500000,,0,Common Stock,USA,Texas
CYVF,CRYSTAL VALLEY FINCL CORP,OTCID,79.600000,-0.004378,650,Common Stock,USA,Indiana
FMFP,FIRST COMMUTY FINCL (PA),OTCID,14.130000,,0,Common Stock,USA,Pennsylvania
CCYY,CCCB BANCORP INC,OTCID,10.380000,,0,Common Stock,USA,Pennsylvania
HBSI,HIGHLANDS BANKSHARES INC,OTCID,46.500000,,0,Common Stock,USA,West Virginia
BCSO,BANCORP SOUTHERN INDIANA,OTCID,60.000000,,0,Common Stock,USA,Indiana
TDCB,THIRD CENTURY BANCORP,OTCID,17.190000,,0,Common Stock,USA,Indiana
BEOB,BEO BANCORP,OTCID,58.000000,-0.004121,1758,Common Stock,USA,Oregon
PVBK,PACIFIC VALLEY BANCORP,OTCID,8.950000,-0.000715,1100,Common Stock,USA,California
SWRD,"STEWARDS, INC",OTCID,3.000000,,0,Common Stock,USA,Florida
PWBK,PACIFIC WEST BANCORP,OTCID,12.320000,,0,Common Stock,USA,Oregon
HVLM,HURON VALLEY BANCORP INC,OTCID,36.000000,,0,Common Stock,USA,Michigan
PGNN,PARAGON FINCL SLTNS INC,OTCID,13.493333,,0,Common Stock,USA,Tennessee
SONG,MUSIC LICENSING INC,OTCID,0.000300,0.000000,10935000,Common Stock,USA,Florida
CAIB,CALIFORNIA INTL BANK,OTCID,0.076000,,0,Common Stock,USA,California
GVFF,GREENVILLE FEDERAL FINCL,OTCID,6.455000,,0,Common Stock,USA,Ohio
MFDB,MUTUAL FEDERAL BNCRP IL,OTCID,0.000600,,0,Common Stock,USA,Illinois
QVCAQ,QVC GROUP INC A NEW,OTCID,0.100000,0.219512,57172,Common Stock,USA,Pennsylvania
QVCGQ,QVC GROUP INC B NEW,OTCID,0.140000,,0,Common Stock,USA,Pennsylvania
GVYB,GOLDEN VY BANCSHARES INC,OTCID,26.000000,,0,Common Stock,USA,California
TRUX,TRUXTON CORP,OTCID,99.000000,,0,Common Stock,USA,Tennessee
TVLF,TENNESSEE VLY FINL HL INC,OTCID,11.960000,0.139048,7696,Common Stock,USA,Tennessee
SBKO,SUMMIT BANK GROUP INC,OTCID,22.500000,,0,Common Stock,USA,Oregon
FPBC,FIRST PACIFIC BANCORP,OTCID,7.300000,0.002747,559,Common Stock,USA,California
HCKG,HOCKING VALLEY BNCSHS INC,OTCID,29.650000,,0,Common Stock,USA,Ohio
PFBN,PACIFIC ALLIANCE BANK CA,OTCID,8.485000,,0,Common Stock,USA,California
FSMK,1ST SUMMIT BNCRP JOHNTOWN,OTCID,39.710000,0.009174,253,Common Stock,USA,Pennsylvania
AMBK,AMER BANK INC (PA),OTCID,21.730000,0.056907,1100,Common Stock,USA,Pennsylvania
SLRK,SOLERA NATL BNCRP INC CO,OTCID,20.000000,-0.003304,5690,Common Stock,USA,Colorado
RBCN,RUBICON TECH INC,OTCID,5.260000,-0.038391,134,Common Stock,USA,Illinois
UCIX,UMBRA COMPANIES INC,OTCID,0.003000,,0,Common Stock,USA,Colorado
BSAI,BLUSKY AI INC.,OTCID,6.000000,,92,Common Stock,USA,Utah
ABBB,AUBURN BANCORP INC,OTCID,10.250000,0.006876,600,Common Stock,USA,Maine
FFPP,FAST FINANCE PAY CORP,OTCID,19.980000,,0,Common Stock,USA,New York
FFMH,FIRST FMRS & MERCHANTS CO,OTCID,58.000000,0.000000,765,Common Stock,USA,Tennessee
PBKX,PARTNERS BANK CALIFORNIA,OTCID,17.450000,-0.014124,9000,Common Stock,USA,California
VERF,VERSAILLES FINANCIAL CORP,OTCID,27.170000,,0,Common Stock,USA,Ohio
UNBK,UNITED NATL BK CAIRO GA,OTCID,56.000000,,0,Common Stock,USA,Georgia
DRCR,DEAR CASHMERE HOLDING CO,OTCID,0.013100,,0,Common Stock,USA,New York
CUAI,COPPER INTELLIGENCE INC,OTCID,5.350000,0.001873,300,Common Stock,USA,New York
BLMH,BLUM HOLDINGS INC.,OTCID,0.200000,0.052632,2616,Common Stock,USA,California
NWPP,NEW PEOPLES BNKSHS INC,OTCID,4.340000,0.002309,501,Common Stock,USA,Virginia
HCGI,HUNTWICKE CAPITAL GROUP,OTCID,99.990000,,0,Common Stock,USA,Massachusetts
AGSS,AMERIGUARD SECURITY SVC,OTCID,0.016000,0.012658,2500,Common Stock,USA,California
LCTC,LIFELOC TECHNOLOGIES INC,OTCID,3.800000,0.027027,1400,Common Stock,USA,Colorado
OAKV,OAK VIEW BANKSHARES INC,OTCID,15.600000,0.006452,10000,Common Stock,USA,Virginia
ETST,EARTH SCIENCE TECH INC,OTCID,0.158000,0.000000,14198,Common Stock,USA,Florida
MCBK,MADISON COUNTY FINCL INC,OTCID,31.770000,,0,Common Stock,USA,Nebraska
ATVK,AMERITEK VENTURES,OTCID,9.750000,,6,Common Stock,USA,Illinois
LGMK,LOGICMARK INC,OTCID,0.800000,0.290323,190,Common Stock,USA,Kentucky
DENI,DENALI BANCORP INC,OTCID,17.650000,,0,Common Stock,USA,Alaska
PREM,PREMIER AIR CHARTER HLDGS,OTCID,0.052500,,80,Common Stock,USA,California
SSGC,SAFESPACE GLOBAL CORP,OTCID,0.097655,-0.047268,64715,Common Stock,USA,Tennessee
EVFM,EVOFEM BIOSCIENCE INC,OTCID,0.008300,-0.010727,241142,Common Stock,USA,California
LBRA,1847 HOLDINGS LLC,OTCID,0.006600,-0.190184,2070,Common Stock,USA,New York
LYXX,LYNX CAPITAL,OTCID,5.500000,,0,Common Stock,USA,New York
CFOR,CAPFORCE INC,OTCID,21.000000,0.312500,2887,Common Stock,USA,Maryland
EQFN,EQUITABLE FINCL CORP,OTCID,18.090000,,0,Common Stock,USA,Nebraska
PLSH,PANACEA LIFE SCIENCE HLD,OTCID,0.100000,0.000000,4400,Common Stock,USA,Colorado
AREB,AMERICAN REBEL HLDGS INC,OTCID,0.155000,-0.203085,898500,Common Stock,USA,Tennessee
PRMY,PRIMARY BK,OTCID,35.050000,0.001429,3910,Common Stock,USA,New Hampshire
SFCX,SUPA CONSOLIDATED INC,OTCID,0.097700,,12,Common Stock,USA,California
WCFB,WCF BANCORP INC,OTCID,6.040000,,0,Common Stock,USA,Iowa
BCTF,BANCORP 34 INC,OTCID,15.270000,,0,Common Stock,USA,Arizona
PVOZ,PARK VIEW OZ REIT INC,OTCID,150.000000,,0,Common Stock,USA,Massachusetts
YIYU,YIYOU HOLDINGS INC,OTCID,100.000000,,0,Common Stock,USA,Nevada
CMRB,FIRST COMMERCE BANCORP,OTCID,6.750000,,0,Common Stock,USA,New Jersey
HRGG,HERITAGE NOLA BANCORP INC,OTCID,19.750000,,0,Common Stock,USA,Louisiana
RVCB,RIVER VY CMNTY BANCORP,OTCID,23.720000,-0.001726,300,Common Stock,USA,California
NMBF,NMB FINL  CORP,OTCID,18.900000,0.002653,200,Common Stock,USA,New Jersey
ELLH,ELAH HLDGS INC,OTCID,13.000000,,0,Common Stock,USA,Texas
CDAB,COEUR D ALENE BANCORP,OTCID,16.000000,,0,Common Stock,USA,Idaho
CITZ,CITIZENS BANCSHARES CP SC,OTCID,43.259751,,0,Common Stock,USA,South Carolina
PBKC,PIONEER BANKCORP INC,OTCID,83.000000,,0,Common Stock,USA,Florida
TBBA,TEB BANCORP INC,OTCID,6.950000,,0,Common Stock,USA,Wisconsin
FDCTD,FDCTECH INC NEW,OTCID,3.000000,0.333333,3642,Common Stock,USA,California
ERKH,EUREKA HOMESTEAD BNCRP,OTCID,13.172000,,0,Common Stock,USA,Louisiana
FGFI,FIRST GREENWICH FCL INC,OTCID,19.650000,,0,Common Stock,USA,Connecticut
WOBK,WOODSBORO BK MD,OTCID,86.000000,,0,Common Stock,USA,Maryland
MPCB,MOUNTAIN PACIFIC BANCORP,OTCID,16.000000,,0,Common Stock,USA,Washington
ACAT,ACASIA TECH INC A,OTCID,0.130000,,0,Common Stock,USA,Texas
FSBH,FSBH CORP,OTCID,16.500000,,0,Common Stock,USA,Florida
TBBC,TRIAD BUSINESS BANK,OTCID,6.500000,,0,Common Stock,USA,North Carolina
NOTE,FISCALNOTE HLDG INC A,OTCID,0.097300,0.024211,305047,Common Stock,USA,Washington DC
LTCH,LATCH INC,OTCID,0.171200,-0.098473,3316,Common Stock,USA,Missouri
STBK,STUDIO FINL HLDGS INC,OTCID,13.300000,,0,Common Stock,USA,Tennessee
FOXOD,FOXO TECHNOLOGIES A NEW,OTCID,0.070000,-0.363636,323,Common Stock,USA,Florida
CNDA,CONCORD ACQ CORP II A,OTCID,11.420000,,0,Common Stock,USA,New York
RBNK,RIVERBANK HOLDING COMPANY,OTCID,29.000000,,0,Common Stock,USA,Washington
PLQC,PLAINS ACQUISITION CORP,OTCID,69.000000,,0,Common Stock,USA,Texas
PCBB,PACIFIC COAST BANKERS BK,OTCID,0.000000,,0,Common Stock,USA,California
SFCO,SOUTHERN FINL CORP,OTCID,9.550000,,0,Common Stock,USA,South Carolina
FIGP,FORGE GROUP INC,OTCID,23.000000,,0,Common Stock,USA,Maryland
HLEO,HELIO CORPORATION,OTCID,1.030000,-0.063636,16259,Common Stock,USA,California
NMHI,NATURE'S MIRACLE HLDG INC,OTCID,0.001000,0.000000,2583371,Common Stock,USA,California
WFDI,WESTERN FUNDING INC,OTCID,6.800000,,0,Common Stock,USA,Nevada
