Ticker,Mkt,CapUSD_M,NIlowUSD_M,Yield,Hurdle,Dist_pct,src
UL,UK,135880,6942,5.11,5.45,-6,XBRL+zacks
NVO,DK,229860,6973,3.03,4.0,-24,XBRL+zacks
DEO,UK,47580,1847,3.88,5.45,-29,XBRL+zacks
RELX,UK,59710,1868,3.13,5.45,-43,XBRL+zacks
LRLCY,FR,232880.0,5016.0,2.15,4.0,-46.0,SA EUR->USD
ATLKY,SE,95210.0,1723.0,1.81,4.0,-55.0,SA SEK->USD
HESAY,FR,204610.0,2675.0,1.31,4.0,-67.0,SA EUR->USD
IDEXY,ES,193420.0,1996.0,1.03,4.0,-74.0,SA EUR->USD
RACE,IT,89500,908,1.01,4.0,-75,XBRL+zacks
LNSTY,UK,59690.0,752.0,1.26,5.45,-77.0,SA GBP->USD
ASML,NL,701960,6130,0.87,4.0,-78,XBRL+zacks
TSM,TW,2125120,15841,0.75,4.0,-81,XBRL+zacks
FMX,MX,44740,207,0.46,9.5,-95,XBRL+zacks
MELI,LatAm,94170,83,0.09,6.1,-99,XBRL+zacks
RBGLY,UK,43590.0,-66.0,-0.15,5.45,-103.0,SA GBP->USD
KYCCF,JP,105820.0,,,4.0,,
SMNNY,JP,9810.0,,,4.0,,
HOCPY,JP,51580.0,,,4.0,,
EXPGY,UK,32220.0,,,5.45,,
CNSWF,CA,42650.0,,,4.0,,
ASAZY,SE,38250.0,,,4.0,,
CMPGY,UK,53130.0,,,5.45,,
BZLFY,UK,12040.0,,,5.45,,
SGPYY,UK,10280.0,,,5.45,,
RTMVY,UK,4470.0,,,5.45,,
WTKWY,NL,16060.0,,,4.0,,
KNYJY,FI,29370.0,,,4.0,,
SDVKY,SE,48520.0,,,4.0,,
ESLOY,FR,89150.0,,,4.0,,
HEINY,NL,47200.0,,,4.0,,
FANUY,JP,38120.0,,,4.0,,
TRUMY,JP,20590.0,,,4.0,,
SSMXY,JP,5780.0,,,4.0,,
SHECY,JP,81920.0,,,4.0,,
RCRUY,JP,107870.0,,,4.0,,
FRCOY,JP,148920.0,,,4.0,,
ANCTF,CA,59140.0,,,4.0,,
DLMAF,CA,36410.0,,,4.0,,
CSLLY,AU,40890.0,,,4.9,,
CHEOY,AU,5640.0,,,4.9,,
