Ticker,Company,Sector,Cap_M,CCY,NI_low5_M,Yield,Pass,err
BGEO,Lion Finance Group,Banking Services,4860.0,GEL,1391.0,28.62,YES,
III,3i,Financial services,26570.0,GBP,3836.0,14.44,YES,
SHEL,Shell plc,Oil & gas producers,176040.0,USD,16094.0,9.14,YES,
RIO,Rio Tinto,Mining,116390.0,USD,9966.0,8.56,YES,
IMB,Imperial Brands,Tobacco,21430.0,GBP,1665.0,7.77,YES,
BARC,Barclays,Banks,70810.0,GBP,5259.0,7.43,YES,
PSN,Persimmon,Household goods & home construction,3540.0,GBP,255.4,7.21,YES,
NWG,NatWest Group,Banks,52900.0,GBP,3589.0,6.78,YES,
DGE,Diageo,Beverages,35130.0,USD,2354.0,6.7,YES,
STAN,Standard Chartered,Banks,46300.0,USD,2902.0,6.27,YES,
HSBA,HSBC,Banks,256160.00000000003,USD,15559.0,6.07,YES,
LLOY,Lloyds Banking Group,Banks,65220.0,GBP,3827.0,5.87,YES,
AUTO,Autotrader Group,Media,4050.0,GBP,233.9,5.78,YES,
ULVR,Unilever,Personal goods,99690.0,EUR,5744.0,5.76,YES,
HWDN,Howdens Joinery,Homebuilding & construction supplies,4420.0,GBP,249.3,5.64,YES,
ICG,ICG,Financial services,5250.0,GBP,278.4,5.3,no,
IGG,IG Group,Financial services,5860.0,GBP,307.7,5.25,no,
ABF,Associated British Foods,Food & tobacco,14040.0,GBP,720.0,5.13,no,
BNZL,Bunzl,Support services,8930.0,GBP,442.8,4.96,no,
JD,JD Sports,General retailers,4200.0,GBP,188.3,4.48,no,
SDR,Schroders,Financial services,9340.0,GBP,388.2,4.16,no,
BEZ,Beazley,Insurance,7610.0,USD,308.7,4.06,no,
NXT,Next plc,General retailers,17130.0,GBP,677.5,3.96,no,
NG,National Grid plc,Multiline utilities,60530.0,GBP,2290.0,3.78,no,
KGF,Kingfisher plc,Retailers,4930.0,GBP,185.0,3.75,no,
ANTO,Antofagasta plc,Mining,35370.0,USD,1299.0,3.67,no,
REL,RELX,Media,44090.0,GBP,1471.0,3.34,no,
GSK,GSK plc,Pharmaceuticals & biotechnology,77900.0,GBP,2575.0,3.31,no,
CCC,Computacenter,Software & Computer Services,4760.0,GBP,157.1,3.3,no,
WEIR,Weir Group,Industrial goods and services,6460.0,GBP,213.4,3.3,no,
EXPN,Experian,Support services,23900.0,USD,773.0,3.23,no,
ITRK,Intertek,Support services,8930.0,GBP,288.1,3.23,no,
BA,BAE Systems,Aerospace & defence,51960.0,GBP,1674.0,3.22,no,
HLN,Haleon,Pharmaceuticals & biotechnology,32600.0,GBP,1049.0,3.22,no,
SPX,Spirax Group,Industrial engineering,5110.0,GBP,163.6,3.2,no,
HSX,Hiscox,Non-life Insurance,6020.0,USD,189.5,3.15,no,
ADM,Admiral Group,Insurance,10900.0,GBP,337.2,3.09,no,
SMIN,Smiths Group,General industrials,7560.0,GBP,231.0,3.06,no,
MKS,Marks & Spencer,Food & drug retailing,7920.0,GBP,236.2,2.98,no,
IMI,IMI,Industrial engineering,6970.0,GBP,196.3,2.82,no,
BTRW,Barratt Redrow,Household goods & home construction,4120.0,GBP,114.1,2.77,no,
SGE,Sage Group,Software & computer services,7630.0,GBP,211.0,2.77,no,
RTO,Rentokil Initial,Support services,11310.0,USD,279.53,2.47,no,
PSON,Pearson plc,Media,7510.0,GBP,177.0,2.36,no,
CCH,Coca-Cola HBC,Beverages,18120.0,EUR,415.4,2.29,no,
SN,Smith & Nephew,Health care equipment & supplies,9790.0,USD,223.0,2.28,no,
TSCO,Tesco,Food & drug retailing,29810.0,GBP,658.0,2.21,no,
IAG,International Airlines Group,Travel & leisure,19810.0,EUR,431.0,2.18,no,
GAW,Games Workshop,Leisure Goods,6700.0,GBP,128.4,1.92,no,
SBRY,Sainsbury's,Food & drug retailing,7860.0,GBP,137.0,1.74,no,
HLMA,Halma plc,Electronic equipment & parts,13880.0,GBP,234.3,1.69,no,
AZN,AstraZeneca,Pharmaceuticals & biotechnology,195860.0,USD,3288.0,1.68,no,
CRDA,Croda International,Chemicals,4100.0,GBP,64.7,1.58,no,
IHG,IHG Hotels & Resorts,Travel & leisure,17500.0,USD,266.0,1.52,no,
CTEC,Convatec,Health care equipment & supplies,4170.0,USD,62.9,1.51,no,
LSEG,London Stock Exchange Group,Financial services,44280.0,GBP,592.0,1.34,no,
CPG,Compass Group,Support services,39410.0,USD,480.81,1.22,no,
WTB,Whitbread,Retail hospitality,3980.0,GBP,42.5,1.07,no,
DPLM,Diploma,Industrial Support services,9650.0,GBP,95.4,0.99,no,
LGEN,Legal & General,Life insurance,16180.0,GBP,130.0,0.8,no,
FRES,Fresnillo plc,Mining,18090.0,USD,140.92,0.78,no,
DCC,DCC plc,Support services,5370.0,GBP,28.25,0.53,no,
INF,Informa,Media,11290.0,GBP,11.0,0.1,no,
RKT,Reckitt,Household goods & home construction,32340.000000000004,GBP,-52.0,-0.16,no,
STJ,St. James's Place,Financial services,5650.0,GBP,-9.9,-0.18,no,
SSE,SSE plc,Electrical utilities & independent power producers,29300.0,GBP,-123.0,-0.42,no,
UU,United Utilities,Multiline utilities,10040.0,GBP,-56.8,-0.57,no,
BAB,Babcock International,Aerospace & defence,5060.0,GBP,-35.0,-0.69,no,
SVT,Severn Trent,Multiline utilities,9000.0,GBP,-87.2,-0.97,no,
RR,Rolls-Royce Holdings,Aerospace & defence,113560.0,GBP,-1194.0,-1.05,no,
AAF,Airtel Africa,Telecommunications services,12360.0,USD,-165.0,-1.33,no,
BRBY,Burberry Group,Personal goods,4010.0,GBP,-75.0,-1.87,no,
BP,BP,Oil & gas producers,78830.0,USD,-2487.0,-3.15,no,
GLEN,Glencore,Mining,60530.0,USD,-2694.0,-4.45,no,
AV,Aviva,Life insurance,19720.0,GBP,-1139.0,-5.78,no,
AAL,Anglo American plc,Mining,37340.0,USD,-2788.0,-7.47,no,
PRU,Prudential plc,Life insurance,26230.0,USD,-2042.0,-7.78,no,
MRO,Melrose Industries,Aerospace & defence,5800.0,GBP,-480.0,-8.28,no,
CNA,Centrica,Multiline utilities,7790.0,GBP,-782.0,-10.04,no,
LMP,LondonMetric Property,Real Estate Investment Trusts,4430.0,GBP,-506.3,-11.43,no,
LAND,Land Securities,Real estate investment trusts,5120.0,GBP,-622.0,-12.15,no,
ABDN,Aberdeen Group,Financial Services,4530.0,GBP,-558.0,-12.32,no,
BBOX,Tritax Big Box REIT,Real Estate Investment Trusts,4450.0,GBP,-599.4,-13.47,no,
BATS,British American Tobacco,Tobacco,98000.0,GBP,-14367.0,-14.66,no,
VOD,Vodafone Group,Mobile telecommunications,26770.0,EUR,-4169.0,-15.57,no,
SGRO,Segro,Real estate investment trusts,11960.0,GBP,-1927.0,-16.11,no,
PSH,Pershing Square Holdings,Financial services,6880.0,USD,-1172.0,-17.03,no,
BLND,British Land,Real estate,4470.0,GBP,-1039.0,-23.24,no,
MNG,M&G,Financial services,8400.0,GBP,-2068.0,-24.62,no,
ENT,Entain,Travel & leisure,3640.0,GBP,-928.6,-25.51,no,
SDLF,Standard Life,Life insurance,9020.0,GBP,-2724.0,-30.2,no,
ALW,Alliance Witan,Investment Trusts,,,,,NODATA,cap not found
BT.A,BT Group,Telecommunications services,,,,,NODATA,fetch fail
CCEP,Coca-Cola Europacific Partners,Beverages,35020.0,,,,NODATA,fetch fail
EDV,Endeavour Mining,Mining,8300.0,,,,NODATA,fetch fail
FCIT,F & C Investment Trust,Collective investments,,,,,NODATA,cap not found
INVP,Investec,Financial Services,5190.0,,,,NODATA,fetch fail
MTLN,Metlen Energy & Metals,Multiline utilities,5270.0,,,,NODATA,fetch fail
PCT,Polar Capital Technology Trust,Investment trusts,,,,,NODATA,cap not found
SMT,Scottish Mortgage Investment Trust,Collective investments,,,,,NODATA,cap not found
