ticker,name,cap_m,oe_bottom_m,oe_top_m,spread,yield_bottom,yield_top,vs_sovereign,growth_required,div_yield,statute
HOG,"Harley-Davidson, Inc.",2928,555,578,0.04,0.1897,0.1973,0.1372,-0.0897,0.0262,0.1157
WGO,Winnebago Industries,865,119,185,0.545,0.1381,0.2134,0.0856,-0.0381,0.0458,0.015
LOW,"Lowe's Companies, Inc.",116910,6915,7050,0.019,0.0591,0.0603,0.0066,0.0409,0.0233,0.0551
AGCO,AGCO Corporation,7939,461,650,0.41,0.0581,0.0819,0.0056,0.0419,0.0104,-0.0535
SJM,The J.M. Smucker Company,14122,781,989,0.266,0.0553,0.07,0.0028,0.0447,0.0334,-0.0872
UNH,UnitedHealth Group,353545,19163,20196,0.054,0.0542,0.0571,0.0017,0.0458,0.0227,0.0341
KMB,Kimberly-Clark Corp.,36574,1954,2258,0.156,0.0534,0.0617,0.0009,0.0466,0.0462,0.0482
PNR,Pentair plc,9947,530,638,0.204,0.0533,0.0642,0.0008,0.0467,0.0172,0.0483
CSL,Carlisle Companies Inc.,14159,720,947,0.314,0.0509,0.0669,-0.0016,0.0491,0.0128,0.0298
SON,Sonoco Products Company,5583,260,397,0.523,0.0466,0.071,-0.0059,0.0534,0.0379,-0.0153
NATH,"Nathan's Famous, Inc.",403,18,20,0.089,0.0454,0.0494,-0.0071,0.0546,0.0406,0.0337
LMT,Lockheed Martin Corp.,130228,5859,6450,0.101,0.045,0.0495,-0.0075,0.055,0.0061,0.0385
QCOM,QUALCOMM Inc.,172263,7415,8638,0.165,0.043,0.0501,-0.0095,0.057,0.0219,0.0322
HD,"The Home Depot, Inc.",329302,13713,15289,0.115,0.0416,0.0464,-0.0109,0.0584,0.0281,0.043
ABBV,AbbVie Inc.,451463,18366,20112,0.095,0.0407,0.0445,-0.0118,0.0593,0.0267,0.0094
IBM,International Business Machine,221957,8963,10510,0.173,0.0404,0.0474,-0.0121,0.0596,0.0286,0.0074
LNN,Lindsay Corporation,1158,46,89,0.924,0.0398,0.0766,-0.0127,0.0602,0.0131,0.0368
MATX,"Matson, Inc.",6708,267,665,1.491,0.0398,0.0991,-0.0127,0.0602,0.0065,0.0443
ALG,Alamo Group Inc.,1996,79,138,0.749,0.0396,0.0692,-0.0129,0.0604,0.008,0.0402
SYY,Sysco Corporation,39329,1544,1676,0.085,0.0393,0.0426,-0.0132,0.0607,0.0264,0.0345
MLI,"Mueller Industries, Inc.",13958,547,612,0.12,0.0392,0.0438,-0.0133,0.0608,0.0095,0.0336
HII,Huntington Ingalls Industries,11593,446,482,0.081,0.0385,0.0416,-0.014,0.0615,0.0188,0.0469
CHE,Chemed Corporation,6841,250,278,0.113,0.0366,0.0407,-0.0159,0.0634,0.0048,0.0365
NEU,NewMarket Corporation,8412,291,493,0.695,0.0346,0.0586,-0.0179,0.0654,0.0128,0.0227
MCD,McDonald's Corporation,187164,6364,7608,0.196,0.034,0.0406,-0.0185,0.066,0.007,0.033
GIC,Global Industrial Co.,1509,51,69,0.346,0.0337,0.0454,-0.0188,0.0663,0.0278,0.0404
OSK,Oshkosh Corporation,9600,320,559,0.747,0.0334,0.0583,-0.0191,0.0666,0.0144,0.0181
FUL,H.B. Fuller Company,3031,100,153,0.532,0.033,0.0506,-0.0195,0.067,0.017,0.043
RPM,RPM International Inc.,13624,449,708,0.577,0.033,0.052,-0.0195,0.067,0.0203,0.0351
CHD,Church & Dwight Co.,24019,779,899,0.154,0.0324,0.0374,-0.0201,0.0676,0.012,0.0172
MDT,Medtronic plc,116862,3737,4875,0.305,0.032,0.0417,-0.0205,0.068,0.0079,0.0315
PM,Philip Morris International,298724,9491,9971,0.051,0.0318,0.0334,-0.0207,0.0682,0.0307,0.0236
ITW,Illinois Tool Works,79885,2503,2949,0.178,0.0313,0.0369,-0.0212,0.0687,0.023,0.0337
TKR,The Timken Company,8372,261,324,0.239,0.0312,0.0387,-0.0213,0.0688,0.0118,0.0344
UNP,Union Pacific Corp.,182803,5266,6644,0.262,0.0288,0.0363,-0.0237,0.0712,0.0045,0.0349
AIT,Applied Industrial Technologie,11825,339,412,0.214,0.0287,0.0348,-0.0238,0.0713,0.0062,0.0218
JKHY,Jack Henry & Associates,11900,325,583,0.796,0.0273,0.049,-0.0252,0.0727,0.014,0.0305
CSCO,"Cisco Systems, Inc.",432730,11156,11466,0.028,0.0258,0.0265,-0.0267,0.0742,0.0151,0.0235
JJSF,J&J Snack Foods Corp.,1668,42,95,1.27,0.0251,0.0571,-0.0274,0.0749,0.0359,0.0283
EME,"EMCOR Group, Inc.",32649,813,1145,0.409,0.0249,0.0351,-0.0276,0.0751,0.002,0.0117
KWR,Quaker Chemical Corporation,2855,67,147,1.198,0.0234,0.0514,-0.0291,0.0766,0.0122,-0.0056
SHW,The Sherwin-Williams Co.,83659,1951,2940,0.507,0.0233,0.0351,-0.0292,0.0767,0.0093,0.0223
HWKN,"Hawkins, Inc.",2512,58,90,0.549,0.0232,0.0359,-0.0293,0.0768,0.0064,0.0205
MWA,Mueller Water Products,3806,87,130,0.495,0.0229,0.0342,-0.0296,0.0771,0.0115,0.0185
ATR,"AptarGroup, Inc.",8456,185,285,0.544,0.0219,0.0337,-0.0306,0.0781,0.0144,0.0283
MMM,3M Company,89911,1786,3092,0.731,0.0199,0.0344,-0.0326,0.0801,0.0176,-0.0778
GWW,"W.W. Grainger, Inc.",61417,1194,1684,0.411,0.0194,0.0274,-0.0331,0.0806,0.0073,0.017
AAPL,Apple Inc.,4671962,90078,91845,0.02,0.0193,0.0197,-0.0332,0.0807,0.0033,0.0201
MSA,MSA Safety Inc.,7343,141,175,0.24,0.0192,0.0238,-0.0333,0.0808,0.0112,0.0029
WING,Wingstop Inc.,3072,58,104,0.8,0.0188,0.0339,-0.0337,0.0812,0.0109,0.0139
ECL,Ecolab Inc.,80452,1462,1963,0.342,0.0182,0.0244,-0.0343,0.0818,0.0099,0.0138
CW,Curtiss-Wright Corp.,22000,331,461,0.391,0.0151,0.021,-0.0374,0.0849,0.0016,0.0121
SXI,Standex International,3617,50,60,0.197,0.0138,0.0165,-0.0387,0.0862,0.0046,0.0154
WMT,Walmart Inc.,817057,9711,22080,1.274,0.0119,0.027,-0.0406,0.0881,0.0095,0.0143
BWXT,BWX Technologies,14004,157,305,0.936,0.0112,0.0218,-0.0413,0.0888,0.0069,0.017
MSFT,Microsoft Corporation,3811904,40268,110344,1.74,0.0106,0.0289,-0.0419,0.0894,0.0071,0.019
FIX,"Comfort Systems USA, Inc.",53451,531,825,0.555,0.0099,0.0154,-0.0426,0.0901,0.002,0.0027
AROC,"Archrock, Inc.",5478,47,233,3.959,0.0086,0.0425,-0.0439,0.0914,0.0282,0.0052
AVGO,Broadcom Inc.,1754548,14926,16145,0.082,0.0085,0.0092,-0.044,0.0915,0.0069,0.0034
NVDA,NVIDIA Corporation,5229678,35421,58003,0.638,0.0068,0.0111,-0.0457,0.0932,0.0013,0.0008
POWI,"Power Integrations, Inc.",2903,20,78,2.959,0.0068,0.027,-0.0457,0.0932,0.0123,0.0076
SWK,Stanley Black & Decker,14826,-179,670,,-0.0121,0.0452,-0.0646,0.1121,0.0254,-0.0209
ORCL,Oracle Corporation,434433,-11193,14464,,-0.0258,0.0333,-0.0783,0.1258,0.0133,0.0155
SCL,Stepan Company,1424,-65,41,,-0.0459,0.0291,-0.0984,0.1459,0.0189,0.0282
GBX,The Greenbrier Companies,1420,-232,92,,-0.1636,0.0649,-0.2161,0.2636,0.0288,0.0229
