Symbol,Name,State,Price,MktCap_M,NI_latest_M,NI_lowest5yr_M,YieldOnLatest,YieldOnLowest,PassesBareStatute_onLowest,Note
WELX,WINLAND HOLDINGS CORP,Minnesota,2.300000,11.66,-0.21,-0.21,-1.80%,-1.80%,no,
WTBFA,W T B FINANCIAL CRP A,Washington,700.000000,,,,,,no,mcap:market cap not found; ni:financials page fetch failed
WTBFB,W T B FINANCIAL CRP B,Washington,406.250000,993.25,108.91,55.80,10.97%,5.62%,YES,
TRCY,TRI CITY BANKSHARES CORP,Wisconsin,19.002500,169.22,15.14,6.46,8.95%,3.82%,no,
SOMC,STHN MICH BANCORP INC,Michigan,31.860000,148.25,12.48,10.40,8.42%,7.02%,no,
SOBS,SOLVAY BANK SOLVAY NY,New York,32.010000,81.15,,,,,no,ni:financials page fetch failed
SKAS,SAKER AVIATION SVCS,New York,6.600000,6.67,-0.80,-1.09,-11.99%,-16.34%,no,
AASP,AGASSI SPORTS ENTERTMT,Nevada,6.250000,81.54,-10.34,-10.34,-12.68%,-12.68%,no,
PGNT,PARAGON TECHS INC,Pennsylvania,4.787360,8.41,-2.38,-3.19,-28.30%,-37.93%,no,
RSRV,RESERVE PETROLEUM CO,Oklahoma,210.000000,31.83,4.13,-0.06,12.98%,-0.19%,no,
REOP,REO PLASTICS INC,Minnesota,52.010000,23.15,,,,,no,ni:financials page fetch failed
RAFI,REGENCY AFFILIATES INC,New York,4.300000,18.41,-0.69,-2.56,-3.75%,-13.91%,no,
GOGYD,GOLDEN GRAIL TECH NEW,Florida,9.500000,1.50,,,,,no,ni:financials page fetch failed
RCBC,RIVER CITY BANK CALIF,California,44.000000,624.79,74.06,44.48,11.85%,7.12%,YES,
PRPH,PROPHASE LABS INC,New York,0.066900,0.94,-24.06,-53.36,-2565.91%,-5690.64%,no,
PONT,PONTIAC BANCORP INC,Illinois,639.311200,,,,,,no,mcap:market cap not found; ni:financials page fetch failed
PPLL,PEOPLES LTD,Pennsylvania,58.660000,106.53,11.19,6.83,10.50%,6.41%,no,
PKIN,PEKIN LIFE INS CO CAP,Illinois,11.750000,200.55,0.34,-4.74,0.17%,-2.36%,no,
OXBC,OXFORD BANK CORP,Michigan,44.000000,108.95,9.67,8.82,8.88%,8.10%,YES,
ORBT,ORBIT INTL CORP,New York,4.100000,13.71,-4.42,-5.03,-32.24%,-36.69%,no,
NODB,NORTH DALLAS BK&TR CO TEX,Texas,64.550000,165.83,9.11,3.45,5.49%,2.08%,no,
NTBP,NEW TRIPOLI BANCORP INC,Pennsylvania,1100.000000,69.40,,,,,no,ni:financials page fetch failed
NEFB,NEFFS BANCORP INC,Pennsylvania,380.000000,56.10,2.80,2.24,4.99%,3.99%,no,
NSYC,NATL STK YDS CO,Oklahoma,390.000000,17.01,,,,,no,ni:financials page fetch failed
NACB,NATIONAL CAP BANCORP INC,Washington DC,78.000000,89.89,6.41,4.36,7.13%,4.85%,no,
MUEL,MUELLER PAUL CO,Missouri,444.000000,399.10,32.05,-9.89,8.03%,-2.48%,no,
MGAG,MORTGAGE OIL CORP,California,280.000000,,,,,,no,mcap:market cap not found; ni:financials page fetch failed
STLE,STEELE BANCORP INC,Pennsylvania,43.050000,146.59,25.96,4.15,17.71%,2.83%,no,
MBKL,MBT BANCSHARES INC,Louisiana,27.100000,55.38,6.79,3.50,12.26%,6.32%,no,
MCCK,MESTEK INC,Massachusetts,71.000000,535.76,95.60,4.47,17.84%,0.83%,no,
MNPP,MERCHANTS NATL PROPERTIES,New York,2150.000000,195.39,9.25,-3.68,4.73%,-1.88%,no,
MFGI,MERCHANTS FINCL GRP INC,Minnesota,40.590000,319.50,34.17,18.54,10.69%,5.80%,YES,
MFBP,M&F BANCORP INC,North Carolina,29.980000,58.07,4.21,2.78,7.25%,4.79%,no,
MCRAA,MCRAE INDUS INC A,North Carolina,48.750000,107.98,4.78,3.35,4.43%,3.10%,no,
MCRAB,MCRAE INDUS INC B,North Carolina,44.000000,,,,,,no,mcap:market cap not found; ni:financials page fetch failed
MCHT,MAUCH CHUNK TR FINCL CORP,Pennsylvania,6.250000,20.93,1.28,1.28,6.12%,6.12%,no,
MLGF,MALAGA FINANCIAL CORP,California,21.570000,213.43,21.55,19.60,10.10%,9.18%,YES,
LINS,LIFE INS CO ALA,Alabama,55.000000,,,,,,no,mcap:market cap not found; ni:financials page fetch failed
LINSA,LIFE INS CO ALA A,Alabama,12.500000,6.77,,,,,no,ni:financials page fetch failed
KSBI,KS BANCORP INC,North Carolina,77.700000,86.07,9.87,4.37,11.47%,5.08%,no,
ITEX,ITEX CORP,Washington,3.040630,5.08,0.50,-1.52,9.84%,-29.92%,no,
HONT,HONAT BANCORP INC,Pennsylvania,139.250000,199.22,17.40,10.93,8.73%,5.49%,no,
HFBK,HARFORD BK ABERDEEN MD,Maryland,45.750000,69.13,7.35,5.13,10.63%,7.42%,YES,
HMLN,HAMLIN BK&TR SMETHPORT PA,Pennsylvania,240.000000,85.63,,,,,no,ni:financials page fetch failed
HFBA,HFB FINANCIAL CORP,Kentucky,35.500000,40.11,3.56,1.38,8.88%,3.44%,no,
ABIT,ATHENA BITCOIN GLOBAL,Florida,0.003500,14.33,-9.13,-9.13,-63.71%,-63.71%,no,
FLEW,FLEETWOOD BANK CORP,Pennsylvania,72.000000,21.64,2.35,1.35,10.86%,6.24%,no,
FINN,FIRST NATL OF NEB INC,Nebraska,18750.000000,5070.00,389.02,227.44,7.67%,4.49%,no,
FKYS,FIRST KEYSTONE CORP,Pennsylvania,18.990000,119.57,7.06,-13.20,5.90%,-11.04%,no,
FHRT,FIRST HARTFORD CORP,Connecticut,26.500000,60.78,5.62,-4.67,9.25%,-7.68%,no,
FSCR,FEDERAL SCREW WORKS,Michigan,7.600000,10.50,-1.71,-5.14,-16.29%,-48.95%,no,
EACO,EACO CORP,California,101.010000,491.07,41.81,8.39,8.51%,1.71%,no,
FIDS,FNB INC,Ohio,29.919000,19.99,1.27,1.15,6.35%,5.75%,no,
FFWC,FFW CORPORATION,Indiana,52.050000,56.43,6.28,4.09,11.13%,7.25%,YES,
EXSR,EXCHANGE BK SANTA ROSA,California,166.000000,284.58,31.86,20.19,11.20%,7.09%,no,
ETCC,ENVIRONMENTAL TECTONICS,Pennsylvania,1.780000,27.95,3.05,-1.56,10.91%,-5.58%,no,
DLMI,DIAMOND LAKE MIN INC,Utah,13.500000,444.90,,,,,no,ni:financials page fetch failed
BIOQ,BIOQUAL INC,Maryland,32.500000,29.07,-1.24,-1.24,-4.27%,-4.27%,no,
CYAN,CYANOTECH CORP,Hawaii,0.529900,3.84,-1.78,-5.27,-46.35%,-137.24%,no,
CMPD,COMPUMED INC,California,6.500000,8.64,-0.04,-1.48,-0.46%,-17.13%,no,
CAWW,CCA INDUS INC,Pennsylvania,0.450000,3.40,-6.12,-6.12,-180.00%,-180.00%,no,
BURCA,BURNHAM HLDGS INC A,Pennsylvania,24.000000,96.94,-21.39,-21.46,-22.07%,-22.14%,no,
BURCB,BURNHAM HLDGS INC B,Pennsylvania,11.060000,,,,,,no,mcap:quote page fetch failed; ni:financials page fetch failed
WNMLA,WINMILL&CO INC A,New Hampshire,5.150000,7.19,2.08,-0.53,28.93%,-7.37%,no,
BRRE,BLUE RIDGE REAL ESTATE CO,Pennsylvania,9.250000,22.28,-1.78,-1.78,-7.99%,-7.99%,no,
BMBN,BENCHMARK BANKSHARES INC,Virginia,42.980000,191.28,15.85,10.22,8.29%,5.34%,no,
BKUT,BANK OF UTICA NY,New York,650.000000,158.60,,,,,no,ni:financials page fetch failed
BKUTK,BANK OF UTICA NY NON VTG,New York,630.510000,158.60,,,,,no,ni:financials page fetch failed
BKFG,BKF CAPITAL GROUP INC,California,94.000000,54.83,-0.67,-0.67,-1.22%,-1.22%,no,
BBBK,BAKER BOYER BANCORP WALLA,Washington,42.500000,55.17,3.53,1.89,6.40%,3.43%,no,
AVOA,AVOCA LLC,Louisiana,1200.000000,9.67,,,,,no,ni:financials page fetch failed
CFNBD,CALIFORNIA FIRST LSNG NEW,California,0.000000,304.85,67.83,-12.66,22.25%,-4.15%,no,
APTL,ALASKA PWR & TEL CO,Alaska,88.000000,81.49,5.62,5.62,6.90%,6.90%,no,
ACMT,ACMAT CORP,Connecticut,23.000000,,,,,,no,mcap:market cap not found; ni:financials page fetch failed
ACMTA,ACMAT CORP A,Connecticut,18.250000,15.67,0.38,-1.85,2.43%,-11.81%,no,
PYYX,PYXUS INTL INC NEW,North Carolina,3.500000,86.13,14.57,-82.12,16.92%,-95.34%,no,
GTPS,GREAT AMER BANCORP INC,Illinois,72.000000,25.66,3.35,0.40,13.06%,1.56%,no,
HBIA,HILLS BANCORP OF IOWA,Iowa,44.550000,778.65,68.01,38.18,8.73%,4.90%,no,
REDW,REDWOOD FINANCIAL INC,Minnesota,195.500000,71.11,,,,,no,ni:financials page fetch failed
SNLC,SECURITY NATL CP SIOUX CY,South Dakota,205.000000,418.20,,,,,no,ni:financials page fetch failed
SRNN,STHN BANC CO INC,Alabama,16.497500,12.54,1.06,0.48,8.45%,3.83%,no,
TAIT,TAITRON COMPONENTS INC A,California,1.660000,10.00,-0.97,-0.97,-9.70%,-9.70%,no,
WSTL,WESTELL TECHS INC A NEW,Illinois,7.190000,73.84,17.84,1.79,24.16%,2.42%,no,
SMAL,SUMMIT BANCSHS CALIF,California,58.050000,67.58,4.54,2.33,6.72%,3.45%,no,
CIWV,CITZNS FINCL CORP W VA,West Virginia,45.490000,81.65,11.24,5.79,13.77%,7.09%,no,
CEFC,COMML NATL FINCL CRP MICH,Michigan,15.050000,59.24,6.86,5.86,11.58%,9.89%,YES,
PHSE,PRIDE HOLDINGS GROUP,Florida,0.034800,68.21,-0.00,-0.02,,-0.03%,no,
UNPA,UNB CORP (PA),Pennsylvania,88.000000,5.04,,,,,no,ni:financials page fetch failed
AMFC,AMB FINANCIAL CORP,Indiana,34.500000,30.91,3.63,2.19,11.74%,7.09%,no,
CRZY,CRAZY WOMAN CREEK BANCORP,Wyoming,32.050000,16.99,2.38,1.28,14.01%,7.53%,YES,
FFDF,FFD FINANCIAL CORP,Ohio,45.450000,131.88,8.82,4.17,6.69%,3.16%,no,
KLIB,KILLBUCK BANCSHARES INC,Ohio,158.000000,82.55,4.57,2.87,5.54%,3.48%,no,
EBSH,EMPIRE BANCSHARES INC,Ohio,40.750000,26.95,,,,,no,ni:financials page fetch failed
FXLG,F S BANCORP LAGRANGE IN,Indiana,47.990000,196.09,21.46,12.95,10.94%,6.60%,no,
OICT,OICINTRA INC,Florida,11.250000,5050.00,,,,,no,ni:financials page fetch failed
MCAP,MCAP INC,Florida,8.000000,197.29,-1.34,-1.34,-0.68%,-0.68%,no,
DVTC,DEVELOPMENT TECHNOLOGIES,New York,5.000000,105.00,,,,,no,ni:financials page fetch failed
AMTY,AMERITYRE CORP,Nevada,0.031000,2.56,0.43,-0.04,16.80%,-1.56%,no,
BXLC,BEXIL CORP,New Hampshire,65.000000,35.80,5.07,-1.76,14.16%,-4.92%,no,
SEBC,SOESTRN BANKING CORP,Georgia,29.990000,95.96,9.88,7.50,10.30%,7.82%,YES,
AWCA,AWAYSIS CAPITAL INC,Florida,0.044000,18.01,-2.55,-7.06,-14.16%,-39.20%,no,
PCLB,PINNACLE BANCSHARES INC,Alabama,42.910000,38.55,4.25,4.07,11.02%,10.56%,YES,
CSBB,CSB BANCORP INC OH,Ohio,72.500000,190.46,14.19,10.01,7.45%,5.26%,no,
ANDC,ANDOVER BANCORP INC OH,Ohio,20.100000,39.57,4.38,3.16,11.07%,7.99%,YES,
DHTI,DALRADA TECHNOLOGY GROUP,California,0.019700,2.37,-21.73,-28.95,-916.88%,-1221.52%,no,
FRFC,FIRST ROBINSON FNCL CORP,Illinois,67.250000,34.58,4.46,1.92,12.90%,5.55%,no,
SCYT,SECURITY BANCRP INC TN,Tennessee,123.000000,46.49,3.27,2.29,7.03%,4.93%,no,
SVIN,SCHEID VINEYARDS INC A,California,0.688600,0.69,-25.64,-25.64,-3709.44%,-3709.44%,no,
AMEN,AMEN PROPERTIES INC,Texas,594.000000,31.04,1.70,1.70,5.48%,5.48%,no,
BAOB,BARABOO BNCRPTN INC,Wisconsin,6.550000,57.79,,,,,no,ni:financials page fetch failed
CFTN,CLIFTON MINING CO,Utah,0.161000,8.90,-0.31,-4.65,-3.48%,-52.25%,no,
FSGB,FIRST FED SO CAROLINA FSB,South Carolina,9.700000,9.82,,,,,no,ni:financials page fetch failed
PBCO,PBCO FINANCIAL CORP,Oregon,24.500000,123.85,9.29,0.98,7.50%,0.79%,no,
HLFN,HOME LOAN FINCL CORP,Ohio,43.430000,61.21,8.24,3.84,13.46%,6.27%,no,
ORPB,OREGON PACIFIC BNCRP,Oregon,11.300000,81.13,9.27,7.14,11.43%,8.80%,YES,
PTBS,POTOMAC BNCSHS INC,West Virginia,23.610000,97.85,9.81,6.83,10.03%,6.98%,no,
CYFL,CENTURY FINCL CORP MI,Michigan,47.500000,78.36,9.24,5.34,11.79%,6.81%,no,
BWMG,BROWNIE'S MARINE GRP INC,Florida,0.005400,2.74,0.44,-1.89,16.06%,-68.98%,no,
IDXG,INTERPACE BIOSCIENCES INC,New Jersey,1.620000,44.88,23.65,-21.96,52.70%,-48.93%,no,
CNRD,CONRAD INDUS INC,Louisiana,27.200000,198.96,19.21,-27.03,9.66%,-13.59%,no,
THVB,THOMASVILLE BNCSHS INC,Georgia,104.000000,659.12,44.75,23.09,6.79%,3.50%,no,
CMLSQ,CUMULUS MEDIA INC A,Georgia,0.006500,0.11,-185.20,-283.25,-161267.85%,-246647.51%,no,
LSFG,LIFESTORE FINCL GRP INC,North Carolina,63.000000,66.92,5.56,4.88,8.31%,7.29%,YES,
FRMO,FRMO CORP,New York,7.125000,313.66,43.12,-12.60,13.75%,-4.02%,no,
ENDI,ENDI CORP,Virginia,15.350000,130.24,2.53,1.09,1.94%,0.84%,no,
FNFI,FIRST NILES FINCL INC,Ohio,8.800000,13.54,0.66,0.25,4.87%,1.85%,no,
EFSG,ENTERPRISE FINL SVCS GP A,Pennsylvania,32.000000,38.41,3.46,2.54,9.01%,6.61%,no,
PNBI,PIONEER BANKSHARES INC,Virginia,44.500000,44.75,4.34,1.90,9.70%,4.25%,no,
MSBC,MISSION BANCORP,California,105.000000,307.91,27.58,18.72,8.96%,6.08%,YES,
FBPI,FIRST BANCORP INDIANA,Indiana,14.578000,24.81,1.58,1.17,6.37%,4.72%,no,
WNDW,SOLARWINDOW TECH INC,Arizona,0.270000,17.76,-2.36,-7.91,-13.29%,-44.54%,no,
CZBS,CITZNS BANCSHARES CORP,Georgia,55.250000,96.42,10.59,4.06,10.98%,4.21%,no,
FBVI,FCN BANC (BROOKSVLLE IN),Indiana,36.110000,61.12,6.96,4.23,11.39%,6.92%,no,
BYLB,BOYLE BNCRP (BOYLE KY),Kentucky,122.000000,104.70,,,,,no,ni:financials page fetch failed
FXBY,FOXBY CORP,New Hampshire,22.422000,,,,,,no,mcap:market cap not found; ni:financials page fetch failed
RITE,MINERALRITE CORP,Texas,0.002800,17.44,-0.36,-3.53,-2.06%,-20.24%,no,
ASCN,ABSECON BANCORP,New Jersey,116.000000,12.70,,,,,no,ni:financials page fetch failed
FCPB,FIRST CAPITAL BNCSHS SC,South Carolina,13.100000,138.89,10.81,0.75,7.78%,0.54%,no,
FOTB,FIRST OTTOWA BANKSHARES,Illinois,219.980000,208.87,25.30,11.52,12.11%,5.52%,no,
JTNB,JTNB BANCORP INC,Pennsylvania,20.394800,18.92,,,,,no,ni:financials page fetch failed
HRBK,HARBOR BANKSHARES CORP,Maryland,23.000000,29.19,1.88,0.73,6.44%,2.50%,no,
CZNL,CITZNS NATIONAL CORP KY,Kentucky,85.000000,83.04,5.71,4.68,6.88%,5.64%,no,
MDVT,MIDDLEBURY NATL CORP,Vermont,46.400000,39.94,3.15,3.15,7.89%,7.89%,YES,
QIND,QUALITY INDUSTRIAL CORP,California,0.007100,1.37,-4.03,-5.44,-294.16%,-397.08%,no,
SGMOQ,SANGAMO THERAPEUTICS INC,California,0.076000,31.49,-123.33,-257.83,-391.65%,-818.77%,no,
FMBN,FRMRS&MER BNCSHS IOWA,Iowa,37.000000,10.28,1.12,-0.08,10.89%,-0.78%,no,
CZBC,CITZNS BNCRP CORVALLIS OR,Oregon,14.770000,83.69,2.58,2.49,3.08%,2.98%,no,
CNBZ,CNB CORP MI,Michigan,27.000000,32.69,3.94,3.00,12.05%,9.18%,YES,
BHDB,BANK OF LABOR BANCSHARES,Kansas,120.000100,41.13,,,,,no,ni:financials page fetch failed
CCBC,CHINO COMML BANCORP (CA),California,17.350000,66.87,6.18,3.13,9.24%,4.68%,no,
CMHF,COMMUNITY HERITAGE FINCL,Maryland,35.650000,105.02,9.62,4.30,9.16%,4.09%,no,
ELMA,ELMER BANCORP INC,New Jersey,25.650000,29.54,2.82,1.95,9.55%,6.60%,no,
BWTL,BOWLIN TRAVEL CENTERS INC,New Mexico,3.390000,12.87,0.02,0.02,0.16%,0.16%,no,
BORT,BANK OF BOTETOURT BUCH VA,Virginia,52.100000,102.91,11.84,6.88,11.51%,6.69%,no,
RSCF,REFLECT SCIENTIFIC INC,Utah,0.042770,3.66,-0.03,-0.46,-0.82%,-12.57%,no,
WDFN,WOODLANDS FINL SVCS CO,Pennsylvania,31.530000,44.12,5.85,-3.98,13.26%,-9.02%,no,
ORBN,OREGON BANCORP INC (OR),Oregon,27.000000,67.01,3.12,3.12,4.66%,4.66%,no,
CTYP,COMMUTY BANKERS PA,Pennsylvania,10.060000,22.74,,,,,no,ni:financials page fetch failed
MAAL,MARKETING ALLIANCE INC,Missouri,1.850000,12.63,0.66,0.47,5.23%,3.72%,no,
JFWV,JSB FINCL INC,West Virginia,122.000000,31.41,4.16,3.04,13.24%,9.68%,YES,
DWNX,DELHI BANK CORP,New York,21.000000,71.15,2.47,1.71,3.47%,2.40%,no,
CZBT,CITZNS BANCORP OF VA INC,Virginia,39.000000,82.05,9.87,5.63,12.03%,6.86%,no,
APLO,APOLLO BANCORP INC,Pennsylvania,54.000000,27.14,2.20,1.70,8.11%,6.26%,no,
FMFG,FARMERS & MER BANCSHARES,Maryland,18.800000,60.83,6.43,4.28,10.57%,7.04%,no,
TMAK,TOUCHMARK BANCSHARES INC,Georgia,9.270000,41.50,1.53,1.53,3.69%,3.69%,no,
MKIN,MCNB BANKS INC,West Virginia,19.450000,21.00,,,,,no,ni:financials page fetch failed
SFDL,SECURITY FEDERAL CORP,South Carolina,40.500000,125.28,14.18,9.81,11.32%,7.83%,YES,
SBNC,STHN BANCSHARES INC NC,North Carolina,12600.000000,947.92,68.28,29.92,7.20%,3.16%,no,
TYBT,TRINITY BANK NA,Texas,96.500000,105.49,9.15,5.82,8.67%,5.52%,no,
CYVF,CRYSTAL VALLEY FINCL CORP,Indiana,79.600000,100.40,10.97,10.14,10.93%,10.10%,YES,
FMFP,FIRST COMMUTY FINCL (PA),Pennsylvania,14.130000,39.98,1.93,1.10,4.83%,2.75%,no,
CCYY,CCCB BANCORP INC,Pennsylvania,10.380000,17.29,0.87,0.16,5.03%,0.93%,no,
HBSI,HIGHLANDS BANKSHARES INC,West Virginia,46.500000,61.35,4.85,3.34,7.91%,5.44%,no,
BCSO,BANCORP SOUTHERN INDIANA,Indiana,60.000000,80.92,8.28,6.74,10.23%,8.33%,YES,
TDCB,THIRD CENTURY BANCORP,Indiana,17.190000,19.96,2.03,1.02,10.17%,5.11%,no,
BEOB,BEO BANCORP,Oregon,58.000000,139.69,16.19,6.92,11.59%,4.95%,no,
PVBK,PACIFIC VALLEY BANCORP,California,8.950000,48.68,3.81,3.59,7.83%,7.37%,YES,
SWRD,"STEWARDS, INC",Florida,3.000000,627.31,-24.69,-24.69,-3.94%,-3.94%,no,
PWBK,PACIFIC WEST BANCORP,Oregon,12.320000,33.36,0.72,-0.34,2.16%,-1.02%,no,
HVLM,HURON VALLEY BANCORP INC,Michigan,36.000000,31.64,2.88,1.99,9.10%,6.29%,no,
PGNN,PARAGON FINCL SLTNS INC,Tennessee,13.493333,62.26,7.78,-3.54,12.50%,-5.69%,no,
SONG,MUSIC LICENSING INC,Florida,0.000300,2.00,-54.42,-54.42,-2721.00%,-2721.00%,no,
CAIB,CALIFORNIA INTL BANK,California,0.076000,14.31,,,,,no,ni:financials page fetch failed
GVFF,GREENVILLE FEDERAL FINCL,Ohio,6.455000,12.88,0.26,-1.68,2.02%,-13.04%,no,
MFDB,MUTUAL FEDERAL BNCRP IL,Illinois,0.000600,0.00,-1.65,-1.65,-83756.35%,-83756.35%,no,
QVCAQ,QVC GROUP INC A NEW,Pennsylvania,0.100000,0.82,-2386.00,-2594.00,-292151.34%,-317619.69%,no,
QVCGQ,QVC GROUP INC B NEW,Pennsylvania,0.140000,,,,,,no,mcap:market cap not found; ni:financials page fetch failed
GVYB,GOLDEN VY BANCSHARES INC,California,26.000000,57.04,5.10,3.24,8.94%,5.68%,no,
TRUX,TRUXTON CORP,Tennessee,99.000000,285.89,23.23,14.54,8.13%,5.09%,no,
TVLF,TENNESSEE VLY FINL HL INC,Tennessee,11.960000,21.90,,,,,no,ni:financials page fetch failed
SBKO,SUMMIT BANK GROUP INC,Oregon,22.500000,177.32,16.00,8.92,9.02%,5.03%,no,
FPBC,FIRST PACIFIC BANCORP,California,7.300000,32.01,2.07,-0.99,6.47%,-3.09%,no,
HCKG,HOCKING VALLEY BNCSHS INC,Ohio,29.650000,36.86,4.16,2.49,11.29%,6.76%,no,
PFBN,PACIFIC ALLIANCE BANK CA,California,8.485000,27.41,1.43,-2.39,5.22%,-8.72%,no,
FSMK,1ST SUMMIT BNCRP JOHNTOWN,Pennsylvania,39.710000,84.12,6.84,2.65,8.13%,3.15%,no,
AMBK,AMER BANK INC (PA),Pennsylvania,21.730000,142.95,9.02,4.44,6.31%,3.11%,no,
SLRK,SOLERA NATL BNCRP INC CO,Colorado,20.000000,86.00,25.05,11.09,29.13%,12.90%,YES,
RBCN,RUBICON TECH INC,Illinois,5.260000,52.66,0.94,-1.15,1.79%,-2.18%,no,
UCIX,UMBRA COMPANIES INC,Colorado,0.003000,1.51,-0.05,-6.36,-3.31%,-421.19%,no,
BSAI,BLUSKY AI INC.,Utah,6.000000,149.96,-5.12,-5.12,-3.41%,-3.41%,no,
ABBB,AUBURN BANCORP INC,Maine,10.250000,5.15,0.37,0.00,7.18%,,no,
FFPP,FAST FINANCE PAY CORP,New York,19.980000,610.28,-6.97,-6.97,-1.14%,-1.14%,no,
FFMH,FIRST FMRS & MERCHANTS CO,Tennessee,58.000000,229.20,19.62,15.62,8.56%,6.82%,no,
PBKX,PARTNERS BANK CALIFORNIA,California,17.450000,81.19,6.72,3.55,8.28%,4.37%,no,
VERF,VERSAILLES FINANCIAL CORP,Ohio,27.170000,8.63,0.48,0.15,5.56%,1.74%,no,
UNBK,UNITED NATL BK CAIRO GA,Georgia,56.000000,45.07,,,,,no,ni:financials page fetch failed
DRCR,DEAR CASHMERE HOLDING CO,New York,0.013100,0.82,1.98,0.00,240.82%,,no,
CUAI,COPPER INTELLIGENCE INC,New York,5.350000,37.73,,,,,no,ni:financials page fetch failed
BLMH,BLUM HOLDINGS INC.,California,0.200000,6.31,10.64,-188.93,168.62%,-2994.14%,no,
NWPP,NEW PEOPLES BNKSHS INC,Virginia,4.340000,102.20,11.25,7.01,11.01%,6.86%,no,
HCGI,HUNTWICKE CAPITAL GROUP,Massachusetts,99.990000,429.93,-0.30,-0.30,-0.07%,-0.07%,no,
AGSS,AMERIGUARD SECURITY SVC,California,0.016000,1.57,0.14,-2.34,8.92%,-149.04%,no,
LCTC,LIFELOC TECHNOLOGIES INC,Colorado,3.800000,10.46,-2.33,-2.47,-22.28%,-23.61%,no,
OAKV,OAK VIEW BANKSHARES INC,Virginia,15.600000,54.40,7.70,2.47,14.15%,4.54%,no,
ETST,EARTH SCIENCE TECH INC,Florida,0.158000,45.53,3.63,-0.37,7.97%,-0.81%,no,
MCBK,MADISON COUNTY FINCL INC,Nebraska,31.770000,81.26,6.99,3.23,8.60%,3.97%,no,
ATVK,AMERITEK VENTURES,Illinois,9.750000,89.03,-0.33,-6.38,-0.37%,-7.17%,no,
LGMK,LOGICMARK INC,Kentucky,0.800000,0.72,-6.73,-14.55,-934.97%,-2021.37%,no,
DENI,DENALI BANCORP INC,Alaska,17.650000,51.41,7.72,4.43,15.02%,8.62%,YES,
PREM,PREMIER AIR CHARTER HLDGS,California,0.052500,14.74,-3.80,-3.87,-25.78%,-26.26%,no,
SSGC,SAFESPACE GLOBAL CORP,Tennessee,0.097655,18.69,-7.59,-7.59,-40.61%,-40.61%,no,
EVFM,EVOFEM BIOSCIENCE INC,California,0.008300,1.10,-6.03,-205.19,-548.18%,-18653.64%,no,
LBRA,1847 HOLDINGS LLC,New York,0.006600,0.43,62.79,-100.00,14570.47%,-23205.09%,no,
LYXX,LYNX CAPITAL,New York,5.500000,48.82,,,,,no,ni:financials page fetch failed
CFOR,CAPFORCE INC,Maryland,21.000000,260.07,23.32,-37.28,8.97%,-14.33%,no,
EQFN,EQUITABLE FINCL CORP,Nebraska,18.090000,42.49,3.59,1.58,8.45%,3.72%,no,
PLSH,PANACEA LIFE SCIENCE HLD,Colorado,0.100000,5.95,-7.67,-9.14,-128.91%,-153.61%,no,
AREB,AMERICAN REBEL HLDGS INC,Tennessee,0.155000,1.98,-36.12,-36.12,-1824.24%,-1824.24%,no,
PRMY,PRIMARY BK,New Hampshire,35.050000,170.51,11.64,8.39,6.83%,4.92%,no,
SFCX,SUPA CONSOLIDATED INC,California,0.097700,28.41,-0.62,-1.49,-2.18%,-5.24%,no,
WCFB,WCF BANCORP INC,Iowa,6.040000,7.18,-2.34,-2.34,-32.59%,-32.59%,no,
BCTF,BANCORP 34 INC,Arizona,15.270000,116.67,7.21,-3.40,6.18%,-2.91%,no,
PVOZ,PARK VIEW OZ REIT INC,Massachusetts,150.000000,5.62,,,,,no,ni:financials page fetch failed
YIYU,YIYOU HOLDINGS INC,Nevada,100.000000,,,,,,no,mcap:quote page fetch failed; ni:financials page fetch failed
CMRB,FIRST COMMERCE BANCORP,New Jersey,6.750000,114.56,10.04,4.52,8.76%,3.95%,no,
HRGG,HERITAGE NOLA BANCORP INC,Louisiana,19.750000,23.45,0.48,-1.54,2.05%,-6.57%,no,
RVCB,RIVER VY CMNTY BANCORP,California,23.720000,75.14,4.33,4.33,5.76%,5.76%,no,
NMBF,NMB FINL  CORP,New Jersey,18.900000,,,,,,no,mcap:market cap not found; ni:financials page fetch failed
ELLH,ELAH HLDGS INC,Texas,13.000000,9.61,-1.89,-2.42,-19.67%,-25.18%,no,
CDAB,COEUR D ALENE BANCORP,Idaho,16.000000,30.13,1.80,1.48,5.97%,4.91%,no,
CITZ,CITIZENS BANCSHARES CP SC,South Carolina,43.259751,84.41,11.02,10.26,13.06%,12.15%,YES,
PBKC,PIONEER BANKCORP INC,Florida,83.000000,91.45,,,,,no,ni:financials page fetch failed
TBBA,TEB BANCORP INC,Wisconsin,6.950000,18.24,-1.31,-1.99,-7.18%,-10.91%,no,
FDCTD,FDCTECH INC NEW,California,3.000000,12.69,12.55,-1.74,98.90%,-13.71%,no,
ERKH,EUREKA HOMESTEAD BNCRP,Louisiana,13.172000,12.43,-0.51,-0.51,-4.10%,-4.10%,no,
FGFI,FIRST GREENWICH FCL INC,Connecticut,19.650000,52.89,,,,,no,ni:financials page fetch failed
WOBK,WOODSBORO BK MD,Maryland,86.000000,34.09,,,,,no,ni:financials page fetch failed
MPCB,MOUNTAIN PACIFIC BANCORP,Washington,16.000000,111.79,12.83,7.08,11.48%,6.33%,no,
ACAT,ACASIA TECH INC A,Texas,0.130000,0.56,-0.00,-0.13,,-23.28%,no,
FSBH,FSBH CORP,Florida,16.500000,49.23,,,,,no,ni:financials page fetch failed
TBBC,TRIAD BUSINESS BANK,North Carolina,6.500000,52.57,1.60,-4.32,3.04%,-8.22%,no,
NOTE,FISCALNOTE HLDG INC A,Washington DC,0.097300,2.73,-104.61,-218.26,-3831.87%,-7994.87%,no,
LTCH,LATCH INC,Missouri,0.171200,28.12,-48.44,-167.15,-172.26%,-594.42%,no,
STBK,STUDIO FINL HLDGS INC,Tennessee,13.300000,,,,,,no,mcap:market cap not found; ni:financials page fetch failed
FOXOD,FOXO TECHNOLOGIES A NEW,Florida,0.070000,0.10,-13.27,-95.26,-13346.07%,-95806.09%,no,
CNDA,CONCORD ACQ CORP II A,New York,11.420000,80.07,1.46,-0.77,1.82%,-0.96%,no,
RBNK,RIVERBANK HOLDING COMPANY,Washington,29.000000,32.71,,,,,no,ni:financials page fetch failed
PLQC,PLAINS ACQUISITION CORP,Texas,69.000000,179.34,17.35,11.61,9.67%,6.47%,no,
PCBB,PACIFIC COAST BANKERS BK,California,0.000000,,,,,,no,mcap:quote page fetch failed; ni:financials page fetch failed
SFCO,SOUTHERN FINL CORP,South Carolina,9.550000,32.28,,,,,no,ni:financials page fetch failed
FIGP,FORGE GROUP INC,Maryland,23.000000,47.55,6.90,-12.11,14.51%,-25.47%,no,
HLEO,HELIO CORPORATION,California,1.030000,26.72,-7.48,-7.48,-27.99%,-27.99%,no,
NMHI,NATURE'S MIRACLE HLDG INC,California,0.001000,0.64,-7.12,-13.65,-1118.39%,-2144.10%,no,
WFDI,WESTERN FUNDING INC,Nevada,6.800000,,,,,,no,mcap:market cap not found; ni:financials page fetch failed
