Symbol,MktCap_M,NI_lowest5yr_M,YieldOnLowest,ca,cl,tl,err
MAN,1814.7,419.2,23.1,5062.8,4502.6,,
WU,2512.0,499.6,19.89,,,7189.7,
VSNT,5084.6,930.0,18.29,2650.0,1140.0,,
EFOR,709.4,113.5,16.0,970.3,461.9,2238.7,
BBWI,4260.0,649.0,15.23,1899.0,1377.0,,
ASO,2930.2,376.8,12.86,2106.116,1256.196,3382.634,
KBH,3540.1,428.8,12.11,,,,
RITM,5153.5,622.3,12.08,,,43869.249,
HOG,2819.7,338.7,12.01,4742.686,2478.127,,
RDN,5015.5,582.6,11.62,,,5843.115,
ESNT,6110.2,681.8,11.16,,,1873.266,
SBH,1411.9,153.4,10.86,1292.76,553.485,2015.418,
ABG,4070.0,430.3,10.57,3043.7,3223.1,,
HRB,5300.2,553.7,10.45,1288.483,1294.413,3416.09,
MHO,3829.1,396.9,10.37,,,1596.054,
LAD,7730.0,796.7,10.31,8151.8,8199.7,19340.2,
MTG,6180.2,635.0,10.27,,,1379.462,
TMHC,6709.7,663.0,9.88,,,3523.845,
SLM,4829.9,469.0,9.71,,,26971.959,
LKQ,6349.4,608.0,9.58,5475.0,3547.0,,
AN,6990.0,649.1,9.29,4580.1,5626.4,,
MTH,5013.8,453.0,9.03,,,2460.842,
MTDR,6590.4,585.0,8.88,1084.776,1479.015,,
BKE,2230.4,195.5,8.77,470.97,230.687,589.918,
CPB,6530.0,567.0,8.68,2559.0,2954.0,11112.0,
GPI,3800.0,325.2,8.56,3507.3,3701.1,,
EPAM,4490.3,377.7,8.41,2357.425,884.329,1271.739,
DFH,1479.6,121.1,8.18,,,2378.051,
SLVM,1493.3,118.0,7.9,1097.0,758.0,,
CRC,4640.0,363.0,7.82,788.0,1441.0,,
CCS,1910.0,147.6,7.73,,,1956.586,
AMSF,612.3,47.1,7.69,,,876.362,
PRKS,2234.9,168.4,7.54,241.422,454.861,3164.731,
NMIH,3121.3,231.1,7.4,,,1277.206,
AMPH,855.2,62.1,7.26,633.683,164.478,874.771,
AFG,11630.0,842.0,7.24,,,27675.0,
OVV,15860.0,1125.0,7.09,1814.0,3213.0,10736.0,
BYD,6669.3,463.8,6.95,530.0,882.957,,
PAG,13460.0,935.4,6.95,6318.6,6553.6,12636.0,
G,5289.9,353.4,6.68,2405.258,1426.258,3142.046,
THO,3900.6,258.6,6.63,2886.562,1691.047,,
MGY,4944.4,325.3,6.58,319.663,290.53,34.332073,
CRI,1410.1,91.8,6.51,1211.627,433.425,1555.698,
LZB,1593.8,99.6,6.25,773.914,429.895,,
IIPR,1830.2,114.0,6.23,,,499.44,
FBIN,6280.0,389.6,6.2,2023.7,949.0,4188.9,
GPK,3290.0,204.0,6.2,2955.0,2098.0,10.8,
UFPI,4800.1,294.8,6.14,2269.74,488.922,930.638,
EMN,7760.0,474.0,6.11,4056.0,2768.0,9136.0,
JBSS,972.7,58.9,6.06,352.139,153.171,263.02,
GNTX,5300.7,318.8,6.01,1208.193001,444.57926,492.029538,
MKTX,4108.9,246.6,6.0,,,1097.619,
GRBK,3169.8,190.2,6.0,8.779,2.076,542.505,
ORI,10100.0,598.6,5.93,,,23670.5,
ACT,6269.6,370.4,5.91,,,1618.454,
TOL,14319.5,833.6,5.82,,,6047.184,
VOYA,8930.0,510.0,5.71,,,166727.0,
EXP,6609.2,374.2,5.66,950.889,260.155,2367.416,
KOP,932.2,52.4,5.62,668.9,246.5,1330.8,
BFH,4010.0,223.0,5.56,19387.4,12934.4,18983.0,
SLGN,5010.4,276.4,5.52,2966.768,2357.783,,
POOL,7374.9,406.4,5.51,2344.2,1252.466,2866.061,
STWD,6179.8,339.2,5.49,,,54738.601,
PRG,1863.3,98.7,5.3,,,1268.157,
OGN,3542.6,187.0,5.28,4932.0,2500.0,12093.0,
LGIH,1379.5,72.6,5.26,,,1907.751,
MMS,3100.2,161.8,5.22,1508.848,681.687,2542.213,
UNM,14220.0,738.5,5.19,,,51821.9,
CHH,5059.9,258.5,5.11,410.775,433.989,2807.159,
RLI,5480.9,279.4,5.1,,,4605.433,
MAT,4261.0,214.4,5.03,2492.049,1210.619,,
OLED,3729.7,184.2,4.94,932.278,97.764,190.736,
WS,1767.5,87.1,4.93,1106.5,745.6,958.1,
FIZZ,2890.7,142.2,4.92,593.059,135.214,215.933,
TNL,4680.0,230.0,4.91,3682.0,3099.0,7863.0,
DBX,6850.0,335.8,4.9,1448.4,1175.7,5042.6,
LOPE,3800.5,184.7,4.86,379.975,138.419,271.704,
PATK,2783.7,135.1,4.85,1014.712,374.02,2030.073,
CXT,2990.0,145.1,4.85,1014.1,762.7,2381.8,
VRRM,650.7,31.4,4.83,438.868,231.941,1383.998,
FLO,1749.5,83.8,4.79,761.539,988.206,,
FCN,4960.7,235.0,4.74,1556.889,676.828,1844.831,
PRDO,2028.8,95.9,4.73,747.345,155.177,,
SCI,11009.0,518.6,4.71,447.742,790.598,,
MATX,6321.9,297.1,4.7,436.4,529.9,,
REYN,5522.1,258.0,4.67,1105.0,616.0,2665.0,
OTTR,3786.8,176.8,4.67,798.96,391.881,,
ALLY,14350.0,668.0,4.66,,,181660.0,
PLUS,2262.1,104.6,4.62,1427.734,638.143,731.982,
ALSN,9580.0,442.0,4.61,2302.0,1247.0,6800.0,
SR,4740.0,217.5,4.59,1588.4,2910.1,,
CNO,5000.0,229.3,4.59,,,36465.0,
CENTA,2360.4,108.0,4.58,2087.723,605.162,,
LEA,7200.0,327.7,4.55,8254.0,6215.8,,
NSIT,3461.9,157.3,4.54,7452.736,6133.971,8452.681,
ALV,9360.0,423.0,4.52,3987.0,3708.0,,
CBT,4720.0,209.0,4.43,1547.0,1068.0,,
KFY,3821.4,169.2,4.43,1905.977,982.01,2085.873,
MDU,4317.4,190.4,4.41,559.55,718.342,,
BCC,2669.2,116.9,4.38,1734.242,627.03,,
BFS,871.5,37.5,4.3,,,1683.378,
SAIC,4860.0,209.0,4.3,1199.0,1037.0,,
AVA,3429.2,147.3,4.3,735.0,820.0,5632.0,
PRGS,1595.7,68.4,4.29,336.502,416.035,,
EVTC,1859.5,79.7,4.29,602.343,306.225,1530.191,
AEO,2919.2,125.1,4.29,1238.593,801.626,,
CON,3909.6,166.4,4.26,404.214,320.875,2435.79,
FUL,3071.0,130.3,4.24,1399.42,779.061,3246.329,
KTB,4652.8,195.4,4.2,1123.399,601.016,2031.206,
VVV,5020.0,210.7,4.2,272.3,371.3,,
POST,3980.0,166.7,4.19,2051.8,1106.9,9772.0,
GLPI,12788.9,534.0,4.18,,,8728.577,
CHDN,6010.0,249.1,4.14,452.0,836.0,6341.0,
OGS,5009.2,206.4,4.12,796.64,1402.28,,
BKH,5770.0,236.7,4.1,788.2,1220.9,,
OGE,10180.0,416.8,4.09,808.5,1231.9,9532.9,
RUSHA,5919.7,241.4,4.08,2205.087,1512.583,,
TREX,4529.4,184.6,4.08,580.031,566.401,734.053,
ALG,1978.9,80.2,4.05,983.571,227.832,554.52,
ATMU,4210.0,170.1,4.04,911.1,360.6,1438.3,
OPCH,3470.0,139.9,4.03,1195.107,729.745,2029.031,
NWE,4510.2,181.1,4.02,513.172,730.922,5673.622,
CENT,2690.4,108.0,4.01,2087.723,605.162,,
WTRG,10759.7,431.6,4.01,622.63,654.446,,
LPG,1797.3,71.9,4.0,450.25008,168.826618,732.696339,
PRI,9750.9,386.2,3.96,,,12157.552,
DLB,4730.3,184.1,3.89,1414.709,474.606,622.362,
SMPL,1051.4,40.9,3.89,464.138,96.778,644.324,
MOH,12158.1,472.0,3.88,13326.0,8188.0,12311.0,
CNH,13140.0,510.0,3.88,,,34170.0,
R,10560.0,406.0,3.84,2486.0,3668.0,13370.0,
CACC,6450.0,247.9,3.84,,,7180.5,
UTL,957.5,36.1,3.77,236.9,415.9,,
ARW,10440.7,392.1,3.76,32555.242,26287.345,,
CHE,6659.4,249.6,3.75,274.063,321.415,687.821,
ANDE,2559.7,95.7,3.74,2557.105,1870.63,2610.331,
NWN,2119.6,78.7,3.71,584.12,730.528,,
FNF,13990.0,517.0,3.7,,,102780.0,
ESAB,5590.4,205.3,3.67,2170.158,729.996,3389.001,
CNXN,1919.8,69.9,3.64,1290.605,477.205,503.326,
SIGI,5699.7,207.0,3.63,,,11734.555,
LNN,1176.8,42.6,3.62,480.352,163.673,322.547,
CVCO,4389.5,157.8,3.59,824.733,335.398,387.957,
MLI,13039.4,468.5,3.59,2672.04,499.281,581.531,
BJ,11881.3,426.7,3.59,2214.901,3044.859,5802.739,
CACI,10220.2,366.8,3.59,2042.799,1266.753,7322.737,
MUSA,11060.0,396.9,3.59,871.1,1049.8,4207.7,
MGEE,2959.9,105.8,3.57,211.134,183.163,,
CBRL,1149.2,40.9,3.56,290.552,580.055,,
RHI,3754.5,133.0,3.54,1969.492,1268.887,1472.471,
TTC,8950.0,316.1,3.53,1760.2,1131.2,,
RPM,13570.3,478.7,3.53,3053.44,1338.434,,
SFM,6931.2,244.2,3.52,772.294,837.798,2835.134,
WOR,2749.7,96.1,3.49,503.863,213.236,820.978,
GGG,12641.0,439.9,3.48,1566.565,440.583,,
BAH,7830.0,272.0,3.47,2961.0,1663.0,6013.0,
KRC,4739.7,164.6,3.47,,,5285.944,
SSD,7798.6,266.4,3.42,1355.489,398.53,978.373,
AGO,3650.0,124.0,3.4,,,7071.0,
JJSF,1417.6,47.2,3.33,433.487,207.5,,
WD,1695.6,56.2,3.31,,,4431.674,
RGA,15720.0,517.0,3.29,,,150680.0,
COLM,3289.6,108.0,3.28,1618.174,527.089,981.616,
WH,5920.0,193.0,3.26,475.0,483.0,3801.0,
FND,6320.9,205.9,3.26,1604.988,1395.093,3119.566,
SMP,847.3,27.5,3.25,1119.545,501.072,1340.72,
EXPO,3118.8,100.3,3.22,340.888,142.198,349.044,
GTM,907.7,29.1,3.21,410.0,598.5,4896.1,
FA,3628.9,116.0,3.2,539.318,203.497,2460.38,
LW,6289.2,200.9,3.19,2059.9,1409.5,2503.7,
SKY,4595.3,146.7,3.19,1128.218,455.342,13.72,
FELE,4610.3,147.1,3.19,1015.285,379.745,,
PLAB,1753.8,55.4,3.16,943.926,186.965,237.365,
BOOT,4680.1,147.0,3.14,1034.399,390.972,1131.419,
RRC,8538.7,266.3,3.12,375.77,678.657,2802.514,
NNN,9359.6,290.1,3.1,,,4971.053,
MSEX,1019.1,31.5,3.09,46.827,119.655,,
FCPT,2770.6,85.6,3.09,,,1287.754,
MCRI,2244.3,68.5,3.05,146.879,150.567,175.325,
SCL,1331.8,40.2,3.02,906.238,720.453,,
AYI,10190.0,306.3,3.01,1618.5,788.3,1783.9,
BRC,4331.4,129.7,2.99,678.929,337.804,487.966,
ABM,2720.0,81.4,2.99,2034.0,1391.6,3898.7,
ENVA,5859.3,175.1,2.99,440.775,64.079,5475.468,
TNC,1468.2,43.8,2.98,611.1,288.6,743.6,
MZTI,3010.5,89.6,2.98,513.931,198.855,,
TKR,9690.0,288.4,2.98,2755.0,956.9,2902.0,
DORM,4108.3,121.5,2.96,1475.4,448.125,,
KMX,8364.6,247.3,2.96,5834.329,2157.054,20508.313,
CSL,14270.0,421.7,2.96,2032.4,601.3,,
ACI,7360.0,217.4,2.95,6715.7,7824.0,,
TEX,7480.0,220.9,2.95,3171.0,1724.0,5366.0,
IDA,8371.7,245.6,2.93,833.404,897.835,,
WINA,1347.1,39.4,2.92,30.7677,8.2047,,
HIW,3571.6,104.3,2.92,,,3982.858,
GTY,2081.7,60.2,2.89,,,1090.345,
PZZA,1055.7,30.5,2.89,240.407,284.706,1269.373,
GTES,6750.0,194.9,2.89,2489.4,678.5,3387.2,
PAYC,6895.0,196.0,2.84,3074.0,2839.5,4010.1,
MSM,7019.0,199.3,2.84,1276.75,824.733,1076.24,
WCC,16400.0,465.4,2.84,9953.6,4688.2,11866.8,
SAH,3151.9,88.5,2.81,2964.3,2874.9,,
GEF,3880.0,108.8,2.8,1563.8,1226.1,,
ATR,8600.4,239.3,2.78,1768.272,1063.033,,
DOCS,4059.4,112.8,2.78,944.264,154.973,172.85,
AVT,6949.5,193.1,2.78,11384.766,5663.441,8535.957,
AWI,6650.0,183.2,2.75,402.4,262.1,,
AXTA,7040.0,192.0,2.73,2827.0,1348.0,5091.0,
LTC,2051.7,55.9,2.72,,,919.348,
STRA,1715.3,46.7,2.72,303.84,262.926,443.923,
LPX,5370.0,146.0,2.72,760.0,233.0,850.0,
DCI,10560.0,286.9,2.72,1572.8,668.5,1392.2,
ACLS,4458.6,120.2,2.7,935.682,203.914,329.901,
NEU,7099.7,190.9,2.69,1064.77,417.255,1771.758,
PHIN,2944.3,79.0,2.68,1770.0,970.0,2252.0,
GOLF,6701.0,178.9,2.67,1295.295,452.012,1773.272,
CPK,3131.3,83.5,2.67,239.1,553.7,,
WSO,15738.3,418.9,2.66,3181.178,951.871,,
DFIN,1220.0,32.4,2.66,261.1,185.6,464.1,
FR,9408.4,247.4,2.63,,,2921.071,
EXLS,4381.6,114.8,2.62,797.361,299.514,897.575,
USPH,1084.8,28.2,2.6,139.109,117.298,459.186,
UVV,1261.8,32.6,2.58,1971.697,564.241,1305.643,
CRUS,6909.9,176.7,2.56,1433.708,194.656,,
URBN,6247.1,159.7,2.56,1536.648,1041.004,2154.158,
WPC,16060.5,410.0,2.55,,,9839.328,
OSIS,3598.9,91.8,2.55,1717.333,529.171,1660.116,
XPEL,1241.3,31.6,2.55,237.198,77.223,101.857,
LCII,2528.7,64.2,2.54,1419.891,487.978,1829.581,
OLLI,4050.4,102.8,2.54,960.989,414.22,1103.813,
HAYW,3200.5,80.7,2.52,948.268,290.789,1523.849,
HUBG,2921.6,73.6,2.52,788.333,535.001,,
OSK,9150.0,229.5,2.51,5106.4,3125.4,,
WEX,5470.0,135.3,2.47,10714.4,10218.2,14150.9,
YELP,1472.4,36.3,2.47,302.032,173.722,382.209,
KNF,4739.2,116.2,2.45,942.311,352.288,2258.538,
YETI,3660.3,89.7,2.45,642.321,305.623,558.691,
SOLS,9690.0,237.0,2.45,2436.0,1705.0,4275.0,
EHC,11160.0,271.0,2.43,1029.1,876.8,3946.0,
MTN,5307.9,127.8,2.41,952.222,1044.704,4769.856,
KAI,3550.9,84.0,2.37,562.643,227.434,,
AWR,3320.2,78.4,2.36,221.356,181.597,,
PRIM,4917.6,115.7,2.35,2141.4,1670.7,2529.6,
WRLD,901.4,21.2,2.35,,,703.115353,
MBC,1139.1,26.7,2.34,734.9,353.9,1796.2,
NPK,883.2,20.7,2.34,373.917,63.626,74.143,
WMS,11588.7,271.3,2.34,1230.829,509.469,2549.659,
STAG,7628.9,178.3,2.34,,,3519.342,
SGI,15820.0,368.1,2.33,1245.7,1606.2,8384.3,
FBRT,620.5,14.4,2.32,,,4731.207,
FIVE,10929.5,253.6,2.32,2061.948,982.711,2742.532,
BNL,4180.2,96.5,2.31,,,2823.678,
HTO,2621.0,60.5,2.31,323.414,160.048,,
IOSP,2044.9,47.1,2.3,999.1,334.8,467.6,
EEFT,3110.0,70.7,2.27,4163.5,3260.2,5105.1,
IPAR,3853.8,87.4,2.27,997.767,305.928,,
AMKR,15619.5,354.0,2.27,3751.609,1866.779,3729.492,
TR,2909.5,65.3,2.24,323.237,90.588,,
RRR,6882.5,154.1,2.24,278.285,344.963,3975.703,
RHP,7888.0,176.1,2.23,211.245,348.819,4989.57,
DLX,1170.0,26.1,2.23,392.6,342.1,,
GATX,6430.0,143.1,2.23,,,14288.0,
HALO,9198.7,202.1,2.2,1003.036,363.21,2453.083,
LAMR,16481.5,361.9,2.2,426.389,734.974,5931.654,
ABR,971.5,21.3,2.19,,,11713.435,
ADUS,2058.8,45.1,2.19,272.876,149.475,319.54,
GBX,1490.0,32.4,2.17,,,,
AVNT,3490.0,75.7,2.17,1423.9,803.1,1186.6,
SAIA,11688.4,253.2,2.17,499.392,328.495,,
ZD,1919.0,41.5,2.16,1435.498,863.716,1672.777,
BWA,12880.0,277.0,2.15,6742.0,3165.0,8011.0,
UTHR,22570.0,475.8,2.11,2872.0,599.1,813.1,
CRVL,3161.7,66.4,2.1,462.297,228.068,248.755,
TRN,2867.0,60.1,2.1,,,7185.0,
SANM,10618.3,222.5,2.1,7611.436,4442.056,,
ACIW,5799.6,121.5,2.09,1133.007,739.379,1603.986,
ELS,13220.0,276.0,2.09,,,3928.379,
EPR,4759.7,98.6,2.07,,,3366.642,
WMG,14770.0,304.0,2.06,3220.0,4421.0,9640.0,
KMT,2647.4,54.4,2.05,1278.077,536.069,1332.375,
DTM,14960.0,307.0,2.05,404.0,321.0,5260.0,
HCSG,1667.9,34.2,2.05,601.23,193.366,,
ITGR,3245.9,66.4,2.05,774.764,206.344,1714.827,
GNW,3730.0,76.0,2.04,,,76932.0,
UNF,5085.8,103.4,2.03,919.94,295.694,622.649,
CR,12650.0,255.9,2.02,1481.7,520.2,1952.5,
RH,3579.4,72.4,2.02,1123.881,996.857,4890.75,
ENS,7119.5,143.9,2.02,2141.81,804.038,2094.452,
LRN,3548.6,71.5,2.01,1758.79,283.17,805.011,
JOE,3529.9,70.9,2.01,,,743.351,
EPC,1280.0,25.4,1.98,1109.5,613.8,2085.1,
SNX,20001.6,395.1,1.98,29588.909,24673.025,29555.654,
KNSL,7742.1,152.7,1.97,,,4248.124,
WDFC,3347.6,66.0,1.97,304.702,114.797,221.093,
NJR,5980.5,117.9,1.97,730.284,777.026,,
LECO,14211.0,276.6,1.95,1863.444,1020.357,2389.135,
SXT,4833.2,93.4,1.93,1121.538,223.713,,
IBP,6160.0,118.8,1.93,1170.1,349.8,1562.3,
ENSG,10102.5,194.7,1.93,1320.1,848.046,3242.064,
NXST,5660.0,109.0,1.93,2282.0,1299.0,15935.0,
SPSC,2353.8,44.6,1.89,328.74,154.95,199.048,
CNM,8860.0,166.0,1.87,2557.0,1106.0,4210.0,
BCPC,5229.8,96.1,1.84,388.941,152.54,408.626,
ARCB,3280.1,60.1,1.83,643.232,692.028,,
INGR,6450.0,117.0,1.81,3525.0,1277.0,3482.0,
ITT,17460.0,316.3,1.81,2870.9,1879.9,6385.9,
BFAM,3892.3,70.5,1.81,429.748,927.768,2646.11,
MWA,3891.4,70.4,1.81,1066.0,233.3,814.0,
BCO,4850.0,87.7,1.81,3274.9,2139.5,6882.3,
NHI,3675.9,66.4,1.81,,,1357.331,
SIG,3422.9,61.2,1.79,2816.3,1743.4,3831.7,
FAF,7340.0,131.1,1.79,,,12424.4,
CVSA,3938.5,70.0,1.78,403.755,580.447,1373.322,
ENPH,5812.4,102.7,1.77,1830.271,481.783,1621.571,
ECG,7071.1,124.8,1.76,1421.257,804.038,1160.803,
SAFT,1074.9,18.9,1.76,,,1578.821,
CWT,2979.4,51.9,1.74,375.161,544.957,,
HWKN,2977.6,51.5,1.73,231.465,104.844,452.281,
POR,6110.0,105.0,1.72,1010.0,929.0,9084.0,
HRMY,2020.2,34.6,1.71,778.817,217.34,361.475,
HNI,2880.0,49.2,1.71,1296.9,936.1,2999.0,
AMH,12362.4,210.6,1.7,,,5575.044,
PSMT,5822.0,98.0,1.68,1063.722,833.014,1126.795,
PLXS,6798.1,111.8,1.64,2637.203,1712.28,1871.169,
VSXY,6702.0,109.0,1.63,1626.0,1286.0,3925.0,
SNDR,6381.5,103.6,1.62,1327.6,681.8,1902.6,
BDC,3938.5,63.9,1.62,1279.887,613.634,,
DV,1809.5,29.3,1.62,451.408,94.618,193.14,
LQDT,1236.9,20.0,1.62,250.205,165.307,178.343,
UE,2868.8,46.2,1.61,,,2007.507,
LSTR,7189.6,115.0,1.6,1183.601,630.72,,
RYN,6701.4,107.1,1.6,895.736,354.127,1684.947,
COKE,12141.3,189.6,1.56,1500.407,1215.121,5036.178,
ATEN,2612.0,40.0,1.53,479.548,129.116,413.583,
REXR,8477.3,128.2,1.51,,,3763.686,
VIRT,9394.3,142.0,1.51,,,22918.726,
WGO,862.2,13.0,1.51,711.3,299.7,804.1,
BWXT,15920.6,238.2,1.5,1616.376,674.221,3044.678,
RGLD,16221.2,239.0,1.47,412.279,117.091,2027.442,
ULS,17690.0,260.0,1.47,1047.0,899.0,1619.0,
STC,2085.5,30.4,1.46,,,1592.323,
VC,2820.0,41.0,1.45,1821.0,1053.0,,
JLL,15580.0,225.4,1.45,8304.7,7386.9,10461.7,
BMI,4211.1,60.9,1.45,508.301,169.419,16.754,
VMI,10566.6,150.8,1.43,1771.995,745.86,1746.582,
FLS,8856.6,125.9,1.42,3054.613,1377.606,3026.177,
WTS,11660.0,165.7,1.42,1348.1,496.0,,
EPRT,6768.2,95.7,1.41,,,2756.069,
FSS,7180.0,100.6,1.4,876.8,308.2,1019.9,
NYT,12419.6,173.9,1.4,927.211,577.882,,
CSW,4801.1,66.4,1.38,589.067,226.921,1247.286,
HXL,7670.0,105.7,1.38,769.7,313.7,1457.7,
FTDR,5250.0,71.0,1.35,661.0,451.0,1385.0,
EAT,7660.0,102.6,1.34,270.5,681.4,,
BRX,9943.7,132.9,1.34,,,6066.478,
LAUR,5217.6,69.6,1.33,270.648,474.747,1231.694,
HCC,4320.2,57.0,1.32,827.713,237.943,618.987,
FCFS,9489.3,124.9,1.32,1905.233,399.668,3063.242,
PLMR,3486.7,45.8,1.31,,,2653.292,
EXEL,14001.4,182.3,1.3,1208.637,370.975,657.845,
GHC,5181.6,67.1,1.29,2431.095,1388.574,3528.562,
MOG.A,12121.8,155.2,1.28,2793.541,1666.001,2800.118,
QLYS,5553.1,71.0,1.28,656.591,459.158,524.763,
AAT,1561.1,19.7,1.26,,,1827.85,
ADC,9702.1,122.3,1.26,,,3941.315,
MRTN,1397.3,17.4,1.25,195.603,94.25,183.019,
CLH,16406.2,203.2,1.24,2443.132,1042.959,2710.089,
WSR,972.1,12.0,1.23,,,698.316,
USLM,3001.6,37.0,1.23,476.265,22.975,52.678,
EIG,887.5,10.8,1.22,,,2570.0,
HAE,3572.1,43.4,1.21,834.879,282.599,,
NSSC,1269.4,15.4,1.21,192.774,38.976,44.227,
NSA,6111.3,73.8,1.21,,,3558.669,
PGNY,2536.8,30.4,1.2,501.551,235.742,258.993,
MORN,6610.0,78.3,1.18,1063.3,1030.7,2967.6,
MEDP,15355.9,181.8,1.18,1139.055,1345.014,1531.299,
AIT,12283.6,144.8,1.18,1581.206,536.622,1128.668,
WHD,4249.2,49.6,1.17,1175.403,451.087,811.82,
HGV,4040.0,47.0,1.16,,,10585.0,
OHI,14848.2,172.5,1.16,,,4779.532,
CMC,7353.3,84.7,1.15,3461.715,1488.404,5264.214,
MANH,9652.4,110.5,1.14,515.816,467.4,,
SHO,2150.7,24.6,1.14,226.825,146.91,1105.844,
TRNO,7641.1,87.3,1.14,,,1256.186,
DEA,1149.7,13.0,1.13,,,2064.557,
DINO,15660.0,177.0,1.13,6439.0,3590.0,8443.0,
TDC,2946.3,33.0,1.12,1240.0,954.0,1585.0,
MMSI,4361.3,48.5,1.11,1101.774,216.874,1092.556,
JEF,11326.6,125.9,1.11,2521.266,1280.479,68932.155,
NVT,24850.0,272.9,1.1,1788.3,1055.0,3165.1,
ALK,5310.0,58.0,1.09,3017.0,7056.0,,
CAKE,3987.9,43.1,1.08,464.847,781.338,2838.115,
WING,3973.9,42.7,1.07,216.945,96.74,1448.058,
PCTY,6788.2,70.8,1.04,4358.34,4037.807,4263.641,
CORT,9624.6,99.7,1.04,426.033,149.185,176.894,
PSN,6192.7,64.1,1.04,2594.14,1479.543,3257.951,
BURL,22417.8,230.1,1.03,2505.157,2152.448,,
PLNT,4202.6,42.8,1.02,687.072,331.738,,
TILE,1943.6,19.6,1.01,562.259,231.288,571.203,
NFG,7758.7,77.5,1.0,507.596,820.147,,
CGNX,10632.9,106.2,1.0,690.349,189.485,526.649,
SCSC,1084.6,10.8,1.0,1371.832,736.814,899.495,
CW,26437.1,262.8,0.99,2071.667,1360.159,2638.236,
DIOD,4447.6,44.0,0.99,1302.673,411.366,546.859,
SXI,3727.8,36.5,0.98,482.719,158.405,,
ACA,7110.0,69.6,0.98,1133.4,489.6,2349.6,
ORA,6440.8,62.1,0.96,1082.225,1012.7,4053.89,
HMN,2060.0,19.8,0.96,,,13495.9,
NOVT,5326.7,50.3,0.94,786.803,220.792,488.027,
GMED,10981.7,103.0,0.94,2198.12,482.463,707.243,
BSY,10060.9,93.2,0.93,518.229,1006.866,2297.827,
LXP,3306.2,30.4,0.92,,,1467.531,
LMAT,2276.3,20.6,0.9,477.821,33.369,222.904,
FN,16485.4,148.3,0.9,2945.44,1155.543,1204.275,
EPAC,1761.6,15.7,0.89,358.516,134.27,387.515,
ENTG,20530.0,180.7,0.88,1786.0,555.6,,
SKYW,3940.6,34.3,0.87,1012.645,1633.586,,
ONTO,14014.7,121.2,0.86,1319.718,214.448,264.178,
ASTH,2621.5,22.5,0.86,1004.1,745.369,1781.371,
THRM,1130.7,9.7,0.86,826.201,418.427,713.824,
BHE,2935.7,24.9,0.85,1459.985,669.221,999.692,
HASI,4929.8,41.5,0.84,,,5667.548,
PR,16513.0,138.2,0.84,1184.226,1807.836,6665.633,
UFPT,1904.4,15.9,0.83,224.106,77.013,235.809,
IDCC,6860.6,55.3,0.81,1386.677,738.34,967.112,
GEO,3984.2,32.0,0.8,698.864,398.344,,
SN,21242.8,167.1,0.79,3261.723,1372.458,2255.172,
XPO,24050.0,189.0,0.79,1675.0,1691.0,,
ZWS,7948.1,61.7,0.78,836.5,258.5,1077.6,
CUZ,5269.6,40.5,0.77,,,4554.794,
USFD,21370.0,164.0,0.77,4360.0,3819.0,9831.0,
SAM,1906.1,14.6,0.77,417.283,448.569,488.455,
ESE,8500.5,63.5,0.75,726.793,500.365,820.385,
RS,20225.7,148.2,0.73,4573.3,1042.8,3677.2,
CWEN,7070.0,51.0,0.72,1057.0,955.0,11363.0,
RBA,21080.0,151.9,0.72,2088.5,1835.1,6295.9,
WWD,23950.3,171.7,0.72,2271.922,1311.755,2443.652,
M,6340.0,45.0,0.71,6896.0,4674.0,,
HSTM,819.0,5.8,0.71,133.023,136.514,,
DKS,19415.9,135.4,0.7,7270.476,4844.19,,
PVH,3680.0,25.3,0.69,3375.3,2013.0,,
ACMR,5636.4,37.8,0.67,2619.353,745.678,982.426,
NHC,3369.8,22.4,0.66,465.576,250.825,427.48,
CARG,3224.3,21.0,0.65,161.872,97.951,282.485,
DAR,9719.4,62.8,0.65,1646.188,1039.753,5696.768,
DXPE,2570.6,16.5,0.64,850.653,285.696,1212.585,
CHRD,6996.4,44.5,0.64,1713.636,1673.114,5190.507,
AAON,9276.6,58.8,0.63,943.7,359.634,,
ACM,8984.8,55.3,0.62,6491.395,5873.131,9531.919,
AKR,2860.7,16.9,0.59,,,1888.671,
FORM,9023.2,50.7,0.56,600.806,132.111,197.051,
POWI,3958.5,22.1,0.56,458.34,66.589,98.881,
UTI,2216.6,12.3,0.55,243.785,207.932,512.28,
RES,1302.4,7.2,0.55,734.772,234.963,384.656,
RYAN,11153.2,61.0,0.55,5578.828,5455.955,9792.584,
KNX,12551.2,65.9,0.53,954.861,1359.114,4883.437,
NBIX,17250.0,89.6,0.52,2436.1,831.7,1498.8,
ATI,25320.0,130.9,0.52,2804.6,1049.5,3347.8,
GXO,6280.0,32.0,0.51,3211.0,3775.0,,
SM,7169.9,36.2,0.5,1671.0,4280.0,,
AEIS,10867.2,54.2,0.5,1589.3,1000.6,1190.3,
ELF,4396.0,21.8,0.5,789.367,336.164,1263.628,
THG,7240.0,35.3,0.49,,,12957.3,
APLE,3934.1,18.8,0.48,,,1767.715,
MYRG,6469.6,30.3,0.47,1085.249,827.675,970.605,
PPC,6900.0,31.0,0.45,4027.242,2720.903,6466.195,
DGII,2417.9,10.4,0.43,146.645,131.936,308.272,
AROC,6566.0,28.2,0.43,308.616,219.2,2870.623,
EZPW,2017.2,8.6,0.43,1092.046,231.748,984.832,
APOG,822.4,3.5,0.43,430.404,244.605,,
DT,13022.2,52.5,0.4,2123.447,1569.064,1804.335,
ALRM,2591.7,10.2,0.39,800.994,155.255,739.847,
DY,12406.6,48.6,0.39,2970.357,1149.36,4284.696,
AGX,8551.1,32.4,0.38,1216.108,794.689,812.927,
CDP,8522.9,28.9,0.34,,,2867.138,
KGS,6010.2,20.1,0.33,459.54,359.973,3319.636,
NPO,6942.3,22.2,0.32,433.2,196.5,1072.8,
MSA,6677.5,21.3,0.32,891.672,281.267,1208.626,
JXN,8667.0,27.0,0.31,,,329637.0,
STRL,20505.3,62.6,0.31,1194.691,1083.75,1588.403,
RBC,18360.0,54.7,0.3,1189.8,546.2,1761.7,
CURB,3469.1,10.3,0.3,,,721.832,
NOG,2228.4,6.4,0.29,472.905,899.385,3730.45,
PECO,5313.9,15.1,0.28,,,2771.019,
CUBE,9577.6,26.4,0.28,,,3893.477,
APG,17850.0,47.0,0.26,3024.0,2107.0,5480.0,
TXRH,12498.0,31.3,0.25,362.421,788.841,2036.344,
TXNM,6303.8,15.6,0.25,562.219,1022.905,8613.289,
GTLS,10050.0,24.0,0.24,2859.8,1874.7,6386.5,
AIR,5400.0,12.5,0.23,1763.7,653.0,1.8,
PFGC,17780.0,40.7,0.23,7362.2,4856.3,13689.4,
AGYS,3010.2,6.5,0.22,184.131,125.11,,
CVI,3270.0,7.0,0.21,1460.0,1015.0,,
REX,1511.7,3.0,0.2,441.533,65.315,1.876,
GVA,5452.2,10.1,0.19,1604.706,1478.842,,
COCO,4262.3,7.8,0.18,449.652,123.157,136.17,
PAHC,1359.6,2.4,0.18,894.068,281.87,1083.291,
THC,16570.0,25.0,0.15,8356.0,6152.0,22353.0,
VSEC,5746.6,8.0,0.14,2160.94,246.19,644.447,
CWST,6152.6,7.9,0.13,359.696,259.988,,
MTRN,5231.7,5.9,0.11,875.749,288.485,,
ANF,4305.4,2.8,0.07,1415.159,977.118,,
VICR,11803.9,6.1,0.05,599.469,41.934,50.756,
CALM,4118.4,2.1,0.05,1749.486,212.978,432.129,
GSHD,1954.0,0.6,0.03,73.29,55.638,596.998,
LSCC,17148.5,3.1,0.02,386.231,110.964,158.82,
AM,11114.0,0.8,0.01,154.942,157.25,4469.415,
POWL,8557.0,0.6,0.01,1008.386,447.28,470.97,
SPXC,10890.0,0.2,0.0,1013.0,481.2,,
NXT,,0.0,0.0,2846.556,1163.862,1738.815,
KNTK,8460.4,-0.2,-0.0,318.797,537.069,4268.592,
ASTE,1300.0,-0.1,-0.01,819.5,349.6,750.8,
PEN,12557.4,-2.0,-0.02,1275.406,211.731,424.626,
ST,6490.0,-3.9,-0.06,2086.6,758.6,3959.5,
CTRE,9902.1,-7.5,-0.08,,,1083.266,
BRKR,9020.0,-8.6,-0.1,2103.6,1355.1,3731.1,
BROS,10787.8,-12.7,-0.12,340.495,255.187,2184.769,
CHEF,3961.4,-4.9,-0.12,930.933,427.741,1381.136,
TTMI,14895.7,-18.7,-0.13,1913.806,1015.495,,
RMBS,10962.3,-14.3,-0.13,999.88,101.827,139.906,
MTUS,819.7,-1.2,-0.15,552.1,319.0,455.2,
IRDM,5135.3,-9.3,-0.18,309.137,108.444,2063.938,
MTZ,26903.6,-49.9,-0.19,4517.005,3427.37,7011.581,
IVT,2774.0,-5.4,-0.19,,,1107.396,
DOCN,12208.2,-27.8,-0.23,944.29,646.971,1683.011,
MSGS,9374.2,-22.4,-0.24,295.556,637.811,1804.797,
MTSI,21016.1,-54.2,-0.26,1126.05,149.703,596.82,
VIAV,9380.0,-25.8,-0.28,1053.7,652.5,1681.3,
BJRI,1267.9,-3.6,-0.28,60.387,193.475,626.537,
RGEN,8375.4,-25.5,-0.3,1161.36,126.209,825.309,
FTI,28710.0,-107.2,-0.37,5530.0,4904.9,6715.3,
NSP,1821.4,-7.0,-0.38,1730.0,1588.0,,
RDNT,4841.3,-18.7,-0.39,740.775,635.634,2532.677,
SARO,8859.8,-35.1,-0.4,3064.653,1443.687,4015.049,
UPBD,1285.3,-5.2,-0.4,,,2412.385,
RRX,14110.0,-57.4,-0.41,2749.8,1264.8,,
KTOS,8810.0,-36.9,-0.42,2310.4,410.7,632.7,
IRT,4093.6,-17.2,-0.42,,,2577.666,
VNOM,15550.0,-68.0,-0.44,469.0,76.0,1683.0,
RSI,7656.6,-38.6,-0.5,415.157,212.036,358.729,
HQY,8252.0,-44.3,-0.54,466.528,135.74,1258.791,
WERN,2614.6,-14.4,-0.55,702.916,481.942,1875.581,
BMRN,11603.6,-64.1,-0.55,4605.07,793.152,2378.909,
LGND,5944.3,-33.4,-0.56,865.415,40.667,534.783,
VSH,5496.7,-31.1,-0.57,1876.983,712.235,2186.69,
CVLT,6204.5,-35.8,-0.58,1286.51,658.17,,
SHOO,3162.2,-18.4,-0.58,1048.926,471.394,1007.712,
KWR,2634.3,-15.9,-0.6,952.599,388.495,1422.776,
ARMK,14984.6,-90.8,-0.61,3746.061,3089.718,,
SITM,14899.8,-93.6,-0.63,949.216,76.082,133.879,
P,22736.5,-143.3,-0.63,3049.881,1886.411,3307.809,
CDE,15238.2,-103.6,-0.68,1710.178,458.378,,
AHR,11809.7,-81.3,-0.69,,,2077.303,
VCEL,2384.6,-16.7,-0.7,244.064,47.155,129.396,
LFUS,10170.0,-71.7,-0.71,1376.236,527.29,1343.487,
JBTM,7005.2,-50.5,-0.72,1675.0,1657.0,,
PINS,12923.7,-96.0,-0.74,2242.721,530.756,1794.695,
CAVA,7931.7,-59.0,-0.74,444.7,167.519,612.964,
MTX,2290.0,-18.4,-0.8,1155.5,543.4,1703.8,
SHAK,2563.4,-21.2,-0.83,393.869,232.612,1363.043,
ALGM,8778.8,-73.0,-0.83,503.606,145.925,459.73,
CRS,27550.0,-229.6,-0.83,1897.6,508.3,1611.5,
DMC,1360.0,-11.4,-0.84,1377.1,588.1,1372.9,
CHWY,8809.2,-75.2,-0.85,1838.1,2344.5,2879.5,
HL,9738.0,-84.2,-0.86,957.641,193.849,805.48,
VECO,3480.1,-30.4,-0.87,873.419,206.685,469.307,
YOU,7289.0,-65.6,-0.9,864.855,859.969,1208.554,
ASH,3150.0,-29.0,-0.92,1209.0,395.0,,
QRVO,7358.6,-70.3,-0.96,2306.314,712.757,2481.291,
DOCU,10194.8,-97.5,-0.96,1255.616,1888.544,2164.257,
OMCL,2132.4,-20.4,-0.96,722.303,483.049,747.476,
KSS,1939.1,-19.0,-0.98,3652.0,2465.0,,
BOX,4224.2,-41.5,-0.98,765.563,717.028,1263.152,
DUOL,6006.5,-60.1,-1.0,1505.959,574.114,666.23,
PDFS,2134.2,-21.5,-1.01,175.644,74.967,150.099,
SYNA,4700.0,-47.8,-1.02,755.4,248.2,1163.7,
LNTH,6842.0,-71.3,-1.04,942.288,333.166,1134.299,
APPF,6418.2,-68.1,-1.06,254.942,72.357,110.332,
MP,8092.4,-85.9,-1.06,2046.903,285.252,1459.445,
WSC,4929.2,-53.0,-1.08,529.919,670.282,4940.132,
SCHL,1015.1,-11.0,-1.08,735.3,621.1,,
CWK,3240.0,-35.4,-1.09,2747.9,2426.2,5695.4,
KALU,2659.5,-29.6,-1.11,1487.4,601.9,1912.6,
BTSG,13469.7,-154.6,-1.15,2689.303,1548.413,4223.421,
PI,4405.1,-51.3,-1.16,299.038,32.5,298.618,
AZZ,4522.2,-53.0,-1.17,440.054,228.847,876.28,
FOUR,4100.0,-48.2,-1.18,2061.0,1686.0,6977.0,
CROX,6900.2,-81.2,-1.18,1065.203,639.516,2916.024,
CALX,2516.0,-29.7,-1.18,587.174,178.477,213.431,
WAY,4356.0,-51.5,-1.18,386.612,219.96,1901.555,
SEZL,6343.0,-75.2,-1.19,411.19,112.602,257.583,
VTOL,1299.9,-15.8,-1.22,791.581,367.441,1346.417,
KLIC,5621.1,-69.0,-1.23,982.317,233.52,328.438,
H,17770.0,-222.0,-1.25,2083.0,3448.0,10352.0,
KRG,5989.6,-80.8,-1.35,,,3360.654,
KRYS,10326.9,-140.0,-1.36,1019.741,107.802,120.238,
TRU,14960.0,-206.2,-1.38,2017.2,1045.6,7132.6,
HIMS,7803.0,-107.7,-1.38,1045.363,618.777,1820.876,
SUPN,2766.7,-38.5,-1.39,731.58,373.929,423.92,
FG,4120.0,-58.0,-1.41,,,96282.0,
PAYO,2381.2,-34.0,-1.43,7723.468,7761.863,7938.931,
MUR,5082.5,-73.7,-1.45,936.951,1134.186,4802.754,
GWRE,12397.9,-180.4,-1.46,1215.41,497.175,1217.987,
PTGX,8708.3,-130.1,-1.49,613.455,34.549,41.986,
LAZ,5030.7,-75.5,-1.5,,,3286.767,
CSR,926.8,-14.1,-1.52,,,1071.506,
VCYT,4750.8,-75.6,-1.59,522.175,56.115,91.994,
SON,5311.4,-85.5,-1.61,2742.404,2846.092,7483.652,
ICHR,3251.2,-52.8,-1.62,442.094,156.672,304.488,
CXW,3070.2,-51.9,-1.69,743.497,304.973,1972.385,
TMDX,2604.3,-44.2,-1.7,619.28,91.92,940.813,
TLN,19160.0,-341.0,-1.78,1509.0,1210.0,9920.0,
ALKS,8661.8,-158.3,-1.83,1358.644,599.499,2506.545,
LQDA,6914.6,-128.3,-1.86,333.055,149.74,292.954,
NABL,893.1,-17.0,-1.9,210.976,167.396,596.485,
TRUP,1112.2,-21.2,-1.91,705.166,408.366,526.758,
VSTS,2047.8,-40.2,-1.96,850.685,398.819,2005.992,
LIF,4500.7,-91.6,-2.04,590.017,109.839,443.244,
GKOS,9210.4,-187.7,-2.04,485.753,89.415,222.398,
DEI,2089.7,-42.7,-2.04,,,5873.324,
COLL,1189.9,-25.0,-2.1,745.668,434.973,1339.533,
EXTR,3991.7,-86.0,-2.15,541.802,593.265,,
FRPT,2760.3,-59.5,-2.16,541.792,87.649,577.116,
ITRI,3726.1,-81.3,-2.18,1524.681,573.622,2349.256,
PARR,3671.2,-81.3,-2.21,2150.907,1324.748,2658.148,
MRCY,6180.8,-137.6,-2.23,1116.731,350.496,1003.615,
SBRA,5082.0,-113.3,-2.23,,,2803.276,
RELY,5253.8,-117.8,-2.24,1247.685,439.367,478.343,
DAVE,5569.7,-128.9,-2.31,479.626,124.343,326.748,
JAZZ,15208.0,-356.1,-2.34,4583.1,2246.6,,
UFCS,1256.9,-29.7,-2.36,,,2958.927,
CELH,7660.7,-187.3,-2.44,1864.278,1051.333,2146.856,
CTS,1701.4,-41.9,-2.46,266.015,105.409,219.68,
ROG,2470.1,-61.8,-2.5,511.4,127.3,,
INDV,4990.0,-126.0,-2.53,667.0,779.0,1341.0,
MLKN,1453.0,-36.9,-2.54,1122.0,682.1,2553.2,
OSW,2682.5,-68.5,-2.55,144.069,57.196,148.132,
BC,5330.0,-137.3,-2.58,2286.1,1661.7,,
AORT,1180.4,-30.7,-2.6,357.516,92.7,432.69,
ANIP,1840.2,-47.9,-2.6,747.084,239.51,859.67,
HCI,2219.6,-58.5,-2.64,,,1433.381,
SLAB,7199.6,-191.0,-2.65,676.321,132.479,167.927,
DCH,1260.0,-33.6,-2.67,3891.7,2787.6,9768.5,
AIN,2108.5,-57.3,-2.72,963.253,438.614,1001.372,
GAP,7380.0,-202.0,-2.74,5239.0,2901.0,,
AR,10331.1,-285.1,-2.76,677.928,1693.182,7126.233,
AESI,1789.9,-50.3,-2.81,335.897,286.117,1129.703,
GNL,1890.2,-53.6,-2.84,,,2591.049,
COHU,2600.9,-74.3,-2.86,754.203,117.308,,
MMI,1177.7,-34.0,-2.89,245.102,92.528,185.91,
ICUI,3950.4,-117.7,-2.98,1213.245,517.904,,
UNIT,2717.1,-81.7,-3.01,1807.8,1173.2,12791.7,
AGNT,748.9,-22.7,-3.03,328.677,211.266,211.266,
INSW,4388.9,-133.5,-3.04,666.486,90.789,677.068,
HLIT,1409.7,-43.3,-3.07,485.255,214.243,350.152,
SWX,6600.3,-203.3,-3.08,1057.674,729.958,,
MXL,7955.3,-245.2,-3.08,249.45,146.658,317.076,
INSP,1455.7,-44.9,-3.08,566.819,89.418,119.036,
AMR,1940.4,-61.7,-3.18,909.475,247.987,765.482,
KEX,7671.4,-247.0,-3.22,1142.135,717.464,,
OKTA,25680.0,-848.0,-3.3,3306.0,2312.0,2448.0,
ROKU,21331.2,-709.6,-3.33,3370.626,1158.23,1681.57,
ROCK,1311.6,-44.4,-3.39,699.705,497.341,,
ESI,9520.0,-324.4,-3.41,1458.4,543.6,2988.0,
CRGY,3359.9,-114.6,-3.41,896.424,1568.518,7311.797,
QTWO,3292.7,-112.7,-3.42,524.573,562.488,634.671,
TDW,3724.3,-129.0,-3.46,899.614,269.925,,
AVAV,7559.4,-265.1,-3.51,1890.423,439.237,,
CNR,4349.5,-153.2,-3.52,1270.811,746.972,2399.029,
OPLN,4360.7,-154.1,-3.53,3205.0,2766.7,,
ADMA,2008.7,-71.6,-3.56,511.173,73.541,274.859,
NOV,6990.0,-250.0,-3.58,5721.0,2316.0,4875.0,
DNOW,2480.0,-89.0,-3.59,2250.0,929.0,1784.0,
PBH,2290.7,-82.3,-3.59,431.484,120.924,1606.797,
SONO,1642.8,-61.1,-3.72,540.122,341.107,455.119,
MAC,7138.1,-274.1,-3.84,,,5679.836,
CENX,4350.0,-167.1,-3.84,1254.5,544.7,1222.3,
GME,9840.0,-381.3,-3.88,10668.5,860.3,5132.2,
TWLO,32108.8,-1256.1,-3.91,3446.819,740.325,1792.721,
SPHR,5090.5,-200.6,-3.94,903.57,742.663,1974.759,
UCTT,4577.4,-181.2,-3.96,1097.8,357.5,1153.1,
EYE,1650.0,-65.9,-3.99,260.623,418.488,,
CLSK,3630.6,-145.8,-4.02,1099.037,133.068,1927.341,
UNFI,2936.4,-118.0,-4.02,3244.0,2442.0,5588.0,
OLN,2510.0,-101.1,-4.03,2096.7,1543.7,5619.1,
TGTX,8635.4,-348.1,-4.03,1086.969,187.108,945.706,
ARLO,1389.4,-56.6,-4.07,275.675,181.702,200.79,
HZO,765.4,-31.6,-4.13,1161.093,983.437,1498.138,
IPGP,4389.4,-181.5,-4.13,1433.138,247.176,305.847,
ROIV,24399.3,-1009.0,-4.14,5167.384,281.244,416.275,
CCK,13080.0,-560.0,-4.28,4533.0,4057.0,,
LBRT,4100.0,-179.2,-4.37,1680.474,759.833,2495.11,
NATL,3409.5,-150.0,-4.4,1815.0,1851.0,5245.0,
MIDD,6249.3,-277.7,-4.44,1647.839,838.79,,
SHC,5210.7,-233.6,-4.48,585.971,207.804,2613.393,
OC,11640.0,-522.0,-4.48,3723.0,3012.0,9408.0,
ALHC,4330.3,-195.3,-4.51,1145.365,724.757,1054.723,
GFF,4200.9,-191.6,-4.56,1229.804,429.621,1971.826,
VNO,7500.0,-346.5,-4.62,,,9210.077,
SAFE,1190.0,-55.0,-4.62,,,4920.363,
HTLD,1131.0,-52.5,-4.64,143.201,112.562,,
MD,2126.0,-99.1,-4.66,587.034,442.638,1191.719,
NXRT,684.4,-32.0,-4.68,,,1595.36,
WRBY,2989.6,-144.3,-4.83,357.693,153.282,360.604,
ACAD,4440.5,-216.0,-4.86,1096.016,305.524,357.164,
SHEN,674.6,-32.9,-4.88,114.224,101.562,,
AMRX,5490.3,-270.6,-4.93,1797.907,728.049,0.0,
EFC,1719.2,-85.3,-4.96,,,18275.108,
PENG,3732.5,-187.5,-5.02,1728.754,1119.737,1534.624,
CERT,1100.9,-55.4,-5.03,270.56,144.123,483.324,
AGCO,8350.0,-424.8,-5.09,5338.2,4128.3,7448.9,
RAMP,2295.2,-118.7,-5.17,653.141,264.787,142.079,
AA,12360.0,-651.0,-5.27,5678.0,3826.0,9749.0,
PRVA,3540.4,-188.2,-5.32,966.022,601.298,611.988,
LIVN,4490.5,-242.5,-5.4,1014.237,762.478,1305.025,
MRP,4433.7,-246.2,-5.55,,,3716.42,
PRLB,1836.6,-103.5,-5.64,248.577,70.722,95.442,
STAA,1418.1,-80.4,-5.67,312.398,60.994,98.752,
KBR,4590.0,-265.0,-5.77,1947.0,1684.0,5036.0,
ARWR,10050.1,-599.5,-5.97,1839.751,295.22,,
AMTM,5070.0,-314.0,-6.19,3097.0,2091.0,6467.0,
LTH,9349.8,-579.4,-6.2,323.002,608.677,4886.599,
CNMD,1290.3,-80.6,-6.25,672.86,315.041,1292.652,
PEGA,5500.3,-345.6,-6.28,903.877,743.402,845.083,
HLX,1390.3,-87.8,-6.32,819.291,281.055,1011.233,
FLR,6920.0,-440.0,-6.36,6083.0,3410.0,,
RXO,4464.4,-290.0,-6.5,1335.0,1048.0,,
PRSU,1426.4,-92.7,-6.5,205.39,133.686,393.245,
MHK,6796.9,-449.0,-6.61,6200.2,2871.3,5411.4,
BL,1730.6,-115.2,-6.66,732.102,429.734,1117.997,
CRK,3839.6,-259.2,-6.75,290.064,711.922,4169.28,
MIR,4089.4,-276.9,-6.77,890.9,279.2,1647.4,
QNST,1008.7,-68.9,-6.83,295.18,249.232,393.953,
NTNX,15100.2,-1035.6,-6.86,2611.52,1470.018,4144.241,
ADT,4959.7,-340.8,-6.87,899.384,1066.503,12112.856,
AVTR,7690.0,-530.2,-6.89,2404.3,1367.3,6074.3,
BXMT,2890.2,-204.1,-7.06,,,16211.756,
LFST,4254.6,-307.2,-7.22,355.911,239.732,668.466,
INVX,1779.6,-128.5,-7.22,752.891,147.762,256.772,
OUT,5864.7,-425.2,-7.25,401.5,492.2,4548.9,
BILL,4450.5,-326.4,-7.33,7283.784,4385.76,6276.071,
PBF,7210.0,-533.8,-7.4,5831.3,4436.6,9065.9,
XHR,1900.0,-143.5,-7.55,,,1577.074,
NEO,1887.4,-144.2,-7.64,373.684,84.59,517.771,
WFRD,5870.0,-450.0,-7.67,3275.0,1418.0,3326.0,
DRH,2520.2,-194.6,-7.72,,,1556.662,
CYTK,10000.6,-785.0,-7.85,839.465,199.185,2100.046,
UPWK,1141.5,-89.9,-7.88,883.301,647.201,672.325,
RNR,13440.0,-1061.2,-7.9,,,35160.984,
WLY,2512.9,-200.3,-7.97,419.665,778.947,1743.576,
DAN,3000.0,-242.0,-8.07,3239.0,2068.0,4064.0,
LZ,1339.3,-108.7,-8.12,228.276,323.484,344.95,
MKSI,22420.0,-1841.0,-8.21,2545.0,2291.0,5917.0,
CXM,1350.4,-111.5,-8.26,745.295,519.896,573.387,
CRSR,1010.2,-85.2,-8.43,599.359,344.097,516.531,
PATH,6230.2,-525.6,-8.44,1918.362,831.666,1001.735,
ETSY,8140.1,-694.3,-8.53,2112.809,1250.553,3817.925,
PMT,857.3,-73.3,-8.55,,,20636.136,
PEB,2134.1,-184.9,-8.66,,,2772.643,
SMTC,12599.7,-1092.0,-8.67,648.701,273.717,,
TRIP,1698.9,-148.0,-8.71,1406.8,1126.2,2101.8,
MCY,5830.6,-512.7,-8.79,,,7282.755,
HR,7380.2,-654.5,-8.87,,,4651.153,
GIII,1490.4,-133.1,-8.93,1445.53,454.988,760.86,
OI,1439.5,-129.0,-8.96,2384.0,1894.0,,
VAC,3421.2,-308.0,-9.0,,,7644.0,
AOSL,1060.3,-97.0,-9.15,452.824,136.45,176.232,
ELAN,12960.0,-1231.0,-9.5,3584.0,1662.0,6722.0,
NLY,17160.3,-1643.2,-9.58,,,122211.78,
PTCT,6539.7,-626.6,-9.58,2254.003,923.604,3049.569,
LNC,7832.1,-752.0,-9.6,,,395949.0,
ADEA,3050.2,-295.9,-9.7,281.323,81.673,535.823,
HP,3339.5,-326.1,-9.76,1472.686,863.313,2251.396,
REZI,5374.1,-527.0,-9.81,3174.0,1531.0,5285.0,
BLFS,1419.9,-139.8,-9.85,133.222,18.253,28.676,
PCRX,997.1,-99.6,-9.99,514.961,108.787,554.641,
RCUS,3524.2,-353.0,-10.02,844.0,209.0,695.121,
NAVI,796.1,-80.0,-10.05,,,45625.0,
EQH,13370.0,-1380.0,-10.32,,,308132.0,
MTCH,9356.1,-978.8,-10.46,1422.188,906.593,,
CNX,4729.6,-498.6,-10.54,458.332,927.749,4504.603,
AAP,3150.0,-336.0,-10.67,7301.0,4107.0,9586.0,
ARR,2149.7,-229.9,-10.69,,,19117.58,
ECPG,1930.1,-206.5,-10.7,,,4415.753,
SMG,3960.0,-437.5,-11.05,1621.9,1275.6,3698.5,
PII,4200.0,-465.5,-11.08,2590.0,2133.9,4480.6,
VSAT,9619.9,-1068.9,-11.11,3124.007,1297.099,10497.334,
AMN,1250.2,-147.0,-11.76,1136.52,1044.19,1891.567,
MATW,833.9,-99.8,-11.97,479.594,293.168,1019.144,
ALGT,1989.7,-240.2,-12.07,1067.388,1178.608,3318.544,
CNK,3480.0,-422.8,-12.15,800.9,628.4,948.938,
NTCT,2996.2,-366.9,-12.25,867.882,470.149,705.257,
WWW,1487.3,-188.3,-12.66,672.1,438.3,,
TDS,3878.2,-500.0,-12.89,1520.079,443.675,,
AZTA,1230.0,-164.9,-13.41,726.985,257.192,349.212,
SPNT,2848.0,-386.8,-13.58,,,10179.6,
CC,2780.0,-386.0,-13.88,2928.0,1609.0,7051.0,
KN,3078.5,-430.1,-13.97,297.4,90.9,,
VFC,6760.1,-968.9,-14.33,4009.514,2181.172,7440.299,
CART,10870.0,-1622.0,-14.92,2091.0,885.0,941.0,
WLK,9870.0,-1508.0,-15.28,5952.0,2743.0,10656.0,
ILMN,28780.0,-4404.0,-15.3,2738.0,1566.0,,
TFX,5832.3,-905.6,-15.53,1859.67,728.049,3698.566,
SLG,3628.0,-564.6,-15.56,,,7397.218,
SDGR,1201.0,-187.1,-15.58,463.959,169.542,320.639,
PK,2940.0,-459.0,-15.61,,,4625.0,
PBI,2463.5,-385.6,-15.65,1129.35,1818.489,4040.88,
SIRI,10510.0,-1665.0,-15.84,1059.0,2412.0,15416.0,
RAL,7558.8,-1222.5,-16.17,929.5,579.0,2131.3,
ENR,1420.0,-231.5,-16.3,1499.5,732.0,4225.9,
JBGS,864.9,-143.5,-16.59,,,2701.079,
CZR,6140.0,-1019.0,-16.6,1800.0,2118.0,28067.0,
NGVT,2590.9,-430.3,-16.61,581.8,409.4,1611.3,
UAA,2920.1,-495.6,-16.97,2718.683,1676.786,3001.334,
UA,2856.1,-495.6,-17.35,2718.683,1676.786,3001.334,
COTY,2090.0,-367.9,-17.6,1935.5,2356.3,6727.2,
NWL,2192.5,-388.0,-17.7,2913.0,2795.0,8517.0,
KMPR,1599.6,-286.6,-17.92,,,9775.4,
ADNT,1560.0,-281.0,-18.01,4247.0,3870.0,,
AAL,10320.0,-1993.0,-19.31,13984.0,28406.0,,
UGI,7770.0,-1502.0,-19.33,2511.0,2507.0,10691.0,
DBD,2920.0,-581.4,-19.91,1800.1,1404.0,2803.7,
BLKB,1449.9,-299.5,-20.66,642.221,866.679,2074.744,
XNCR,1110.6,-232.6,-20.94,482.855,73.457,221.213,
TALO,2333.7,-494.3,-21.18,847.469,706.966,3397.901,
TNDM,1047.1,-222.6,-21.26,887.1,247.959,1020.991,
GO,958.0,-224.9,-23.48,489.253,381.857,2150.913,
NVST,4390.0,-1118.6,-25.48,1919.1,786.6,,
LYFT,6162.2,-1584.5,-25.71,2722.531,4665.897,5864.031,
RNG,3412.4,-879.2,-25.77,727.833,635.394,1831.502,
PTEN,3735.3,-968.0,-25.91,1322.272,720.251,2194.816,
CLF,5440.0,-1478.0,-27.17,6710.0,3323.0,14096.0,
MARA,4685.9,-1311.5,-27.99,611.108,331.466,765.221042,
CAG,6740.0,-1916.2,-28.43,2882.1,3188.0,10916.8,
BHF,3760.0,-1112.0,-29.57,,,231175.0,
CE,5180.0,-1542.0,-29.77,5969.0,4316.0,,
PENN,2826.8,-843.1,-29.83,1160.8,1416.4,12296.5,
NX,810.2,-250.8,-30.96,604.433,265.12,1265.817,
WKC,1895.0,-614.4,-32.42,4390.7,4200.8,5591.2,
CCOI,627.0,-204.1,-32.55,430.276,226.072,3160.728,
CAR,5520.0,-1821.0,-32.99,2179.0,2949.0,,
AVNS,1170.0,-392.1,-33.51,325.0,131.2,268.0,
LEG,1491.2,-511.5,-34.3,1747.0,748.7,,
IART,1460.1,-516.5,-35.37,1172.017,346.846,2535.32,
XRAY,2680.0,-950.0,-35.45,1845.0,1207.0,3910.0,
TWO,1270.0,-454.3,-35.77,7618.351,,8802.157,
ADAM,831.2,-298.6,-35.92,,,11332.524,
ACHC,2970.1,-1102.8,-37.13,837.198,489.356,3378.191,
PPLI,3142.6,-1170.2,-37.24,1550.621,419.782,,
DXC,1520.0,-568.0,-37.37,5362.0,3939.0,9681.0,
NE,6474.4,-2441.0,-37.7,1434.762,719.407,2890.058,
VIR,1620.8,-615.1,-37.95,522.985,73.558,212.82,
JBLU,2079.6,-795.0,-38.23,3368.0,4815.0,,
SRPT,1859.2,-713.4,-38.37,2309.876,499.164,1673.832,
VYX,1098.3,-428.0,-38.97,1174.0,1110.0,2788.0,
CALY,3530.0,-1447.7,-41.01,1625.3,713.6,,
BIO,8100.0,-3627.5,-44.78,2942.1,917.0,2938.7,
AHCO,1440.0,-678.9,-47.15,687.476,743.287,2909.526,
NEOG,2172.3,-1092.0,-50.27,590.0,150.6,1256.6,
SEDG,3319.5,-1806.4,-54.42,1816.681,897.271,,
FTRE,1690.0,-986.2,-58.36,881.5,929.1,2157.5,
GPOR,2749.9,-1625.1,-59.1,224.781,402.467,1267.726,
WHR,2500.0,-1519.0,-60.76,4969.0,5659.0,,
CPRI,1940.0,-1182.0,-60.93,1153.0,954.0,3150.0,
HE,2330.0,-1424.1,-61.12,1829.916,1367.891,7276.834,
BTU,2870.0,-1996.0,-69.55,1511.3,809.9,2169.9,
FOXF,755.7,-544.6,-72.06,764.349,255.869,1003.242,
ENOV,1470.0,-1184.4,-80.57,1239.681,608.665,2352.764,
FUN,1980.0,-1599.1,-80.76,830.78,1215.159,,
CNXC,1520.0,-1278.9,-84.14,3039.893,2579.378,7811.561,
MPT,2805.1,-2410.3,-85.92,,,10216.918,
GT,1940.0,-1721.0,-88.71,7646.0,7355.0,15295.0,
VAL,5330.0,-4855.5,-91.1,1204.9,777.7,2202.0,
RUN,3046.3,-2846.2,-93.43,1965.942,1358.953,17808.528,
PRGO,1404.4,-1425.4,-101.49,2712.4,997.6,5484.5,
PTON,2740.8,-2827.7,-103.17,1438.5,577.9,2259.3,
SABR,695.8,-928.5,-133.45,1133.806,1225.474,,
LUMN,6645.5,-10298.0,-154.96,4121.0,4171.0,,
QDEL,1243.1,-2052.0,-165.07,1377.0,962.4,3777.3,
FMC,1350.0,-2238.9,-165.84,4904.9,3813.3,,
HTZ,600.0,-2862.0,-477.04,,,24074.0,
BLD,,,,,,,no CIK
EGP,,,,,,1913.284,
KD,,,,5528.0,6307.0,11259.0,
TTEK,,,,1542.019,1228.731,,
VNT,,,,1266.7,1031.0,2865.8,
CPRX,,39.5,,940.39,132.398,134.913,
CWEN.A,,51.0,,,,,no CIK
INVA,,,,772.623,36.558,,
MBGL,,,,,,,
MFP,,,,,,,
NTST,,,,,,1298.407,
OII,,,,1516.91,729.247,,
SKT,,,,,,2136.492,
VGNT,,,,3146.0,2275.0,4766.0,
WEN,,,,652.262,356.158,4809.071,
